path,md5
test/aaaaaall_0_0.png,c4e6360fcb100e48fd434a6daad8caa4
test/aaaaaall_0_16.png,e693460858477363dfeccef1f59eecb5
test/aaaaaall_0_24.png,e6cd308ae8a5862198a2bfe44a836076
test/aaaaaall_0_32.png,0c97c8d3d406a3273eebe37054ccfe56
test/aaaaaall_0_39.png,8dfa0eaa772953baaf216daecfff0613
test/aaaaaall_0_47.png,ddff2822e303f4b0eb408a228d44bb21
test/aaaaaall_0_55.png,6674ca9ff6fad7231d0e7e6212610931
test/aaaaaall_0_63.png,5f74359fda3187e1b8c690def30abdb5
test/aaaaaall_0_71.png,4658882f94f3d624c702873ed9f4fe3d
test/aaaaaall_0_8.png,7c48860a258077df21da33770d5886cf
test/aaaaabdo_0_0.png,f2a4965cb52633d4b50a6a1f9d0fafc7
test/aaaaabdo_0_1.png,3cb51fb162abed99a837591d62dfbc78
test/aaaaabdo_0_13.png,eb2e5011236baed638c2659eecf3b63a
test/aaaaabdo_0_20.png,a136dfcf57250f0740b8b15925323e80
test/aaaaabdo_0_26.png,4ad6154721b10a755d264de017fe0117
test/aaaaabdo_0_3.png,4c4666c31421759cb7be6cb12cd5546a
test/aaaaabdo_0_33.png,145f3c02fd2489d14a72ae5310b6ef61
test/aaaaabdo_0_39.png,568c4d5ad35b890bce4d2fc5dfb3f3a4
test/aaaaabdo_0_4.png,ff71d3426a664d1f589e41ecb6b0e5fe
test/aaaaabdo_0_46.png,5e8f9339974a06f0584018425ec26c8a
test/aaaaabdo_0_47.png,f17350bcf30e3385f41766ced92bdc5d
test/aaaaabdo_0_48.png,4b83d8b159112ec70c3d072a6d7cc1fb
test/aaaaabdo_0_52.png,b5a07708a593b97de54136faaff1f3b6
test/aaaaabdo_0_58.png,5ff0d278cf6230ed3f49b6a7cb32eecf
test/aaaaabdo_0_59.png,dfb323fe9b3d5cc40edddecd610e5052
test/aaaaabdo_0_7.png,5cfb54e61949d000b0f28c2fa9ffd190
test/aaaaabnn_0_0.png,5ec08259d76dce0104432abb52850484
test/aaaaabnn_0_1.png,e5527ee8d865bcf7e9e36b18035400b6
test/aaaaabnn_0_10.png,c8d1338155de1877edcf6268e652e373
test/aaaaabnn_0_11.png,9be7014fab9d0207c64fa47618551ced
test/aaaaabnn_0_12.png,2d37259b6e791941734b30483eff4e4e
test/aaaaabnn_0_13.png,2ae59f015b5e331b6652b6ef694777eb
test/aaaaabnn_0_14.png,0c5dd8daffa98c7dba661fd600c9de34
test/aaaaabnn_0_15.png,2712c00a34aaed7440ebb37bcd8be128
test/aaaaabnn_0_16.png,073a996df6e00a350b11d6589a8c7691
test/aaaaabnn_0_2.png,5f3edf50d17cfa24a9869986ceeaa7c4
test/aaaaabnn_0_3.png,1dd870c868157ad0d1a45fb80b58c9c4
test/aaaaabnn_0_4.png,7a8128599f8d88701f26bbc9cbbe6536
test/aaaaabnn_0_5.png,f213c0dba7f3275d810f8c8a5c52677f
test/aaaaabnn_0_6.png,427b465943cb20f5324f2cc68d1b8018
test/aaaaabnn_0_7.png,a35cce5822e7851ef147ea0642ccf2ff
test/aaaaabnn_0_8.png,2fdc474f54ceb81d43b481fd784791c9
test/aaaaabnn_0_9.png,ad77b70c32c64a9063cb5c444a5ab288
test/aaaaabnn_1_0.png,914e0d5802f54c485063b28f33a7afa6
test/aaaaabnn_1_1.png,d11bd375be0174edc3bb8d5f1bac7a39
test/aaaaabnn_1_10.png,c2f6d8166f9f6b96ae16b54a90bd2b0c
test/aaaaabnn_1_11.png,69578ded0b521a3392102d4edaf0a7cf
test/aaaaabnn_1_12.png,b87f4922de6e33635de4756f70a71f83
test/aaaaabnn_1_2.png,2270f6592dcfe7113de55acb79e0dca7
test/aaaaabnn_1_3.png,5bfe94d87d6f8f73a47bb31e44e184d1
test/aaaaabnn_1_4.png,6d71d2627dfbe2c3f8aa8a86619bbb12
test/aaaaabnn_1_5.png,9ea19b4c84a74d9f121cf21bff8ecd98
test/aaaaabnn_1_6.png,060505699bc9ecc70862f53a78022548
test/aaaaabnn_1_7.png,ceae13f3b908148f9d61472e2212a4d7
test/aaaaabnn_1_8.png,d05f4945bf5bd9c7742e088dcfddaf2a
test/aaaaabnn_1_9.png,7c8d4d0b54999a434c35cfc2ef95cb97
test/aaaaabnn_2_0.png,091ca7caf3e0e34c0c5f92e4d274d41e
test/aaaaabnn_2_1.png,02383e70cfc8021dc167d3e5282d8e4d
test/aaaaabnn_2_10.png,74b21b61ac82d36e7f5aba8776f6f919
test/aaaaabnn_2_11.png,cf600ab380e13c1188b3330995ab485c
test/aaaaabnn_2_12.png,6dd5d45c43f66aedc225d94e6849e586
test/aaaaabnn_2_13.png,306c458e3ce8088e3e52e895bcbff557
test/aaaaabnn_2_14.png,a6aa075fe9193f3e73f1f3de8dd1f787
test/aaaaabnn_2_2.png,a42d7cda49b660d062f84b442278cf80
test/aaaaabnn_2_3.png,b0b3dafee552fcc4c181b1ee4e933d75
test/aaaaabnn_2_4.png,e0bbcee3a986bb06ce1c3a2ab6080aad
test/aaaaabnn_2_5.png,61f0bcf67702d2acf60fc95d84384a1a
test/aaaaabnn_2_6.png,471c2537e59e982daa8f0a8708a3b756
test/aaaaabnn_2_7.png,5fd557cff8d770361e42a702d26dffd7
test/aaaaabnn_2_8.png,30fd3b173e2eef55283590e645a260ad
test/aaaaabnn_2_9.png,d8cdc299f97a9185149a1aae9a2f0b47
test/aaaaacby_0_0.png,fd153bde7daae2d598520b693c39c695
test/aaaaacby_0_13.png,6b14e6cd3f7d3f2d3b1d659a623f45d5
test/aaaaacby_0_16.png,f9035bbfdecef933b877525457584f46
test/aaaaacby_0_20.png,eea9caf9bce9b88ebf0a47313536d90d
test/aaaaacby_0_26.png,894fb47ba468ad560dd916a44d60a5c5
test/aaaaacby_0_3.png,6a206ecf5afcab61bb998f8522e8a946
test/aaaaacby_0_33.png,3cc225fce0f33b66760dd36e3c828640
test/aaaaacby_0_39.png,c1e49c57e151204bdb0eb721d08b44a9
test/aaaaacby_0_4.png,52a7205d6a24b9595111d78412584f6b
test/aaaaacby_0_40.png,b3722a5b0eba3f13a7ecc0678e680f94
test/aaaaacby_0_46.png,f9fb3445a2729233a18984748fe6d5c6
test/aaaaacby_0_52.png,802de06f35b35875d2383012a955b640
test/aaaaacby_0_55.png,e8f62cde1fc751aee3d859c2ab3a02c5
test/aaaaacby_0_59.png,a67dcdf202c0ef15fec1d9fe74874d6d
test/aaaaacby_0_7.png,7d4c4b797e700ef70dc44b9d73219c87
test/aaaaadeu_0_0.png,0a3f50243e0aeef7d03848d11dbab81f
test/aaaaadeu_0_1.png,c81075185480e2cef2747fd151591e6a
test/aaaaadeu_0_10.png,38f0eb5d0b065664bd29a6102e771510
test/aaaaadeu_0_11.png,2425c74c544cb24a9cb86dc5202ea989
test/aaaaadeu_0_12.png,c75a18e3cb0494643dfb48e0137b417f
test/aaaaadeu_0_14.png,4e2b328e69d93a3de8f1091ed65b5bab
test/aaaaadeu_0_15.png,f7c7f6472be490fa2510b884642f6d6f
test/aaaaadeu_0_16.png,c0e4c38cd26f912cb62d50b85196faa1
test/aaaaadeu_0_22.png,68feb699645d8d22f0cdb3f9bb2dfe6e
test/aaaaadeu_0_29.png,7a6bf5d4d63d17ac13a1e975fd313035
test/aaaaadeu_0_3.png,53f24896bc101498a9bd8266aeab9b6e
test/aaaaadeu_0_30.png,e79bc43056f73ba2dfcae4f0b8aca27e
test/aaaaadeu_0_37.png,bfde70aae1e88e0d4c69e93c22b3dc87
test/aaaaadeu_0_39.png,a434b1f7541edd5edf863173140d3f01
test/aaaaadeu_0_4.png,31b5b530ab3a4455376d386ff754a2b0
test/aaaaadeu_0_40.png,a274888070d0ae9ff61e1b3a6466e905
test/aaaaadeu_0_41.png,f83f71b0dca0477c8eaea98bef7a1d66
test/aaaaadeu_0_45.png,3536b62d46010315af19fbe1591c9927
test/aaaaadeu_0_48.png,4a5e983dc351cbd84fbe1290362fdc76
test/aaaaadeu_0_49.png,e013eb3b45254c1505eb6f5096a382a2
test/aaaaadeu_0_5.png,e290b89a4e2e0fb804a1f38a97c41248
test/aaaaadeu_0_50.png,0a9551d69c8f2a04edbc19ae7502720c
test/aaaaadeu_0_51.png,26119c7fd3f4267d49b29d7c009e1018
test/aaaaadeu_0_52.png,d54bd5b35c41ab4c01506dd33525900d
test/aaaaadeu_0_53.png,8fe6f4b182ca3fb1439697ba758aa4d4
test/aaaaadeu_0_54.png,8824854c854a6189158e55d0e8f5fcbf
test/aaaaadeu_0_55.png,f9dca936b317a9fd01c2b3083902db4c
test/aaaaadeu_0_56.png,42bb20d2c59df1a8ee2eb8bbd8341463
test/aaaaadeu_0_59.png,986ec97b1742d5e7bbf19fec4b556551
test/aaaaadeu_0_6.png,615c5f6e4e38b0147c11519c01fe87ea
test/aaaaadeu_0_60.png,7dd08a4fa67b3927d28b552109ef3e45
test/aaaaadeu_0_67.png,388ba18373c797ab90fdc627a532dbaf
test/aaaaadeu_0_7.png,3bc04822b77c3634ffe69be018a90f6e
test/aaaaadeu_0_8.png,053b7c5be8c71081a251403b6c575722
test/aaaaaelb_0_0.png,b0f3fc4fa4b61fb7bb29bf5a26f1121f
test/aaaaaelb_0_10.png,a920e8247a9cdfcaa4966061cd55f4de
test/aaaaaelb_0_12.png,9266b7b6e8d434624f313dba9d69feb8
test/aaaaaelb_0_13.png,d64e2e5eec98324def45692061e8b4ef
test/aaaaaelb_0_14.png,69055b00a6202c9da1c05f2892b345c1
test/aaaaaelb_0_15.png,10effe2c79bf280fed456e78ba6dc696
test/aaaaaelb_0_16.png,f752f8845169c9a86ab9fd29ac548347
test/aaaaaelb_0_17.png,1c682dd2c367c36e58f813b89771d989
test/aaaaaelb_0_18.png,a8ecdd3481fff8e33ba75e50aea96ddb
test/aaaaaelb_0_19.png,deb6eb7300b9b95053d5b24ac9815584
test/aaaaaelb_0_2.png,a3f0d30ed9a3901d029dd712f6090b06
test/aaaaaelb_0_21.png,05138354dc5e8ca6a26fb0947f7ee7a6
test/aaaaaelb_0_22.png,09bc1f3f950151c41837a520edb73ace
test/aaaaaelb_0_23.png,a53a82e68eeab8d899057df971fad8ac
test/aaaaaelb_0_24.png,202b1509ccc5424090fa444aae30b282
test/aaaaaelb_0_25.png,3e17da2b75cfced3199f8d2f9c96c4dc
test/aaaaaelb_0_26.png,7231dd5825bc4abc8de32e3dae0a75ce
test/aaaaaelb_0_27.png,7c5a428c52ef6575aa0792d33e8f492a
test/aaaaaelb_0_28.png,c435fd2690ebbc137f11dc03954d37c0
test/aaaaaelb_0_29.png,c78b133f6eecd38a12da0bfcacb55525
test/aaaaaelb_0_3.png,1b0d231d5a03b57e2fc4e64705c70d5d
test/aaaaaelb_0_30.png,dc616980c3e3f3fc7f4c0cfdac64e22b
test/aaaaaelb_0_33.png,47f9a4fb38990f3634c8d1efd18c5889
test/aaaaaelb_0_34.png,029b0dd9a4b9955c558a9eec03f28509
test/aaaaaelb_0_35.png,e3f0f86bf646e01b8b69642c861093e0
test/aaaaaelb_0_36.png,6f98777ed882e00338a4ad450341b68f
test/aaaaaelb_0_37.png,039fa956150e16b94594c47a3af5c307
test/aaaaaelb_0_38.png,1b208816b899c5d398666a091459efb7
test/aaaaaelb_0_4.png,76d75f063ddaa21d6b67c220234daca8
test/aaaaaelb_0_5.png,c89697f0ff11539d51a15f4f5cd6d3b5
test/aaaaaelb_0_6.png,57cdfd9e71e5ff3968840101b67de1a2
test/aaaaaelb_0_7.png,ade19f9a6bd3322e160cf9b47d83dc2f
test/aaaaaelb_0_8.png,382c723e34ce994a0e1bb63c971bec1c
test/aaaaaelb_0_9.png,65b365f80f408c05bf2763c840491e85
test/aaaaaezn_0_0.png,943dafd5ee1bc19be2e0eb8ecf431f0f
test/aaaaaezn_0_1.png,747e7bf8b280d8d01678145a170494ff
test/aaaaaezn_0_11.png,f445da534cb15a778a9634a1949128a8
test/aaaaaezn_0_12.png,9b337a295a002b2a2089269886bfe0b5
test/aaaaaezn_0_13.png,c7e4c590c04e669a449780f55f1a4464
test/aaaaaezn_0_14.png,10f05008224638bf90f99ac6d4de4783
test/aaaaaezn_0_15.png,9882462424dbb87f2c532f9de0202385
test/aaaaaezn_0_2.png,3febff7203cd49b6803fa389aaa5dd5b
test/aaaaaezn_0_20.png,aa060b55b0a161af625e392e7ba3c95e
test/aaaaaezn_0_26.png,a289e4d2d5b0cd0b359ac3a43ff5f580
test/aaaaaezn_0_3.png,222bbaf8bec3913231fe5ab050d6e561
test/aaaaaezn_0_33.png,5c43c7af6b765d07be6f67d1a4ed2adf
test/aaaaaezn_0_35.png,6d4cf750b0a90ede01ffc79f86a487c7
test/aaaaaezn_0_36.png,0778e972393237c7c28f0786a57cc38a
test/aaaaaezn_0_39.png,580295f08ead06305ce38b1cb122a5e0
test/aaaaaezn_0_4.png,7b1f18bf7c76017e3cd0922594bb868d
test/aaaaaezn_0_46.png,2198af1041a31a612a931564fc0c3955
test/aaaaaezn_0_51.png,13cbc489a20b0dc74047935665dd4007
test/aaaaaezn_0_52.png,8889dc0bed408b9ea1586b6d416e357c
test/aaaaaezn_0_53.png,b9fc99188259fa9d1e4b3ad644ea3d6a
test/aaaaaezn_0_56.png,5e94111a488744b94264f9804d97bc29
test/aaaaaezn_0_58.png,55a6f615fca9aff1470fc78fe0b8dbab
test/aaaaaezn_0_59.png,d85419bb30eec31485e02280addbb780
test/aaaaaezn_0_7.png,31ca6f76de76bb9f5f747fd74933c83a
test/aaaaafhl_0_0.png,7e1ce3d760cb7884f51685d0c5065846
test/aaaaafhl_0_1.png,8b3b2284859d0a848e901a469cc3d7c0
test/aaaaafhl_0_10.png,a4558743b2632a278c11803e89fc8963
test/aaaaafhl_0_11.png,bc7fd45b6c6201e3172f3b4a2b20fc42
test/aaaaafhl_0_12.png,5e102a6c8dabcb88468ec1729d94341f
test/aaaaafhl_0_13.png,7bf29cd5c2bb67e1e095757a7501fdae
test/aaaaafhl_0_14.png,bff3467f521f7790c8ddd89e5ffa6576
test/aaaaafhl_0_15.png,1a32d8bb124534ced3a8df6df3fa0798
test/aaaaafhl_0_16.png,036c43f5e52de70b656539ec4dbd85b0
test/aaaaafhl_0_17.png,b71556a17a710d6b6c39cac7526fb091
test/aaaaafhl_0_18.png,97c28123576a9101b9883e9e8fdcf647
test/aaaaafhl_0_19.png,8345274f01621f0d663d4dd6c10a8088
test/aaaaafhl_0_2.png,92a60423daad40a6e7dd49456086b528
test/aaaaafhl_0_20.png,9df7a931be375a6854c7ce132833b31a
test/aaaaafhl_0_21.png,d560d24fa2ec60232f41d244f793237f
test/aaaaafhl_0_22.png,f63c351747fc29de27c2772da0ec7aeb
test/aaaaafhl_0_23.png,97a6a23860281913cb44a65e027d8a00
test/aaaaafhl_0_24.png,3df44fbe5cf3fb62f79cc7ce8ba7a813
test/aaaaafhl_0_25.png,0f880b2beb5689ee98f5a718064b89cc
test/aaaaafhl_0_26.png,6db5bcf760cb49474e5509f91676721d
test/aaaaafhl_0_27.png,70f4e851cf844c7acd707eb730cb1810
test/aaaaafhl_0_28.png,2c18cc5a2325fc7f14c09be2fcb09099
test/aaaaafhl_0_29.png,cf916076fb1ba257e85a25924c378ed8
test/aaaaafhl_0_3.png,407634380a0c3555810d9a654c89a629
test/aaaaafhl_0_30.png,79991a65437a2b676e62d071b79c6aa0
test/aaaaafhl_0_31.png,0f2cfa941cb5a6275c5a09f9a2e01925
test/aaaaafhl_0_32.png,66e84013f1b066663a59524acd3c07cd
test/aaaaafhl_0_33.png,80ece2ccfcc36d0eb4a3b17af30532e7
test/aaaaafhl_0_34.png,8e22841e7d2300ec5838c96027c57738
test/aaaaafhl_0_35.png,aa5deaf0c264b511f2b912737b78939e
test/aaaaafhl_0_36.png,ef85d325e8df5512d66627d6bd90ad79
test/aaaaafhl_0_37.png,1b56d26248bfb6a8f69fbdc11ee8a9cc
test/aaaaafhl_0_38.png,5a7c6554a5e64161a44dde72b5c64416
test/aaaaafhl_0_39.png,a6b4755a034bb85fcf324f9d56075f25
test/aaaaafhl_0_4.png,cc23dddb536d2ee4c82a4bf5cedd0dfa
test/aaaaafhl_0_40.png,ba0a0ad708103411f76b7bb5875e5704
test/aaaaafhl_0_41.png,3ddaab570de5861669489f09f3b51068
test/aaaaafhl_0_42.png,1b1e4e374eb550941a9cc6afac0c11ab
test/aaaaafhl_0_43.png,6fa0603c3d86957cc358691e063df713
test/aaaaafhl_0_44.png,aaddb2120623679acde55b2108ccfda5
test/aaaaafhl_0_45.png,f0ba15574acaaa8b17afd1101a232c3d
test/aaaaafhl_0_46.png,c6b03c58903f28b5ff90a3b4df9e3085
test/aaaaafhl_0_47.png,19fd6e9e2e8a066fd864255def34d956
test/aaaaafhl_0_48.png,8807c29edfe855a448a4d0ba30088a3b
test/aaaaafhl_0_49.png,e4052eb0e25296b33819482bbc82ead8
test/aaaaafhl_0_5.png,365adde0823bf0f6de8b5b01329717e2
test/aaaaafhl_0_50.png,8d5706e45e29248056cc3ede207c7326
test/aaaaafhl_0_51.png,32329e4674f14c5732b4f9c233c39a3e
test/aaaaafhl_0_52.png,63ef569f497c1ee451c2a824926eaff7
test/aaaaafhl_0_53.png,d4b02d9049612e330935a3f0d3a24745
test/aaaaafhl_0_54.png,b9fe0af50c1dd0a26db03e58e82d8a2f
test/aaaaafhl_0_55.png,f54295574f4e2df5d6acf7881e262b02
test/aaaaafhl_0_56.png,74b12bc707aa171f8766b13577b51947
test/aaaaafhl_0_57.png,4be1a2b362d73cacb936e17d16bf0ac7
test/aaaaafhl_0_58.png,62a90fdb1d53f501603d6f3b886a87fa
test/aaaaafhl_0_59.png,8954893f87e28444e4bddc057e5b510c
test/aaaaafhl_0_6.png,7b1a7f7bb23fba8602b1b57520aea683
test/aaaaafhl_0_60.png,89c37722e8712d326cb5827c0c36effd
test/aaaaafhl_0_61.png,1c1a8c0a88211efe5df205a53b419d32
test/aaaaafhl_0_62.png,111773241cf7278c3e5185f2ac2a7b61
test/aaaaafhl_0_63.png,0361a7bb1c4b3e16acda86998581417a
test/aaaaafhl_0_64.png,cd32dd02f9333bc439a4039f5a1bac7e
test/aaaaafhl_0_65.png,10a3b7d6c3b1994b449eb1af30f5b347
test/aaaaafhl_0_66.png,0b22577f2f56f9de8d2c2264868f6b03
test/aaaaafhl_0_7.png,2508f945302873640d56626f8f503410
test/aaaaafhl_0_8.png,8e1001a3c853c89909b874f1272f8c9e
test/aaaaafhl_0_9.png,297f6d4a77d8ef90fe035e30b3e832c3
test/aaaaagcs_0_0.png,6ee147a1491bc528aae16fa1faf135b3
test/aaaaagcs_0_1.png,bd6ecaee3c524cc87b1d81d6cac6cba8
test/aaaaagcs_0_10.png,377532208e069f82e07669d13eafa438
test/aaaaagcs_0_11.png,23a02911fa54f6ba8b2ab17e88469f49
test/aaaaagcs_0_12.png,7f190966323af72caac2e073f86d15f7
test/aaaaagcs_0_14.png,a82dec66a8912100958eaddb8bcb0aa3
test/aaaaagcs_0_17.png,bf9a528a6161c98d9639b3b8e93fde3e
test/aaaaagcs_0_18.png,9ee1df4ac7254185925964ec25289e65
test/aaaaagcs_0_19.png,aeb268e3b6c3ece48895efa2148158bf
test/aaaaagcs_0_2.png,ec37756c38778c53732fea3cc6d3b70f
test/aaaaagcs_0_20.png,19778a72fbb9e62557847633d7b64f58
test/aaaaagcs_0_21.png,de52a245e8120ee856fcb741900e957f
test/aaaaagcs_0_23.png,e355ffbe48b448d4e8a1a2a0fdd5f36b
test/aaaaagcs_0_24.png,b9f26e041715b0a7f6a2a7ae5bb4108b
test/aaaaagcs_0_25.png,d6debfffeda5027807a162189881f0e5
test/aaaaagcs_0_27.png,ed9b7d925201cbb26f631527c7c872d8
test/aaaaagcs_0_28.png,a59d248a91a1fa2180972229e84268ba
test/aaaaagcs_0_29.png,09d005f51daa819a03af0e3c1a32a927
test/aaaaagcs_0_3.png,abd422a205f735f7b49ae2ecd5773a90
test/aaaaagcs_0_30.png,82263ef6f6d0f517959d24d2d07c2bad
test/aaaaagcs_0_32.png,cff339d95f5eb72a191b90f42f2c4492
test/aaaaagcs_0_33.png,a98fc1027d176d56229068ee03e7d31e
test/aaaaagcs_0_34.png,96ae84e7f3fec074800ec1f97ec7fdb7
test/aaaaagcs_0_35.png,0c6811b04055c158f8e589ecda369a45
test/aaaaagcs_0_36.png,9b251c58de4d913daa65a1b44f9abb34
test/aaaaagcs_0_4.png,dc3b06085d19c4408f81a191c0a6dc12
test/aaaaagcs_0_40.png,80fabe8fe0f9cc82603982922255af1c
test/aaaaagcs_0_43.png,2aad537154817f341070d97cf68a23bc
test/aaaaagcs_0_44.png,666e235ca56d22e66f1ab8112d01af30
test/aaaaagcs_0_45.png,1d079b30e54836ee5a128df4b8178ba0
test/aaaaagcs_0_46.png,94703f3cb55918b2be4274ad42a12f58
test/aaaaagcs_0_47.png,42c1763e8267f1fd2a09f553167167eb
test/aaaaagcs_0_48.png,ebf799de2e9fbf80a33bd0a676c4a5c8
test/aaaaagcs_0_49.png,1eb4aeafe04107e328e365e40b001ac1
test/aaaaagcs_0_5.png,2c263487f83ef938d1d1d42abb50b393
test/aaaaagcs_0_50.png,d4c3e16d79e1e10524e6849317029d3e
test/aaaaagcs_0_51.png,b7776cf027761a1d5f7630230a85e18b
test/aaaaagcs_0_52.png,ab507009754f4f49366f619aadb7df28
test/aaaaagcs_0_53.png,b37ccba6ec996fcf01e37828e2d581b0
test/aaaaagcs_0_54.png,fb2dc55c69b435a46a2fc7d2917cde92
test/aaaaagcs_0_55.png,a975448bc0263fdb75d3d50d60ce0b0b
test/aaaaagcs_0_56.png,746f01654358d412db587c46128556a9
test/aaaaagcs_0_57.png,2bf13d1557b203685fa98c7ba739be58
test/aaaaagcs_0_58.png,911d6706e81929be031535d31c584db7
test/aaaaagcs_0_60.png,ba295b494d921fa96f1845cda1e4d833
test/aaaaagcs_0_61.png,a962f755fb6d82c4dc7d2252c8f60b73
test/aaaaagcs_0_62.png,969754fc71e8a4a0a1653d3098427600
test/aaaaagcs_0_64.png,e04002dff03a0a5683301cd3ad531a2c
test/aaaaagcs_0_7.png,2b3f502c2c3979575174e5bd5f83745f
test/aaaaahte_0_0.png,9ec4ff0304cb50d79546a86bfa6d1210
test/aaaaahte_0_1.png,616c2ee18a4bbfb2999937736b0ff657
test/aaaaahte_0_11.png,c54acae6f6d2ccda3630dd5aea9b60cb
test/aaaaahte_0_12.png,0fa008ef4498ae1cfdbe28637f690e77
test/aaaaahte_0_13.png,76d8889738e0eeec1acd588490f8089a
test/aaaaahte_0_14.png,49cf35437c2d32b05e1013878d5900f6
test/aaaaahte_0_16.png,5fd1b1e1aef24333711340a5ba0c19f1
test/aaaaahte_0_17.png,b3331a4301dc5b60c320eeb53859554a
test/aaaaahte_0_18.png,ae4e85d31bb3306ce135fc663a83fec3
test/aaaaahte_0_19.png,c2da3a3ab7444c7be8343f005ff4b91c
test/aaaaahte_0_2.png,7dba5eb3ad7835b8ef11eabf60e2cbdc
test/aaaaahte_0_20.png,965f919fb96567e2d5ce32f8bce3b0de
test/aaaaahte_0_23.png,50586e8dceaed3c2f04401d32af60775
test/aaaaahte_0_24.png,735bca70f55182ca3e1cfe4ac47cf445
test/aaaaahte_0_25.png,e004127d714f7328f288edf10582bb23
test/aaaaahte_0_26.png,609f176bd12909ffff9f94ce3517c53f
test/aaaaahte_0_27.png,71458560c87a239346a8909072539458
test/aaaaahte_0_28.png,d0ac23ac9a4b33d12423ccfe1529fe10
test/aaaaahte_0_29.png,f84c96e3bf7765889b203b716a0ca5c3
test/aaaaahte_0_3.png,d273b1186626f3465107696d560c0d4c
test/aaaaahte_0_30.png,390dc413066bcf3f8efa1ed23a1b1003
test/aaaaahte_0_31.png,8483f3254e115df381bc664fefb061e9
test/aaaaahte_0_32.png,078de54bdae867acb8459aeee99e0105
test/aaaaahte_0_33.png,a11a63db188b4c75de9b78e329dda5c1
test/aaaaahte_0_34.png,b595bd1e7c70ced4764d2fe2d3f2127a
test/aaaaahte_0_35.png,4133a45cd3001d02f8b4a23c59313d8c
test/aaaaahte_0_36.png,7871bf3741ca819814cb3592b161b826
test/aaaaahte_0_37.png,0d87f2c38bcdf29df31565eebc2803c9
test/aaaaahte_0_38.png,632c90486b8133a8e69107dc2e037b9a
test/aaaaahte_0_39.png,ec7ca5a03ec66745f5775f7fa8ee472e
test/aaaaahte_0_4.png,173fb822234ddad56a691a541f73ff47
test/aaaaahte_0_40.png,d2d1978d38718a6efdb11b203440aa88
test/aaaaahte_0_41.png,518f6bce2b0b654d16e2eacd92e823ab
test/aaaaahte_0_42.png,060715bea273f9056bcc96b81440d37a
test/aaaaahte_0_43.png,37a49e82a3961020b1cb09f5e8a640d9
test/aaaaahte_0_44.png,c000ee918ee9df888d3f3be93ba7db86
test/aaaaahte_0_45.png,8400caab2370560bce87a9fb4f763122
test/aaaaahte_0_46.png,6409efcdd0bbc9695864ff2cf0a9c2ec
test/aaaaahte_0_47.png,447b1dcdfd6e9cee9b5bf131ae884a19
test/aaaaahte_0_48.png,cd131465464092e7ce5cebd9df05b319
test/aaaaahte_0_49.png,5dce06a8fdc86f770ed82078d8e29b80
test/aaaaahte_0_5.png,b6129309d0f357608d28e9088325bde4
test/aaaaahte_0_50.png,c7dbdfdeea821afcbec5e86911f5e430
test/aaaaahte_0_51.png,af559d29e46ee39ad029d4ad5ab033f3
test/aaaaahte_0_52.png,8ced440137245fc34a518a921e211ab4
test/aaaaahte_0_53.png,649969689f2282f54948536d2a0b4bfc
test/aaaaahte_0_54.png,bba8512d95fbcc0788607cb30f7234fb
test/aaaaahte_0_55.png,0601e57eff7fcea975a7b972ef6a2a70
test/aaaaahte_0_56.png,efbd6988a14882f8501eb2ce0c0c7d9d
test/aaaaahte_0_57.png,091c0e80808641abf2d130caf493fd95
test/aaaaahte_0_58.png,d44f95bb4c6b669ed59406889bc0dd26
test/aaaaahte_0_59.png,89cadbce11546cf66f5be3929a5fc563
test/aaaaahte_0_6.png,36fe18aefd7ac15412e77e252f8de4b9
test/aaaaahte_0_7.png,79b19bcbdf35c765a3b4e02c9891398b
test/aaaaahte_1_0.png,f88035e30eb8d830daab93cac3edcdba
test/aaaaahte_1_1.png,bad9f63bd8d088438d6d4f3fb75e436c
test/aaaaahte_1_10.png,595ce6e428d378874cc1628cb9526e17
test/aaaaahte_1_11.png,70bafb05457a2f42f5eb15e1f9c90ec0
test/aaaaahte_1_12.png,650912360de7b65adf39636edf26c04b
test/aaaaahte_1_13.png,69495954d9e0585a662f24f078a938fb
test/aaaaahte_1_14.png,453edc89a0e5157e826ec113345c5154
test/aaaaahte_1_15.png,c6da48f398e26f42128668b3d3690afd
test/aaaaahte_1_16.png,894cfb839dd9394e2a742a1e86c22297
test/aaaaahte_1_17.png,a39e0d3fb89cb4698286a5ae0b2a465d
test/aaaaahte_1_18.png,cbbfc771ae070a58f32936a53c23ed57
test/aaaaahte_1_19.png,30d4af864888a3f92cfc639bb1d603f6
test/aaaaahte_1_2.png,0eb48616661f1bdb58f914933864aac5
test/aaaaahte_1_20.png,8e1deb432b4d2fa7775ccc427719d828
test/aaaaahte_1_21.png,95bc4fb31f607d4e14e61f0f26fe867e
test/aaaaahte_1_22.png,b058ea2ce3d4086307a3d798d8ffdf80
test/aaaaahte_1_23.png,4c032e8800e84f213a2d9f023c71db1d
test/aaaaahte_1_24.png,30a3a368ec61a107a1b24e773952b391
test/aaaaahte_1_25.png,4e1e3e2846376d3875cb16e6e042b8cf
test/aaaaahte_1_26.png,5bbdd9511fae8434c26c5299c5660c6b
test/aaaaahte_1_27.png,69f88c4aab6b3fe5a89354d579d47c7a
test/aaaaahte_1_28.png,8be7ce0b7c190cecaa62b1a4c7cfde18
test/aaaaahte_1_29.png,ed009469c17ced317057a7c0bf30415f
test/aaaaahte_1_3.png,3ed62d7894feea077e6c03c8030b0158
test/aaaaahte_1_30.png,ba38b524caaa6bf02eff270bb3e0fbbf
test/aaaaahte_1_31.png,978344a924e7ff09ddcaa2ad825d5c61
test/aaaaahte_1_32.png,f298df0bc41935d8cf169786f7d14d4b
test/aaaaahte_1_33.png,a5ee524455cf2ef3ecb4a2b4ef3b58b1
test/aaaaahte_1_34.png,1751c89d9c590ecb9684b3479e68e8b7
test/aaaaahte_1_35.png,3dd59697c69af7988cd6c34998931f47
test/aaaaahte_1_36.png,248d3b30f8f92c1aa432cb09357f71ff
test/aaaaahte_1_37.png,5e3119ceb94492f2de75bda2ee199806
test/aaaaahte_1_39.png,730eacfcf6c0051657048503a4bf31c0
test/aaaaahte_1_4.png,2a375a49d5e9d6ae85dbe52358eaffbd
test/aaaaahte_1_40.png,b0b85f68e9e14dcd93cd9742b3e17a3c
test/aaaaahte_1_44.png,675eaa8037de5d1f36dfaa2c152898d0
test/aaaaahte_1_45.png,9d0ad46ae662e5cb8c9661c55be55e0e
test/aaaaahte_1_46.png,92a18d5d13d637c7908723b7b22661fa
test/aaaaahte_1_47.png,af852da0f34f80f4c5a3d3958f746e7a
test/aaaaahte_1_48.png,28050df7afd3d0d3146bd4d16cdc944a
test/aaaaahte_1_49.png,99e1ef3a5d7189a83f0c031facff8e39
test/aaaaahte_1_5.png,56e50fc21e1edb2f4892301b352c391b
test/aaaaahte_1_50.png,fd172976dfbb08116e76bea695ed2e51
test/aaaaahte_1_51.png,c76a8b9c68a4a84787005d2b2aebff1c
test/aaaaahte_1_54.png,3d11133c5a4068a60003536e73430259
test/aaaaahte_1_55.png,a22b0f013135172d847b87a3a0aed489
test/aaaaahte_1_56.png,6cbecdbe69b763c679aec299e5efd082
test/aaaaahte_1_6.png,a91caa46d5ce10ca5c6a17440b4e4344
test/aaaaahte_1_62.png,1b92f76a927c0c56195295693e7063a0
test/aaaaahte_1_63.png,1fd273290fbf2c5330662107d67c4d83
test/aaaaahte_1_64.png,c27f32e0f6ed7dd14c220637b0237661
test/aaaaahte_1_66.png,96287bdd46076b755d57f30651d0dd1d
test/aaaaahte_1_69.png,e05e2ba995e64822956584582721a17d
test/aaaaahte_1_7.png,86b4c91d4b5308dd1e21ab04f89bc507
test/aaaaahte_1_70.png,c117c5c7867320c479eb621546ad6b83
test/aaaaahte_1_71.png,129aef3a2fbb40f7c774033de39e6808
test/aaaaahte_1_8.png,9bca1ddc291fbb15e41ff05664898a67
test/aaaaahte_1_9.png,b8459028134c5148c86feffec3b3f890
test/aaaaahuy_0_0.png,64437378011b08dffd5bc892d6285b45
test/aaaaahuy_0_1.png,85412b1c993e845d10462ecad1cc1dd3
test/aaaaahuy_0_10.png,7df9ab46f9cb9eb50a800fc37ff1ccd2
test/aaaaahuy_0_11.png,4d535d33f2fbfb7f5b53dfd472e1b777
test/aaaaahuy_0_12.png,f83d98e6bc34f577de9d9cef89ae88bb
test/aaaaahuy_0_13.png,532341714ace562810dbf79b746e3536
test/aaaaahuy_0_15.png,c48db5ff0e30590550cea35a2e3f9301
test/aaaaahuy_0_16.png,f8fb3674cee022aa0a5f95cbb4ddb9e9
test/aaaaahuy_0_18.png,d646bf34bbe26431b4e959af70b3a887
test/aaaaahuy_0_19.png,890a1ec4503840b38c33249fa16aa843
test/aaaaahuy_0_2.png,2fe6c3eb0c1fc809d00699114c59d5b9
test/aaaaahuy_0_20.png,4a0660e708bcf19911c81de731d6cf1b
test/aaaaahuy_0_21.png,d7836ea89924d8654a9f19a12d820fed
test/aaaaahuy_0_22.png,16f22de8d59aa588f3c9e16ef439d9f6
test/aaaaahuy_0_23.png,771efc039201a099a1850135c98a9c07
test/aaaaahuy_0_24.png,8de4083ea64f80aa1fbe693a27aaf28f
test/aaaaahuy_0_25.png,e8f098b07bedf592dd78272d76746c80
test/aaaaahuy_0_26.png,30dccbf886d1c8e06a04312baf27492f
test/aaaaahuy_0_27.png,c99e93b35cc9f0c2cc53ed511bc8ff33
test/aaaaahuy_0_28.png,fbbb7a684dd43561635a3f1e1e66688b
test/aaaaahuy_0_3.png,686eed4415e036aa4e22e1918c36939a
test/aaaaahuy_0_30.png,846897a1647511ffcf521d23387c5ea7
test/aaaaahuy_0_31.png,f6e26a3862ec1948bc6de58efa7dd042
test/aaaaahuy_0_32.png,8f0ef20d75e692102a1842177573b0d1
test/aaaaahuy_0_33.png,c9ba1cc401eac05835c9079906f9f675
test/aaaaahuy_0_34.png,4045610a14ddbf6df9a7fcbad279bba2
test/aaaaahuy_0_35.png,736b240ae2a48ec9545cbdbed3f2bf96
test/aaaaahuy_0_36.png,c0b1bbb197d9bbd0b42f9c83a6d751d5
test/aaaaahuy_0_38.png,726e4cfa4c8a4ff66622262ae2ad08ef
test/aaaaahuy_0_39.png,7b5296e982ccef9bad3ee312b70838d7
test/aaaaahuy_0_4.png,efef76a34f9164f74387f85766c97874
test/aaaaahuy_0_40.png,a452e0cd8c617b8df76e065efa71a5de
test/aaaaahuy_0_42.png,5d142bfa8f1c284ecccab657184642db
test/aaaaahuy_0_43.png,63aefe7bc8834cfe2bf329e8db2d89ae
test/aaaaahuy_0_44.png,b08df713d9d3542354f88c17a95ad290
test/aaaaahuy_0_45.png,13d0871eb8f2221d16b17b59bdc46ad4
test/aaaaahuy_0_46.png,bd87c1338049fe9567441ec63e1d5122
test/aaaaahuy_0_47.png,66921db07ed8fef1d1eb9c2f8e4e27a0
test/aaaaahuy_0_48.png,0d1f7572d2b81764afc629206022a51c
test/aaaaahuy_0_49.png,01e4a4fde66547b2068ad8a300805e90
test/aaaaahuy_0_50.png,7a2900be9a06f9ad4d7fae5b844e53d5
test/aaaaahuy_0_51.png,8ee62202e845e1ec2de68f7842718311
test/aaaaahuy_0_52.png,86cbfe89088a87931c3d1faf763cb2db
test/aaaaahuy_0_53.png,748ba91b9b22748463dee04f4de45ce5
test/aaaaahuy_0_54.png,14eb64183b9cb62f12a91c6c041d35c8
test/aaaaahuy_0_55.png,5aa126c2831d697750a7511f4d01a1fe
test/aaaaahuy_0_57.png,ffb7dd2b39c546c1b09c3acd4fff7ff5
test/aaaaahuy_0_59.png,67333507ea6f32243358ff8c2551e45f
test/aaaaahuy_0_6.png,297afe5fd388404eb2b64c0b2f4654dc
test/aaaaahuy_0_7.png,101bd6d280c6ac8d8f83b310d9fb0330
test/aaaaahuy_0_8.png,e7d0a47d728321127884f4956e9d07dc
test/aaaaahuy_0_9.png,4b173a3a6f6faacce6c43277484d1b88
test/aaaaahzm_0_0.png,488535ce09294ac215e533aa9bdb2e9e
test/aaaaahzm_0_13.png,2e91eb3d0ad32c3f9a52fac2c6b45464
test/aaaaahzm_0_20.png,b985283c218096a7b55fbb0ef3198a6d
test/aaaaahzm_0_27.png,ea7d18389b635a6d72d5fcca287191f6
test/aaaaahzm_0_33.png,339590948999a144e09b26a49ce2350b
test/aaaaahzm_0_40.png,183970fd42bdf27ffd6ab970267c9432
test/aaaaahzm_0_47.png,953c9ac40eb614c6449a8e55e5feaab8
test/aaaaahzm_0_53.png,1cfa99a7b94848e827456becfc8eba1e
test/aaaaahzm_0_60.png,5308270fe9d43d27fb0ccf911a6e40e9
test/aaaaahzm_0_7.png,ade883e002428b3bf38b2c4d9e585682
test/aaaaaiat_0_0.png,51aba804d6412711eadaf81ec097674a
test/aaaaaiat_0_1.png,bfb758347bf514dfc8dd3352a5bf67b6
test/aaaaaiat_0_10.png,55dc1c2d646fd491720485ab38d743a2
test/aaaaaiat_0_11.png,86ec42417e61f7dcd08f408edb098966
test/aaaaaiat_0_12.png,02c09a48851af580bcf9eabe6be19c66
test/aaaaaiat_0_13.png,2d785ca8e212b7eb8912e65c376409ff
test/aaaaaiat_0_14.png,87d12171d1e23fcd1caa48f875810f14
test/aaaaaiat_0_15.png,bbbecc2f2f669396b3b2bb1b9fb54e6d
test/aaaaaiat_0_16.png,0aed29c65705fda88c8b0171897be9a5
test/aaaaaiat_0_17.png,2007a4036687aeb0b032f0815bb15194
test/aaaaaiat_0_18.png,fbd8085acb118e991e697a70df657b19
test/aaaaaiat_0_19.png,0eabba56bc6c1a18677fc832fb6c6012
test/aaaaaiat_0_2.png,423b23e671675edd5d33971f95d5251d
test/aaaaaiat_0_20.png,739ef77937537f7c1e077256485b7dd9
test/aaaaaiat_0_21.png,2e7d7a26fd0f6270427baff3bebddb7c
test/aaaaaiat_0_22.png,e51a9f9b2e0618d125dd454670ec0acb
test/aaaaaiat_0_23.png,1579492f6251e6cc71737bc6fa7cf979
test/aaaaaiat_0_24.png,2a9c4a0656dad2ff8daa8ad5636208b0
test/aaaaaiat_0_25.png,11dae0459bfbf3f1233bd7bbef4251b5
test/aaaaaiat_0_26.png,01357dcf7e372f719f7993b7d353ddfe
test/aaaaaiat_0_27.png,cb76eab7b1e0637005dfcc8e1c8a09af
test/aaaaaiat_0_28.png,79138454ec4663529ec06ad79cae7a95
test/aaaaaiat_0_29.png,d3fed11f12bc6d8f55eaa3deba072d56
test/aaaaaiat_0_3.png,a4bb4098ef207bc7e14e355526945a5d
test/aaaaaiat_0_30.png,266f1b2eff5db5cc0f2a1fb40a7fdf3d
test/aaaaaiat_0_31.png,b4fa47c8d7e4627cd8899ef3ba26d7bc
test/aaaaaiat_0_32.png,6a1e61cb239c87904e581cfbd5ff62db
test/aaaaaiat_0_33.png,283395c6bc9da28c7ab0772ff4819257
test/aaaaaiat_0_34.png,4f4fcc5328850f4bb44e9d4b2cedf534
test/aaaaaiat_0_35.png,86618fb090a3d9b783e24a5b1f2ca65e
test/aaaaaiat_0_36.png,f7c9d0b2ca5e4c2f666a12b43bccc66b
test/aaaaaiat_0_37.png,e1258a7773ad192d6ef09456c3a1cd9e
test/aaaaaiat_0_38.png,d92730e1e0ff4e86c6111a2369daa1e9
test/aaaaaiat_0_39.png,e90b9c02939ebe9a85cf84ab807800a3
test/aaaaaiat_0_4.png,9effd3e9a66e5f038c69abdd8bf51970
test/aaaaaiat_0_40.png,9804a3f88639ea0ab32491d95b42806d
test/aaaaaiat_0_41.png,14ec5ddc8a3c7a28e9c59d34a18ddf96
test/aaaaaiat_0_42.png,4b8dc344752432281cd79d46845d799a
test/aaaaaiat_0_43.png,03bf1e2ff1cf96d210028a507f4d4907
test/aaaaaiat_0_44.png,39f208af47f19e3e72d2fff0adfe25d9
test/aaaaaiat_0_45.png,3d3c6e7d001ab5bd48cd95e2c5ad8eb0
test/aaaaaiat_0_46.png,9f85f187dd98d0f2093d9fb20895c2a5
test/aaaaaiat_0_47.png,acf681ab84c3c98db58e8b4405a1df8a
test/aaaaaiat_0_49.png,91efa51a0424df41399a37cd65091f22
test/aaaaaiat_0_5.png,68eda37d401aac7c329000edba1e179e
test/aaaaaiat_0_50.png,5fad786026c91f2441f4e6b1577a9b25
test/aaaaaiat_0_51.png,2f5fc4918745e2852df173b3a85daf43
test/aaaaaiat_0_52.png,a4272c465eeaa1a192599a41f3b7f974
test/aaaaaiat_0_53.png,478e9754795d5b6ab3d724993b1d6ab6
test/aaaaaiat_0_54.png,00569ad929a636ca33aa5c05914f8a92
test/aaaaaiat_0_55.png,cb78c1adf07c844c55b9eed2ea762c7f
test/aaaaaiat_0_56.png,6119d3afbe85f813aebfc605cb0488db
test/aaaaaiat_0_57.png,4476089886bf22c7d794c723be248c71
test/aaaaaiat_0_58.png,65974e9811538bc069d49c34b88dd0f9
test/aaaaaiat_0_59.png,d01e4913ae44ce247050eb9eeaab3193
test/aaaaaiat_0_6.png,a75cf6628b39bcf42368c1ab2f75ae78
test/aaaaaiat_0_60.png,002b0c56d05a94ae61bed66646fa5489
test/aaaaaiat_0_61.png,59ec59bffb58c44ab9e71cdf52aa8aa5
test/aaaaaiat_0_7.png,7ce92a8d8b7a0c9c41634c93559db614
test/aaaaaiat_0_8.png,922d31a797d5a70f75774e627bd73035
test/aaaaaiat_0_9.png,8f9f31fde9afcf10d07c31f97495c4c7
test/aaaaaibx_0_0.png,816928ec6fc48d7a9bc5c6bcabe2545c
test/aaaaaibx_0_1.png,6f45799ff17289f99e7928f4f19c9d8a
test/aaaaaibx_0_10.png,bbb258cdd8ecb5c3cf0c52206b1abd7a
test/aaaaaibx_0_11.png,72e7c6b769085cd5361939514bfa9f92
test/aaaaaibx_0_12.png,840072048fbe37230b5a1097327d3beb
test/aaaaaibx_0_13.png,69100085ad128260abe19c67c0d4aa77
test/aaaaaibx_0_14.png,470ed7d0c3478f25c054c850e54dafff
test/aaaaaibx_0_15.png,76caf2f14a62310d6f83c1d675c76840
test/aaaaaibx_0_16.png,b7838c22a41ec5c46d0c53c71ae639a8
test/aaaaaibx_0_17.png,a1985ada5f7775b39b8345a235693611
test/aaaaaibx_0_18.png,94fb25491e895a42b34d9f9a47a04d05
test/aaaaaibx_0_19.png,1e122668c94409b9bd466c29dd4b1df5
test/aaaaaibx_0_2.png,6c849f8282050faf3bee6fd457490e02
test/aaaaaibx_0_20.png,dbfcd97fe95939238a23d75d6dd136cb
test/aaaaaibx_0_21.png,9204e62cdff54e3bf2e6b3a4878d4703
test/aaaaaibx_0_22.png,a29b8bf3f0f46e5551c6b777a8005f84
test/aaaaaibx_0_23.png,2a06dd5a600eea6440cba9dea593485c
test/aaaaaibx_0_24.png,812b14df765a6edc02e8115b5b92a8bc
test/aaaaaibx_0_25.png,92af9abf18c6942ae3614ce210b1647f
test/aaaaaibx_0_26.png,7c2fc41c31a160d37e9017725a9c70f5
test/aaaaaibx_0_27.png,011d46b7b89bf3e78b8d2074f4fe2481
test/aaaaaibx_0_28.png,487e7853de608f17160dce75b060fcf7
test/aaaaaibx_0_29.png,a0992112e7efbac24935b917ab31bbcc
test/aaaaaibx_0_3.png,32db5ea42282c623a6f3f94292d1f884
test/aaaaaibx_0_30.png,83a266924a7f3f6c22f6db68d1e10be5
test/aaaaaibx_0_31.png,17e7140c9113a99513d23e34f338be70
test/aaaaaibx_0_32.png,3c3dd90cc1d65251aab4f584e3644a0b
test/aaaaaibx_0_33.png,9012d9199e75cc85fb14e0817134e381
test/aaaaaibx_0_34.png,aa5b1a719fe7d9fbfe0e68fa65589014
test/aaaaaibx_0_35.png,708fde120c52b76027994a0e11d23532
test/aaaaaibx_0_36.png,404fe537273596396f44ab954a4317d8
test/aaaaaibx_0_37.png,8ff4e8e05edfe575f9f7491891eddc4d
test/aaaaaibx_0_38.png,597039ebf610a2c8a54a0173552b916c
test/aaaaaibx_0_39.png,cb1273a94e8ea9078edb99308dbed24b
test/aaaaaibx_0_4.png,2cc21f7fc6282538978177125553433f
test/aaaaaibx_0_40.png,c2840f336e527baac3dd652246d47343
test/aaaaaibx_0_41.png,fe09cd29f08ed0b4370ff6844a336037
test/aaaaaibx_0_42.png,670cf572b7c928fe3077c2eed576733b
test/aaaaaibx_0_43.png,5bfd6ab86fbcbe7a82491e73d6e4864b
test/aaaaaibx_0_44.png,917f8a40c899505e32b6e8f4e9849695
test/aaaaaibx_0_45.png,822a9e01142d55692c897c55e948b52c
test/aaaaaibx_0_46.png,2197eb39e73a6dac254514d1647533cc
test/aaaaaibx_0_47.png,3602aff8c375785c971082c3827a887d
test/aaaaaibx_0_48.png,7c2fb9a6a4207e5ca2bef26c83bbcd89
test/aaaaaibx_0_49.png,91facaf33507d90bc45795316db001a8
test/aaaaaibx_0_5.png,805201c05a5007c13381e7ad84f31020
test/aaaaaibx_0_50.png,aa6de0e023b27a31e178fa9653de1d88
test/aaaaaibx_0_51.png,55ae122899cc822e41b08703c8dbe0bf
test/aaaaaibx_0_52.png,eb3d4f7d3dba89561311e9784d268b01
test/aaaaaibx_0_53.png,675cb8f91b860cbff85c579bcb0283f2
test/aaaaaibx_0_54.png,cace1b475e8354d59a9f20b8f34ab1ca
test/aaaaaibx_0_55.png,83febb133ee1d9c9f4f4128e3b10f26b
test/aaaaaibx_0_56.png,57506ef2696ec2fa80a1281d844c45a0
test/aaaaaibx_0_57.png,259f42fe4f53e6df27b04d79fbb02b46
test/aaaaaibx_0_58.png,3c3003b90505e60976fa31f131d9c0a6
test/aaaaaibx_0_59.png,e72d166a87fa3ad1c84b00e025ac9feb
test/aaaaaibx_0_6.png,9120a4a1e67e65f8fd1bab0f74fc169b
test/aaaaaibx_0_7.png,86f8cd9aa5fe7c2825c109f3853fa4de
test/aaaaaibx_0_8.png,3c4b8d46a194744e42b78db409f73e64
test/aaaaaibx_0_9.png,992385c660b1d4cce132093548eb7089
test/aaaaaicc_0_0.png,39bb10bdce25746747a08e8c7edc799c
test/aaaaaicc_0_1.png,2a4dbbbbff690d0bc2010d1c85dbaa6c
test/aaaaaicc_0_10.png,3ce040c9cf84f65c461ac2812641302f
test/aaaaaicc_0_100.png,23e647969ca73d8ab8a20995d059ec9f
test/aaaaaicc_0_101.png,cf3091804d90a01d86499d289198c801
test/aaaaaicc_0_102.png,3c71148e1ac1174801cd2652de4cfa05
test/aaaaaicc_0_103.png,ce78db866b22dddb726cdd2bc98900f8
test/aaaaaicc_0_104.png,852eaeb458a73d30a477aa6996a64975
test/aaaaaicc_0_105.png,1850d555d05e895f60ca63accae8aa84
test/aaaaaicc_0_106.png,70bfb94dfa6f89ca3e2480e0986dca36
test/aaaaaicc_0_107.png,239aac8b84d1b8d305adda023cf9d90a
test/aaaaaicc_0_108.png,de168ca6a7b03f3877149ed1e69e2936
test/aaaaaicc_0_109.png,3ab3572e932882f49a4a629d5a1d729e
test/aaaaaicc_0_11.png,4700c5343723f9bc4f28bc54c81ba621
test/aaaaaicc_0_110.png,5be70a741582f68f4c7d4e1a389b942a
test/aaaaaicc_0_111.png,0786ead31d08c8920a2847eed99e69f8
test/aaaaaicc_0_112.png,99704e52b28966722e19927fc96fc9aa
test/aaaaaicc_0_113.png,5d63cd821e1dc46a8fb44f3629d10454
test/aaaaaicc_0_114.png,1baa3f070a576d174cba3fbe85478734
test/aaaaaicc_0_115.png,1caa0d2b5a9c99b204325c8a76fe76a4
test/aaaaaicc_0_116.png,9d7001c3f8660b4a1d814cfcfee12532
test/aaaaaicc_0_117.png,1aec274643030ef87bc0c834679ff027
test/aaaaaicc_0_118.png,0593b1e29de264036ba67544755b8a01
test/aaaaaicc_0_119.png,b7cf63a755874f182c8149acfed4d5ce
test/aaaaaicc_0_12.png,74911fa04c2d74674b71f34be1c20daa
test/aaaaaicc_0_120.png,af3fc8a0378cf7ae886a8ce8c89fb085
test/aaaaaicc_0_121.png,2893bb6ef28a1f7cc6b7fc09f02b8ace
test/aaaaaicc_0_122.png,4c1de52b3617943ff23b86ba856baa0f
test/aaaaaicc_0_123.png,4188c22be4642ee53a44db727d62a881
test/aaaaaicc_0_124.png,c67e08c8829ca1772f042a7528e8f7be
test/aaaaaicc_0_13.png,1829ca77176769c2077c7440e256ab02
test/aaaaaicc_0_14.png,b16b945e90014728df1c22c1d37f2f60
test/aaaaaicc_0_15.png,b09e1efd1e333a950b32250f2d4fada4
test/aaaaaicc_0_16.png,d523c57706f7426a74f1c15dca275bb1
test/aaaaaicc_0_17.png,2466f1cb3da791be33edc5f801af0002
test/aaaaaicc_0_18.png,415a6ca5bb729b367b73737e24c239ab
test/aaaaaicc_0_19.png,6b14f6afa1485d2024273ec1f776cd96
test/aaaaaicc_0_2.png,b1bbfe54c353490195dbe45f82a0b21a
test/aaaaaicc_0_20.png,670c8042d2373b8b48e6a07ac52cd059
test/aaaaaicc_0_21.png,bef6d7c63d9c6908bbe6e484a4934a6d
test/aaaaaicc_0_22.png,c884c417ce1b6b7c237e4387654d718b
test/aaaaaicc_0_23.png,71b428cf004a1f18e25226278af3cf76
test/aaaaaicc_0_24.png,3cf12c229a330ad61d31d501ec761077
test/aaaaaicc_0_25.png,21b97b36c511749762d485f6ce3f32ef
test/aaaaaicc_0_26.png,5478ede374b539fd2b63445670a9b0fc
test/aaaaaicc_0_27.png,578bc22895126dce0ad5906da633d9ae
test/aaaaaicc_0_28.png,6b31ebc6d5f8bfca829ace9c10616989
test/aaaaaicc_0_29.png,07eadf45d94c4779b42bce9e761686cb
test/aaaaaicc_0_3.png,e555cbf458bc87a5b932f9d74b9ec36f
test/aaaaaicc_0_30.png,8ce3d1fcd84ed5241b10463c1577b6b0
test/aaaaaicc_0_31.png,7e61ba34b4af9960d19f376e7c96a0a8
test/aaaaaicc_0_32.png,8b4a590ee2e5441a880bf68ff9e30773
test/aaaaaicc_0_33.png,91ed4c55cc40c60f056cf8972bdc5273
test/aaaaaicc_0_34.png,2edae1e5c54a1f414a5f647a80f4de33
test/aaaaaicc_0_35.png,0797587720894efbac178b111ad36750
test/aaaaaicc_0_36.png,c3f0fe33f231a7537c71dfd8884cae21
test/aaaaaicc_0_37.png,d2e98d8117258e7541efcea2d1141c0d
test/aaaaaicc_0_38.png,630ac017178105d5a3c75ac1209b9276
test/aaaaaicc_0_39.png,4c8d7615069f1b44079311f2dd15229d
test/aaaaaicc_0_4.png,e642a8594cea2ee6d77bac84207160bb
test/aaaaaicc_0_40.png,ccfcd1969d4b151c1a5d5b94c5575264
test/aaaaaicc_0_41.png,29bdcefa10fa086118e76396d921e2c3
test/aaaaaicc_0_42.png,801ed3180d4bf8af081bde8de963f541
test/aaaaaicc_0_43.png,08b2c1f151159f96e35865157e9c1c33
test/aaaaaicc_0_44.png,088115fe3b03821307367b4e3f5bf777
test/aaaaaicc_0_45.png,e85450a5e9a7d6857a51975fecd6a762
test/aaaaaicc_0_46.png,e34f8b5838ea2aace603f835571c046b
test/aaaaaicc_0_47.png,a2cc5a1eb43f537305abde2c550326f9
test/aaaaaicc_0_48.png,186277dba7c251e2228fe170f73a9246
test/aaaaaicc_0_49.png,9c4b8082d9e3309add750f9bc4180730
test/aaaaaicc_0_5.png,999f24aaf483901b8fc02e0622e14c06
test/aaaaaicc_0_50.png,e56f3c63fcc3a8e694b67421608cf6f3
test/aaaaaicc_0_51.png,94b84e0774d159d9c7128cf5536574b1
test/aaaaaicc_0_52.png,43d031ba0351a825432db129dcd02412
test/aaaaaicc_0_53.png,9d6b906e97e333c0656379a8570071f6
test/aaaaaicc_0_54.png,51c45428e187f7af16aad3c94829aaf6
test/aaaaaicc_0_55.png,f0fce34314118be21aeb4016bfcbe34c
test/aaaaaicc_0_56.png,52ce0bbd35f839bf236801be1921ea1e
test/aaaaaicc_0_57.png,64918b2c1feb8a7994c541ee8d52beae
test/aaaaaicc_0_58.png,80aa4cefcbee92567b20b67f833963c4
test/aaaaaicc_0_59.png,2466b77dc3e165e06d4d37e43fbc98ab
test/aaaaaicc_0_6.png,518a459197546ac7d9a3b2342dcc0870
test/aaaaaicc_0_60.png,2b1dc91f9b4fecc8952ed6aaac7a8521
test/aaaaaicc_0_61.png,98fa8ecb7d4738b3f2959cf64cc34e7e
test/aaaaaicc_0_62.png,3de873b69dbb355312d0a9ba1d4910f2
test/aaaaaicc_0_63.png,ba54c1ee8f96df8db8cc06ff9c9a59f2
test/aaaaaicc_0_64.png,63bc52b91403b9da9a94412ac00bd350
test/aaaaaicc_0_65.png,7914a56417eae52f7c420ec507259814
test/aaaaaicc_0_66.png,de677b1ef33d6b65887b144ef44ad1f9
test/aaaaaicc_0_67.png,2bf81af53b4977711eb18a47feb84413
test/aaaaaicc_0_68.png,ed5a631eda15d2867d263340a91cb50f
test/aaaaaicc_0_69.png,27085deb55720e267293f8ea780d9a5f
test/aaaaaicc_0_7.png,b1f9d72f05e210b6f45fcea0c19c91c1
test/aaaaaicc_0_70.png,f95c86a58f4b894cdaec5695fad7b6b5
test/aaaaaicc_0_71.png,19ea8660549b4fc455a707b60a2c515e
test/aaaaaicc_0_72.png,1783b78b1df8280d67b8c71d961bfc20
test/aaaaaicc_0_73.png,40e653742f0d1416529a1eef0d45a874
test/aaaaaicc_0_74.png,49eaa4580424715979ce47a4eb8e3bf2
test/aaaaaicc_0_75.png,fab2711ff2a2c4e3a1b7cc7940c7b57a
test/aaaaaicc_0_76.png,f2247899f5ba6f22e24139ab6decf720
test/aaaaaicc_0_77.png,982d0fa0956a329bc8e3acccb19121b3
test/aaaaaicc_0_78.png,4ddc3600385d1b5e8016cb4ed33d35cf
test/aaaaaicc_0_79.png,b487cd8c27b9c2bdaf0b7bc3158f1b4b
test/aaaaaicc_0_8.png,3226dd4803dea95c22fad9b162b9ceea
test/aaaaaicc_0_80.png,af723b689f0c5e4643bd6b9680fb9d98
test/aaaaaicc_0_81.png,b41aa8aba0052258f4713dae613665d1
test/aaaaaicc_0_82.png,cc3f76be6e5d516fe097f7a1fcea7c4c
test/aaaaaicc_0_83.png,bb14c4d1699b999e20fb0ce58393d83e
test/aaaaaicc_0_84.png,d4782401d298118d7095d61bb1f498db
test/aaaaaicc_0_85.png,d9fc0fb26bd059bfbc1957e54e408ab2
test/aaaaaicc_0_86.png,616e1666095060b3cd6a870b6562ff03
test/aaaaaicc_0_87.png,9c70598699058d9b0877b15bfd41eb46
test/aaaaaicc_0_88.png,4e2836a41fcc436a83d1273edef99a02
test/aaaaaicc_0_89.png,799a5bcf3964905f6a6fe0e4f222df95
test/aaaaaicc_0_9.png,c429e9c2c1e604051facd0c0f571fb1b
test/aaaaaicc_0_90.png,153820cde52388e011674fbffc0e5f8c
test/aaaaaicc_0_91.png,85880741472aa249764d6976d0b3a064
test/aaaaaicc_0_92.png,fb5b3e0d55b6f32c76ad9f76452d1b42
test/aaaaaicc_0_93.png,30f97217dc05391661612c6ad76d2e1c
test/aaaaaicc_0_94.png,7edcae0688f7f4cb5d3a10549440a773
test/aaaaaicc_0_95.png,d53865a9ac1f8ed09910d6476639ef5e
test/aaaaaicc_0_96.png,107ebc4330385e2513d16bf2402410e7
test/aaaaaicc_0_97.png,d66766898be3550fd7e6caaa4b9bee7d
test/aaaaaicc_0_98.png,d87353aa851d8182c7b0fbaffe96baa8
test/aaaaaicc_0_99.png,e08a0f3efddfb4567b12aaf581b59abe
test/aaaaaimu_0_0.png,e23a3124aa17e6bee4726141dfd252ad
test/aaaaaimu_0_10.png,02799e90c5ebd486ed2026c17fe94d16
test/aaaaaimu_0_11.png,2870cd194040200e1a061907a97d37d2
test/aaaaaimu_0_12.png,3561b179ec620cda37513afc7c3eb3f1
test/aaaaaimu_0_13.png,c75de6b0787af6cf6181b3ff672feeae
test/aaaaaimu_0_14.png,636fb113190fd8927a54fd9048e85e5d
test/aaaaaimu_0_15.png,ccde6e429932e206fc3996b7e29e9d7e
test/aaaaaimu_0_16.png,f9df83c3022cdf490ff5d80ac297870b
test/aaaaaimu_0_17.png,aaed1b5ed503dae03796e9f473e96421
test/aaaaaimu_0_18.png,450036daa9f560e91ef3bc1ad653ebde
test/aaaaaimu_0_2.png,a65ea869e9f58b5991547b7d01cd7788
test/aaaaaimu_0_21.png,4aec2d4607a380b1a536625d64878897
test/aaaaaimu_0_22.png,4f874c0df5fa965d8d866ff8da396863
test/aaaaaimu_0_23.png,ff41d1f9aad7fc3ed5800209e5030f3f
test/aaaaaimu_0_24.png,064b38d49843fc046cfadb7de7290e95
test/aaaaaimu_0_28.png,b7de5dacb442bbc611ad32a7bfbfc4a2
test/aaaaaimu_0_29.png,4dbe62eacb656ff02bcd78a7171a2b8c
test/aaaaaimu_0_3.png,a0548a696967d75b54bb583dee89d407
test/aaaaaimu_0_30.png,5939c43a41046894dbc774497870d7be
test/aaaaaimu_0_31.png,b0d70754611188411bbc5a91cfcda84f
test/aaaaaimu_0_32.png,7fa18f75e98287681e042dea466e0f80
test/aaaaaimu_0_33.png,d945e604bb8296e5008cb369829d426d
test/aaaaaimu_0_34.png,f4b0f651414c5d185443a5a255b1c7cc
test/aaaaaimu_0_35.png,b8552b98c2df7d38220b5a182d343585
test/aaaaaimu_0_36.png,cdb9ac0ddff689e19503b21d7c8bc7a2
test/aaaaaimu_0_37.png,c1c3c63388b50a61fd7d40cc0760e7cf
test/aaaaaimu_0_38.png,fbd5c4510ae2906df4560cb24c6afff8
test/aaaaaimu_0_39.png,fcedce588ef771489d5e4901aac3697f
test/aaaaaimu_0_4.png,97340849f673cee834196140f0c5d851
test/aaaaaimu_0_40.png,e564678ba1f91b9e1fd08b463f81f8d9
test/aaaaaimu_0_41.png,1906bb08db59717010c617c42cd3caa1
test/aaaaaimu_0_42.png,aaef964702b5510a00b9687b7ddf98a9
test/aaaaaimu_0_43.png,39a66fb3c7618f16733c6f25fc3d1b99
test/aaaaaimu_0_44.png,d76882f51d93f849109c7a48840d5224
test/aaaaaimu_0_45.png,1a7d8bbffb36192a40487f3599e353f8
test/aaaaaimu_0_46.png,f0ee8b32cfd5ff47aebf98205a296faa
test/aaaaaimu_0_47.png,172c9218d61de57af914a525e3270d48
test/aaaaaimu_0_48.png,155b4f18a0db660c1d6068a442d6a8c2
test/aaaaaimu_0_49.png,8a58062b392be8a23553770b12c828ee
test/aaaaaimu_0_5.png,828fe4ed5004c559ab34d45b813f4c98
test/aaaaaimu_0_50.png,0b79e5f6fba481f3fd1141edff9fe685
test/aaaaaimu_0_51.png,b71788d3b6e8fa11645a8eee99cf220a
test/aaaaaimu_0_52.png,0b513411320ecfb588d854b119248b58
test/aaaaaimu_0_53.png,bf84ec8a308fa5c3b0e3afb858a14879
test/aaaaaimu_0_55.png,7eb4aaf79eaee71e05a5e25f0cc72b17
test/aaaaaimu_0_56.png,42672b6038def7dd3e3a8c702a6ed329
test/aaaaaimu_0_57.png,79bfae87c84cefb94084b168008eb443
test/aaaaaimu_0_6.png,9eb6f41149475bc1ab58723ecc477ec2
test/aaaaaimu_0_60.png,c0df89e254917e364b3eac8ae3a3708d
test/aaaaaimu_0_63.png,04e0584788cc04940156cec4e5ee6bf6
test/aaaaaimu_0_7.png,f0cf66ba8cfee078d28cd7c2dd4208b1
test/aaaaaimu_0_8.png,9232605723f771a7ca3f317559f04c90
test/aaaaaimu_0_9.png,9e9169ed39e8e35fd4227720b35db461
test/aaaaaimu_1_0.png,223720027158d87902046f4b8eaf155d
test/aaaaaimu_1_1.png,9e0d83113ca570d2002e65bcb22f2fcc
test/aaaaaimu_1_10.png,253a87f9bd07b338ec304d4aeb0a37d9
test/aaaaaimu_1_11.png,cc69ea3df8737327b12ee6746898296e
test/aaaaaimu_1_12.png,423c592a51beb75413148b9703f2053e
test/aaaaaimu_1_14.png,0cbbd02e7352defbe0d96989cb107c69
test/aaaaaimu_1_2.png,bc6fa4a4b520ac68f27775db836394cb
test/aaaaaimu_1_3.png,f5e2ff57c29a0af99a1526daf32fe087
test/aaaaaimu_1_4.png,d3fc31b0761bd21ee6e211e865062952
test/aaaaaimu_1_5.png,01996941c8c09ef6f37a2c5e9541caa1
test/aaaaaimu_1_6.png,0f7af77bc1e29d1cbf9140fc50c005ae
test/aaaaaimu_1_7.png,ba7c223893192d71424e0c2a9d5acfd6
test/aaaaaimu_1_8.png,8fa27379f768dd7b9bb064041b31cf9a
test/aaaaaimu_1_9.png,d3f4f081c67b017421d0ded82759b265
test/aaaaaimu_2_0.png,f66e8c35bf71f4e50eea3c962a6bba2c
test/aaaaaimu_2_1.png,2eae1865791bb0e0614d386f32d175dc
test/aaaaaimu_2_11.png,18eff3543567ae2edaa441a69cb7cc11
test/aaaaaimu_2_12.png,0ba4d2ddfe99e5b37b25843f10d177a1
test/aaaaaimu_2_13.png,d998ba4662f2e9565035efe715ad4a2c
test/aaaaaimu_2_14.png,da8ebe7b60fb346274ea7ba245bc133a
test/aaaaaimu_2_15.png,3465087851ddeb789d2f69fb3f2f76ee
test/aaaaaimu_2_16.png,a9d2ce11a8aa366a9bff5da8be25e411
test/aaaaaimu_2_17.png,188e1f759dbcde96cd54c1ad8b009de5
test/aaaaaimu_2_2.png,d3189cc054039974cc8cb90071e2e366
test/aaaaaimu_2_4.png,9799fcfbf66cba202c6ce6190eff8c3b
test/aaaaaimu_2_5.png,05e68d3a94c8d6ee8678efab70cadaeb
test/aaaaaimu_2_6.png,09ed2fe9122f825d588f389f2ee1ae55
test/aaaaaimu_2_7.png,ff77280ba0a5d1740b3b44d424abc6d4
test/aaaaaimu_2_8.png,f168265a7b9e09afae99100c0a1ed492
test/aaaaaimu_2_9.png,2657f6f92e9296318b35fbf23ec25bfd
test/aaaaaiyu_0_0.png,4cdc73a274db68aecc9bb3fe44d3fb69
test/aaaaaiyu_0_1.png,1a37d32f918801471f12303f4b760f29
test/aaaaaiyu_0_12.png,0f3fab3f2d1036464d7f07d87ae8c457
test/aaaaaiyu_0_14.png,b715126d0f0bfacbfde43c9a050b2f30
test/aaaaaiyu_0_15.png,689b18c30ca0494eba679651731b711e
test/aaaaaiyu_0_16.png,b4a8e9f45bfde555091149763c6f088a
test/aaaaaiyu_0_17.png,12daa42e33e381681757020475db8233
test/aaaaaiyu_0_19.png,6be2f9943008ae3f86b091e8a40dc38c
test/aaaaaiyu_0_20.png,7c666c433a0ccf7c09006566a788ecf8
test/aaaaaiyu_0_23.png,0412b74fee17cca2d9dda4eb59daef25
test/aaaaaiyu_0_25.png,c5eea4550da38e211378603fff6c305c
test/aaaaaiyu_0_30.png,147dbee97171e2cf92854170d4a61860
test/aaaaaiyu_0_31.png,1f6f6a2c1592e1b5042383e69c2bbb8f
test/aaaaaiyu_0_32.png,2b5a3d926d5ac77df98b91275efec3c9
test/aaaaaiyu_0_33.png,bda70813cfac584ffa5c99f5e93cfdd3
test/aaaaaiyu_0_35.png,6969f00513120b389e528b2e6052b30d
test/aaaaaiyu_0_36.png,17237c758375b56ed9012de3a4285e9b
test/aaaaaiyu_0_38.png,2962298e4d348bc4551894efab835f78
test/aaaaaiyu_0_42.png,fe39d81c133eca8a97ac09725230586b
test/aaaaaiyu_0_43.png,a4639f2b8e427a9bb62addddb223e0cf
test/aaaaaiyu_0_46.png,08c1d6dcd8651de27a62c1fd93c4fb05
test/aaaaaiyu_0_47.png,8fc0187383bc63844b1b921b2fc3bd03
test/aaaaaiyu_0_48.png,13018069a21da37f98947ee01cce007f
test/aaaaaiyu_0_52.png,cbd20d21d624ef778e76a866c3635055
test/aaaaaiyu_0_54.png,89df79e9b3a3134980f7a7f1954cbaf2
test/aaaaaiyu_0_57.png,de85b70b3f6c0d1ad7e0de478aa7a82a
test/aaaaaiyu_0_58.png,c8f80989fc74d6b815bda3a87e9001b7
test/aaaaaiyu_0_59.png,de21ebcbaf7259214da65073b4087d93
test/aaaaaiyu_0_61.png,0d5d2f22c1dbf651c9dd8df1979f1c86
test/aaaaaiyu_0_62.png,523797fcc7ba7ca9674257cb9464cc38
test/aaaaaiyu_0_66.png,e2d301e4e560c22bf950119b980da132
test/aaaaaiyu_0_69.png,5ed437e61f0e3a46b3190ec37d1e6580
test/aaaaaiyu_0_7.png,f486f2a56cd3d4ca42e622f73f81a7d3
test/aaaaaiyu_0_8.png,91c85b16219b9f4d4e1c65ae53608775
test/aaaaajoa_0_0.png,1eae657c164294d2ed9a1eda6ac7db2b
test/aaaaajoa_0_1.png,34d816135af9b655fb125e39244c4c29
test/aaaaajoa_0_10.png,e630e2b11d5d54a978a40c9bc071846c
test/aaaaajoa_0_11.png,2ecddb23fd379d634ebdc5a0727a5990
test/aaaaajoa_0_12.png,547738bed9617fc336c36be1f806e6d8
test/aaaaajoa_0_13.png,c3b772f485d76669c508fd73a854993a
test/aaaaajoa_0_14.png,edd9e90df3c32a61afc8c7cb5aec08c1
test/aaaaajoa_0_15.png,2682a99f4ebd2ebb1c1f0fadc1784e66
test/aaaaajoa_0_16.png,ba13cb40649829f672cbc03b71f09a9d
test/aaaaajoa_0_17.png,673a2e41ff97e6e3765f002e9ab65cb9
test/aaaaajoa_0_18.png,69f4fd135b2e84ab450f06fe761a9d8d
test/aaaaajoa_0_19.png,7aea24d8a77d12e2921ceabfd674c263
test/aaaaajoa_0_2.png,53114f8bd03185a33790a19c1d3dadbe
test/aaaaajoa_0_20.png,35c3e72368d570b26dca61786c5eba6a
test/aaaaajoa_0_21.png,e78cbddbebfa129ab03f0ed9440d49d6
test/aaaaajoa_0_22.png,376a803f863eb9b43edc12814cbd8d78
test/aaaaajoa_0_23.png,07db20572dcf20f4e78f5615b6512022
test/aaaaajoa_0_24.png,6c5d40d4327da484ede9291bf94db5dc
test/aaaaajoa_0_25.png,4acc37615048e6d1651172e4db9e90be
test/aaaaajoa_0_26.png,1960eaba36dd63d30fb314a4e78fa21d
test/aaaaajoa_0_27.png,81ad8e59f12f181be26db44c1472c9c1
test/aaaaajoa_0_28.png,ce758ff0cedb0fb405188896462975e9
test/aaaaajoa_0_29.png,3c95f5c68a01d711a8abccd749c8ae21
test/aaaaajoa_0_3.png,68a3f90aa8e9e82c45e2c4d26d73fa48
test/aaaaajoa_0_30.png,9b759c12a357a6c81373a7b2db629fd5
test/aaaaajoa_0_31.png,fbd47e807b415a4933b643a489a21e7e
test/aaaaajoa_0_32.png,2e1ac2647e4e13c5cf207c126aa89173
test/aaaaajoa_0_33.png,0b2f115153edbe526f6a95a5bc3255c2
test/aaaaajoa_0_34.png,883ea6155cfcaea175d35b4b9733f925
test/aaaaajoa_0_35.png,08de9e87c85822bf430f4b1b6c25cffc
test/aaaaajoa_0_36.png,2bd91f641d2fa53bc50cc5f758177501
test/aaaaajoa_0_37.png,dc0c9074e55c354b72743eecc597203c
test/aaaaajoa_0_38.png,58391c9f637028de8a1524b382549f59
test/aaaaajoa_0_39.png,3353f2598a7f555dd14f06d9d4b7250c
test/aaaaajoa_0_4.png,688a125107b8b96a0d9109fe5f85b21d
test/aaaaajoa_0_40.png,9b21a7a2b71774badd5d6dd57cf5b72d
test/aaaaajoa_0_41.png,c229f4d456b5679f389f922134bb4504
test/aaaaajoa_0_42.png,5033777bc66a31a4d104bc6f3fa76190
test/aaaaajoa_0_43.png,ccbf48ebdfbcd88d598a3e83b92358c8
test/aaaaajoa_0_44.png,f2d2fa4a7ba7b3d945e3dba2ee23ab52
test/aaaaajoa_0_45.png,30308d6642e5ff05fe54663ee8f7ea3e
test/aaaaajoa_0_46.png,bda5aa91677b43c76adaeb9929441017
test/aaaaajoa_0_47.png,9dc8dc65caca47c7a8818e6cbac3d243
test/aaaaajoa_0_48.png,c3c271e1dc1fc9d388e62c93452b4ec2
test/aaaaajoa_0_49.png,f0000098ae2a8987034b3b697e6c253e
test/aaaaajoa_0_5.png,553b9d1203a2ec76d97036df5b61278e
test/aaaaajoa_0_50.png,faeb459e422752151f28557ad606623f
test/aaaaajoa_0_51.png,8a783732184d1ca8a1f1ddbb2aebfcb8
test/aaaaajoa_0_52.png,3c8aebae59898e6f0501fa421f290dab
test/aaaaajoa_0_53.png,a39a3852de7de628f7546e529e5bebec
test/aaaaajoa_0_54.png,bddca9d47dfed92d0827327327f38005
test/aaaaajoa_0_55.png,08f326b7d2df5866427686a4263af11d
test/aaaaajoa_0_56.png,642045ddb24825aecd16ccc079348cee
test/aaaaajoa_0_57.png,6af4b4ff19b0efcf3991317f5e0c0eac
test/aaaaajoa_0_58.png,5345b89982a8178c70ac3f2467244118
test/aaaaajoa_0_6.png,982c4a4093a53bf7b6df63e89948646b
test/aaaaajoa_0_7.png,bf39c85cfed2411ebf2701a368d3be1c
test/aaaaajoa_0_8.png,e5043a682125316bd8d7d67157bf2c05
test/aaaaajoa_0_9.png,068aafb26cd9327fb753baeb613d9616
test/aaaaajoe_0_0.png,a0df0e2013bd91eccc9bb1a33f345456
test/aaaaajoe_0_10.png,658a040475a9f774269c04e8af2b7b46
test/aaaaajoe_0_11.png,90b9597e5a0e4f2c7b3101ead5cfaccf
test/aaaaajoe_0_12.png,621af6e63f9667f71b1114494d2ad8b5
test/aaaaajoe_0_13.png,1a3a7cd5d55e4906dd00bb5da07fb8f7
test/aaaaajoe_0_14.png,16a00c862601f0cd503e5a9bd5b1a9b4
test/aaaaajoe_0_15.png,b18d64264dfe2ab8be8c515d93b2380e
test/aaaaajoe_0_16.png,605a99eafaa06eb2110dad0a4bbd45f4
test/aaaaajoe_0_17.png,238240dd0fed6ae70626c2acf9761079
test/aaaaajoe_0_18.png,399e913c9249a4a22d16d64acf82b1ba
test/aaaaajoe_0_19.png,26b3a35f410ee72ad23188b7e2b6241b
test/aaaaajoe_0_2.png,c3b9f90e6b9d4bbace1abd973981d4e8
test/aaaaajoe_0_20.png,c66cacd436fc2d18bce52565e680ad37
test/aaaaajoe_0_21.png,49a48adf32184bdbcd398f6dc3c84a3a
test/aaaaajoe_0_22.png,21c186358ab9cc081ce17ffc3109d62a
test/aaaaajoe_0_23.png,208c511bbc3abe14008dbc3ca039b16d
test/aaaaajoe_0_24.png,64d73f949c2b595ff7f3d5ffe6b2a855
test/aaaaajoe_0_25.png,f1415e58eb993c171cc7f02c22a434c1
test/aaaaajoe_0_26.png,1ca205ad780b721249487ecd33a0049d
test/aaaaajoe_0_28.png,1be67815fa7349070353d9662ca7b85b
test/aaaaajoe_0_3.png,8567c5162a87587206e5afee27b0965b
test/aaaaajoe_0_30.png,4e03582d6e8e43b9e215951897574eaa
test/aaaaajoe_0_31.png,7fa716b848651708542010beee020d35
test/aaaaajoe_0_32.png,8efc0f798f38b09be39480d748a058c3
test/aaaaajoe_0_33.png,78935e593a0e1b65a5b7547e60fd29b8
test/aaaaajoe_0_34.png,d118cfcc644737e718801f438fd5adc7
test/aaaaajoe_0_35.png,e2be0e2378289fa3006800f75e580b74
test/aaaaajoe_0_36.png,a12cc423dc581e6e5def5918923dc325
test/aaaaajoe_0_37.png,c2d740f5dd7b2aa94db3933d4490ac9b
test/aaaaajoe_0_38.png,0ef09cf4247cec3217705f8706a233dc
test/aaaaajoe_0_4.png,bfa33071d8d34a86734eb81be83ef70b
test/aaaaajoe_0_40.png,e8f6ab1904dcc9136308068af80b2103
test/aaaaajoe_0_41.png,27bafc68be65bed697cf62019bef58c3
test/aaaaajoe_0_43.png,c0998534cfdf361b119af6977c97800e
test/aaaaajoe_0_44.png,32ba324f7da86d0de2251d0a7634e54b
test/aaaaajoe_0_45.png,3769c7d2df7926487246d192e7aa507b
test/aaaaajoe_0_48.png,4279e8d468572f54599c1ecc9f17d2be
test/aaaaajoe_0_5.png,85db2977bb64d939de977e0fe50e81aa
test/aaaaajoe_0_51.png,7321117f973a7f9bb971bc9f18bcfbb3
test/aaaaajoe_0_52.png,807d720d75220d3aea181563d54cdd51
test/aaaaajoe_0_57.png,419bffe8b52e8a73d107a7e74de7e787
test/aaaaajoe_0_6.png,c67d070b2b1614c533b0b8fb6445b2dc
test/aaaaajoe_0_7.png,3ea791b60e5de26a0c508d1f8ab26d3e
test/aaaaajoe_0_8.png,7e577046246c08e6eb9993d7dd1e5c5f
test/aaaaajoe_0_9.png,162a226527e2bc336ecb843d0ca35248
test/aaaaajqo_0_0.png,c0f94c70200cafd437ccb158ca0de307
test/aaaaajqo_0_1.png,9af39ccccd46189fba42619f0b40fbfc
test/aaaaajqo_0_10.png,803fefed68a6c8d4d7774607beacc48c
test/aaaaajqo_0_11.png,c1e0e370111572c03faac41a0c2665ba
test/aaaaajqo_0_12.png,7ed1d5785226f310252e100b7c580802
test/aaaaajqo_0_13.png,efabded6edb7f930e2598637f4937af6
test/aaaaajqo_0_14.png,74c2a7bc5cf9e0d0f89a5aa1be05b292
test/aaaaajqo_0_15.png,6d89076ccfaea846e946f0853919f334
test/aaaaajqo_0_16.png,0d112106886896bccad652d0487063ed
test/aaaaajqo_0_17.png,868c9a84f1c9b3e7af0ef5e0adc897fc
test/aaaaajqo_0_18.png,5f78cbab407f3f2e5c510d3efb86e966
test/aaaaajqo_0_19.png,09d3a7c64a1cd4efff153a7525715d02
test/aaaaajqo_0_2.png,f4b0bd7bce709cda52040d7d6d104003
test/aaaaajqo_0_20.png,286d66b93104cf5c26457492c48d2ff4
test/aaaaajqo_0_21.png,2f0aacfb9bfd97f27723fb6582be8e1f
test/aaaaajqo_0_22.png,6ef50471f18dd5b66a6dbe2bf8c16dff
test/aaaaajqo_0_23.png,876beab539b20ece45eb20c0c3538fd7
test/aaaaajqo_0_24.png,c14a0993d2fe7f8f8487835bd574940c
test/aaaaajqo_0_26.png,dbd042987f134b728ad6b7e82a468db2
test/aaaaajqo_0_27.png,6705269323098a32b5c3a2b2c3ae2249
test/aaaaajqo_0_28.png,8ded722192032638e6cb4005ee253d55
test/aaaaajqo_0_29.png,d502a65c434a6ddd48d3566de7d19d4f
test/aaaaajqo_0_3.png,fe27562a84b309fed3612c3e256bebf0
test/aaaaajqo_0_30.png,121f300cfcdc1748df60f76c59524027
test/aaaaajqo_0_31.png,a7e4bc1a900ad5916de2d03383d0a082
test/aaaaajqo_0_32.png,2c6a451ca6ce42ec8522a28ca0552ac2
test/aaaaajqo_0_33.png,1b08053c87cd733b44b9a3ae2960bb7f
test/aaaaajqo_0_34.png,da9ced3d72fabaa05635d35c238cb817
test/aaaaajqo_0_35.png,f3a7c987c2b96a0a801b5bd22a6c8861
test/aaaaajqo_0_36.png,3f48495f5a6dc285013c61380c382914
test/aaaaajqo_0_37.png,5116ebb2f91df19eb0450ca5b1041b48
test/aaaaajqo_0_38.png,73af8b3321b8c75c4ed7f08f502c9e41
test/aaaaajqo_0_39.png,e1becf2107f8f6686820385557d4b806
test/aaaaajqo_0_4.png,8fdbf8ef07de9622178a8b3cacd66de0
test/aaaaajqo_0_40.png,5f196dcd6d3bc0e703e604408195a049
test/aaaaajqo_0_41.png,02537d1d87469de8939e066bcb8f7048
test/aaaaajqo_0_42.png,c6eaf248676ba34482253cbdc492a7ef
test/aaaaajqo_0_43.png,5dc5bd0caf33591b9770e599fe9ecb01
test/aaaaajqo_0_44.png,4d5a620d618d3f4824c14ccc0b9cdcad
test/aaaaajqo_0_45.png,7f554d98be56f5f3a8057b589c20ad7a
test/aaaaajqo_0_46.png,a1bd83c407a0c55a727555bde7abb23a
test/aaaaajqo_0_47.png,d515d7beca69291abb5bafc2a7718735
test/aaaaajqo_0_48.png,0ef6b98cd2595022b90e968ac876a7cb
test/aaaaajqo_0_49.png,5a768216317952743df492cad1c09889
test/aaaaajqo_0_5.png,01af937778dcd7425844c061fdeeea98
test/aaaaajqo_0_50.png,9cf1a1ac38c40fea995914acaa0b18bf
test/aaaaajqo_0_51.png,76568bfb03163d6bb7bd9a9c1721dcf1
test/aaaaajqo_0_52.png,2adbb7eeb3e370f2c300ca8e20ded1be
test/aaaaajqo_0_53.png,535c81e2ab795c43a86ae51ccad17368
test/aaaaajqo_0_54.png,2f2e7d7d1feeb1d040650b2909295769
test/aaaaajqo_0_55.png,ff8f3c6c32c594176c3b6e17075e3ea9
test/aaaaajqo_0_56.png,f39463649a4888b64f1023112f3043cb
test/aaaaajqo_0_57.png,d6f9c3ef986c2a09d39efa8e33868d12
test/aaaaajqo_0_58.png,f3bbef994348a147e709aa311baa25cd
test/aaaaajqo_0_59.png,d523b70748c0aea8122edf0ee9165905
test/aaaaajqo_0_6.png,4ae7dca75594fd8dada9878fb2b52c0c
test/aaaaajqo_0_60.png,29a9d1895f7d964164a3deac04074e5a
test/aaaaajqo_0_7.png,8bb07512b43f0e8644ebecbe2592a42b
test/aaaaajqo_0_8.png,2bf488114c2dd7ef91713a9c8e74cb15
test/aaaaajqo_0_9.png,985d0090af041b6083211de3e0c0fdc8
test/aaaaajqo_1_0.png,2c89fde210376b3544ba3f76eca7020b
test/aaaaajqo_1_13.png,e02ce5cd23b7b1b0a76acc798ca6fd29
test/aaaaajqo_1_14.png,653426c59caedbc43650e2503fe5e34d
test/aaaaajqo_1_15.png,0cd4483f1bf3e2ea7894c4a5daf0008b
test/aaaaajqo_1_16.png,a307f84e9532e9f4492cd85b1daa9b9a
test/aaaaajqo_1_17.png,4b8bea676cef9046ce624b5f984bac8c
test/aaaaajqo_1_18.png,e11374c35e97833c1bcaf852385905bd
test/aaaaajqo_1_20.png,358d8d6c450ee3203dd04d268ace6915
test/aaaaajqo_1_27.png,44bc77ee3416acad1a9bbad4b8f22535
test/aaaaajqo_1_28.png,845c017f2db040bc18c59e7db65d0cf8
test/aaaaajqo_1_3.png,f11d373f95aa2a783c5aa39a5c7abd44
test/aaaaajqo_1_33.png,7d04f8c9a89ed98762a1f642c9d0306d
test/aaaaajqo_1_4.png,cf88272c98f3463e4555252a64af07fa
test/aaaaajqo_1_40.png,6b79ffe27d8a540028357aadddfb7e04
test/aaaaajqo_1_47.png,e526ad6ad1b853fd72fc7b2a2ff98bdc
test/aaaaajqo_1_51.png,7ec756ea771c449a7d41ffc3e7a691af
test/aaaaajqo_1_52.png,64c3c26f6baf47f2c163e943c6f4b3ca
test/aaaaajqo_1_53.png,1ccd944c9bb299501ebef2ddc1aa9727
test/aaaaajqo_1_60.png,398b8c25e3ef762c14a7f47629b63748
test/aaaaajqo_1_7.png,f9ee9df421d04ec6b5a05aaf980a5789
test/aaaaajqo_2_0.png,866da52ee0b60ab6d084b35c2d97331a
test/aaaaajqo_2_1.png,85ba3a6e83095cc7d298f85e013f4c81
test/aaaaajqo_2_10.png,13f9ee9373aba3e298f95bacd5389002
test/aaaaajqo_2_11.png,88f379cd5e4c25c3d894397a00deb220
test/aaaaajqo_2_12.png,921e07a6142878fa1fef44cef286428c
test/aaaaajqo_2_13.png,21073b719398f537fd3d02eed22e6bb7
test/aaaaajqo_2_14.png,b6422a9a074d678e5d268890740f4f6d
test/aaaaajqo_2_15.png,929ec4bfab2316446aef63dca5e550fe
test/aaaaajqo_2_16.png,27346201688b00fa6887c09dee3a067b
test/aaaaajqo_2_17.png,94b9b92b09d8850b97e05f52f303b8f4
test/aaaaajqo_2_18.png,914adf1e1893d527efa6deade1a7eded
test/aaaaajqo_2_19.png,728d371215a4b80cc3b9f9d308a4e2cb
test/aaaaajqo_2_2.png,d2f55beb456752899d29c88c26fef057
test/aaaaajqo_2_20.png,fe4e0d94a349670da6919ca06b958fe1
test/aaaaajqo_2_21.png,0377c46c76bb68484ba7091be6e18230
test/aaaaajqo_2_22.png,03d27d19705cf7f5eb5965a0e3f7fd86
test/aaaaajqo_2_23.png,9d3fff499a9a2c66b33986f2ccccefaf
test/aaaaajqo_2_24.png,dc582221c4aec1acd37d5ee65ff3776c
test/aaaaajqo_2_25.png,d5d34f7f63a47165132de8c44530ee39
test/aaaaajqo_2_26.png,e7ee9b230829acf962cd8ceaea827fdf
test/aaaaajqo_2_27.png,12f3b97c8d015f008166738936d0d100
test/aaaaajqo_2_28.png,d0b039579a11fabfb7a9adc788ad5110
test/aaaaajqo_2_29.png,a022cf90e78b6b65ca263188ffd1c037
test/aaaaajqo_2_3.png,4e0edfc0805e6e37e1ecc57652e5efd9
test/aaaaajqo_2_30.png,153bb4f1b46efcdd583539517d6d3fca
test/aaaaajqo_2_31.png,d4c39114e98bae47fbcf6d09ebcaf784
test/aaaaajqo_2_32.png,acee68087c94e7aed44a66ab03a86827
test/aaaaajqo_2_33.png,069e99ea62aacd84efe218034723acfa
test/aaaaajqo_2_34.png,83e193cf3d38ef863084c87fa684483b
test/aaaaajqo_2_35.png,7b411e55b617e6dc21ddeca3d4db9750
test/aaaaajqo_2_36.png,f27627ed8896d6a3f5c67436b50904f9
test/aaaaajqo_2_37.png,e9c5432a353bc4c5e8f4b29398a1e32c
test/aaaaajqo_2_38.png,c4f46e19a7c7081c8313557aaf4b6a1f
test/aaaaajqo_2_39.png,937b66abc5e440f13e7c6973893ba89e
test/aaaaajqo_2_4.png,4caa65096bd7ec7fedcddc038b53a8e4
test/aaaaajqo_2_40.png,033f4f26a3bf83317f9c136cbd0fb295
test/aaaaajqo_2_41.png,c1d6d2c46ed92f00a50b8cbbb2a41df2
test/aaaaajqo_2_42.png,2af8864eaf518395faa4ef5c663d2ad9
test/aaaaajqo_2_43.png,5521ac253114e885ad1f326878ef3030
test/aaaaajqo_2_44.png,ed1a74da7d5657d3fc624240f2f681ef
test/aaaaajqo_2_45.png,49b2cb1141e5592e8f96ed1028a1018e
test/aaaaajqo_2_46.png,44d84f6ccc5ec488fd307233ddbd9c61
test/aaaaajqo_2_47.png,51202a771a2e36acda982b79e0f1c5b1
test/aaaaajqo_2_48.png,84f3dc1763b0cc1ab347ec36c5060a95
test/aaaaajqo_2_49.png,c652622b88334aac7c7c97e840d20867
test/aaaaajqo_2_5.png,a5d524d1db2b96ff61e5d6ba0309a38f
test/aaaaajqo_2_50.png,330cdaf110a26aab435871fbabb1ad41
test/aaaaajqo_2_51.png,2d319331c38355d0c1816259ccbbf448
test/aaaaajqo_2_52.png,a43557a4fa1f3c8dd41976de98e0d95a
test/aaaaajqo_2_6.png,e1822cab09519387f81f908e45e3cd31
test/aaaaajqo_2_7.png,5ccb04862929aab1d23bba0911e3a438
test/aaaaajqo_2_8.png,0f07974991e36f8808b477237861ccf6
test/aaaaajqo_2_9.png,6839cfa1932a3c81e8f6521736aebd58
test/aaaaajqo_3_0.png,057a21d67e8c5ccb44a557bba4b18764
test/aaaaajqo_3_1.png,738c3cf39dc61f31b93e01b896a98121
test/aaaaajqo_3_2.png,6e6cf8e71d968a9c4a55d82b3bf30bfb
test/aaaaajqo_3_3.png,8e428225accc5da88fcd7fc652e2fcaf
test/aaaaajqo_3_4.png,9f3103dbb2d3e64cf7aab7f60ba4504b
test/aaaaajqo_3_5.png,c229fe38dfd3b1ab96cda4d42117be6a
test/aaaaajqo_3_6.png,03ba6ca6d4e88f7a2d54fc8cc122f978
test/aaaaajrj_0_0.png,83aa22b444c16f6969dc1ec8a628ddf7
test/aaaaajrj_0_1.png,b4d8bedc85e03c9f4d6de5946c07801d
test/aaaaajrj_0_10.png,67dc216cc56a67abb94cf3849ba32df1
test/aaaaajrj_0_12.png,65492eeb29674fd60e9f6a4e25e24e5e
test/aaaaajrj_0_13.png,b8adfdfff49929b4d18fe9829b3f910c
test/aaaaajrj_0_14.png,0323d37d34d8f215c82d8f19b295a396
test/aaaaajrj_0_15.png,c758c23e7af22ceb74234077c711b77b
test/aaaaajrj_0_16.png,9262495e8f6bbe49ecf739551e2177c5
test/aaaaajrj_0_17.png,d9aa746970cba4c92d292577fb67dcf6
test/aaaaajrj_0_18.png,ca3f6374a0f8cb1435e8d98dcc9e81a4
test/aaaaajrj_0_19.png,573baf771185b0e2f65953615f698199
test/aaaaajrj_0_2.png,f4ea971de1cbab58c32ecb7b6469a37e
test/aaaaajrj_0_20.png,e6493f773c8b3b71dc0ec65d16d557a6
test/aaaaajrj_0_21.png,a8428e13562462c3e566c7f7e0639e34
test/aaaaajrj_0_22.png,4f960e371b69aa15700b1258b15d5909
test/aaaaajrj_0_23.png,610160043afe56116492f03afbf7113a
test/aaaaajrj_0_24.png,fc7d1f6c87c0e498dbb7adbbf0753199
test/aaaaajrj_0_25.png,b79ec2ab2ce3708ef6c2bfc9e8ac46da
test/aaaaajrj_0_26.png,ba51bdd81b33264c42f813e2253dca72
test/aaaaajrj_0_27.png,9619679394410993f663cd757d0bfbaf
test/aaaaajrj_0_28.png,4eade85fcaa9bbee740fd4a6d94cf940
test/aaaaajrj_0_29.png,bd2a97bfba59bb3c483dd3b6fe9ba905
test/aaaaajrj_0_3.png,856a19ff76cde5eed50d660a42c257f3
test/aaaaajrj_0_4.png,c51853ee9f18da2fd5f27adfc096e425
test/aaaaajrj_0_5.png,584eb4f1f40d8fcaee707e5eb896ba34
test/aaaaajrj_0_6.png,9547eab3673b42bbdde0e8749169af83
test/aaaaajrj_0_7.png,d7d50340cdcc73e42d4e6866aef235ec
test/aaaaajrj_0_8.png,dad70b4032159210f930f8e3065aab4c
test/aaaaajrj_0_9.png,2a31199a3a7f14e242603f85534cacf6
test/aaaaajrj_1_0.png,5574dad76077b1051bdb29094e410cfe
test/aaaaajrj_1_1.png,f37521ddf89508bdb94580df836c363e
test/aaaaajrj_1_10.png,3da5f5c038bef93a3db93363831ce701
test/aaaaajrj_1_11.png,71fbca96de7bc1274b2a6711c4b03017
test/aaaaajrj_1_12.png,49f8ba84542c2b6c86b4a9c08177cce1
test/aaaaajrj_1_13.png,9b850c42542d104621f4803607d8b3c2
test/aaaaajrj_1_14.png,8c32c38ba7fada16ac3e80deb76c2a7e
test/aaaaajrj_1_15.png,fde5bf86a42223443f65f8ee03e5c734
test/aaaaajrj_1_16.png,278bf3d2270bb556926e77fcea29979f
test/aaaaajrj_1_18.png,1c32cbd36b8c8ff8f7481ad02c05af69
test/aaaaajrj_1_19.png,3a1b72f8f1e3c6d38464263c4ef90d79
test/aaaaajrj_1_20.png,078bc25b836ca3dd929a05db92b14e2c
test/aaaaajrj_1_21.png,72d621b14307e8eee7e92ecaa21a8e17
test/aaaaajrj_1_22.png,a81a18c0e93708bf6fb8d9e251a6d169
test/aaaaajrj_1_23.png,6fce82b8ecbc440a4ced4925946e9cea
test/aaaaajrj_1_24.png,11ae22526a0e977b07c00c60936435c4
test/aaaaajrj_1_26.png,5cb3c4850f2791a0fa9dbecde0e542c1
test/aaaaajrj_1_29.png,968b23d2651d6c6525c0b703645f0e85
test/aaaaajrj_1_3.png,ce04082be611ecf3ec33b59ef7224c91
test/aaaaajrj_1_6.png,a4de9f346cdd0ea77f776160c7facaf1
test/aaaaajrj_1_8.png,a69a673f731d9edd164eef95fc7d1be7
test/aaaaajrj_2_0.png,c0060b3760bca76181c771bfd19d6e81
test/aaaaajrj_2_1.png,24708cbc00c34528f87acde2e31ce003
test/aaaaajrj_2_10.png,41e8561ec63d23a4e261f52f754d15ff
test/aaaaajrj_2_11.png,495ff854f4e45c176c7144799509cdd3
test/aaaaajrj_2_12.png,ece35cf71c6fc15ba0e518a574766813
test/aaaaajrj_2_13.png,911f2e92ab0b129c2fc6dc53b5b86e42
test/aaaaajrj_2_14.png,36466616f4a0575b92b2f3eb9b62a5f8
test/aaaaajrj_2_15.png,5fc37f3ad07cad4c574b9da62178e579
test/aaaaajrj_2_16.png,fbd184fd81ca029e55fa00096f97d706
test/aaaaajrj_2_17.png,3a0f33151f02f2192b428652ab15b74c
test/aaaaajrj_2_18.png,8b83085aebbaad314b18c5ea3694cb18
test/aaaaajrj_2_19.png,606120c79c49b9cd18062532dd60e6e9
test/aaaaajrj_2_2.png,3dffc451c670d943fccba0eebed6af71
test/aaaaajrj_2_20.png,38a80eb9b7c85a68a76bf9af11226a62
test/aaaaajrj_2_21.png,b58e92e4ecf9cf8ae8349260954f9be6
test/aaaaajrj_2_22.png,4789345f9243f0d94c07364188b4e2db
test/aaaaajrj_2_23.png,2743ad9640fe85fce70d0c0a267d574c
test/aaaaajrj_2_26.png,af3c3bc870a0185024f11e64bc0f9dda
test/aaaaajrj_2_29.png,c5a5d3b8589c0e8d406c24d52c285187
test/aaaaajrj_2_3.png,6d1b51c902f392710c306a4aa8d3749a
test/aaaaajrj_2_4.png,37b02edbd380af9bbe174dba88ac32e1
test/aaaaajrj_2_5.png,5e6d3b700cfee56eb29f31a22c17976b
test/aaaaajrj_2_6.png,3ac58f27c9d9508cb2ca5fecd9310d73
test/aaaaajrj_2_7.png,fb5b9d63f7962837435d131f3a984ab8
test/aaaaajrj_2_8.png,fbdfcbea01159c2a5b14263700f7dd08
test/aaaaajrj_2_9.png,0cd2520fbf3d855e8926a5413b9c69e6
test/aaaaajrj_3_0.png,8d2de19348518ac2d4ed5ca8106e8e4c
test/aaaaajrj_3_1.png,eb0641767b27f44ba4e62480f316b1f5
test/aaaaajrj_3_10.png,96743fca7021fd06df9e7285ea381ec1
test/aaaaajrj_3_11.png,72f13aa92824e9bfd4ec7dec9e50907d
test/aaaaajrj_3_12.png,ca9639ede2b3936fc98dd4e070acc661
test/aaaaajrj_3_13.png,24bc3b0ef0a15a0bf8062a9b0b48cc63
test/aaaaajrj_3_14.png,ff3ace2e5be1bde01966f12ea847a25c
test/aaaaajrj_3_2.png,8abe692bd61c15a39a80df3c395ac272
test/aaaaajrj_3_3.png,88e0c5eb5de13e41b713a4a20a1bad8e
test/aaaaajrj_3_4.png,9335e8e2f1d1f1cd0370a36500c4823a
test/aaaaajrj_3_5.png,8ef42d6894bd2e984c172620603d880b
test/aaaaajrj_3_6.png,cd9bcae0a48b1712e4e16b79c8178051
test/aaaaajrj_3_7.png,79e8cd4b2f4452088c9bae6414ec589c
test/aaaaajrj_3_8.png,e2fab98ab375b99949bb62203d4233a3
test/aaaaajrj_3_9.png,8e8cbf5dd9270d55289b1fc33db76ed4
test/aaaaajrj_4_0.png,3d52eb9b76adb068b52d1bef5abb7544
test/aaaaajrj_4_1.png,b880712ae86cb91d0647b382bb37c1a0
test/aaaaajrj_4_10.png,43760b22e5a833cbcb026fd21e92a6db
test/aaaaajrj_4_11.png,202f24a542e2a946127981cc81ebefb9
test/aaaaajrj_4_12.png,26c813e92b7354e799a3ebff3a3eb8a1
test/aaaaajrj_4_13.png,e20efdb265d430bb9a5d7b5ece52adf8
test/aaaaajrj_4_14.png,313fe3eae821131a479838a22d6f75fd
test/aaaaajrj_4_15.png,1594ea8654c8780ed9393ddc6aa4faf3
test/aaaaajrj_4_16.png,e2d3b4a2a8d3441793a39fccbecbf227
test/aaaaajrj_4_17.png,66060ecfaea5c0c7feb1b1db5935ae1a
test/aaaaajrj_4_18.png,7d91b83dee911494bc3be04b1d540a10
test/aaaaajrj_4_19.png,027f78e08290204d9b73fd74d7337fb0
test/aaaaajrj_4_2.png,fc5f2080ca923b5a0640c26b88093e59
test/aaaaajrj_4_20.png,5e67da65a12be5633890068edf6e816a
test/aaaaajrj_4_21.png,c3cd21eae083c4e96aa99bcc87faf776
test/aaaaajrj_4_22.png,1a6645b8831a5061e2f6195ec3828e81
test/aaaaajrj_4_23.png,1934511bdf9c9fa0dda195e884f73fed
test/aaaaajrj_4_24.png,692884a8232b3a2dbbde847929e01c04
test/aaaaajrj_4_25.png,6e398b7d965301ff5209f66b74e87641
test/aaaaajrj_4_26.png,44eba9f1a73a8bdaa64be4d164294259
test/aaaaajrj_4_27.png,b8c4bfd314365a11cc9f3121abf60199
test/aaaaajrj_4_28.png,d5862df7553df411cdd373e3d9cd771f
test/aaaaajrj_4_29.png,0e9062eeddb0137eadfb69f35e8ee81c
test/aaaaajrj_4_3.png,135ea3e3f7b09e312c420a3f0746c3f1
test/aaaaajrj_4_31.png,cc422ec6ed4b8f994198fcb60790742f
test/aaaaajrj_4_32.png,31375cd2c71fbb573a8e712d97d0c791
test/aaaaajrj_4_33.png,98f78ef213f8b6a12f55738649a7a9a0
test/aaaaajrj_4_34.png,ecb703b08e0b66916ba652866db72870
test/aaaaajrj_4_35.png,7d8235a84208956dc728f88de0f19ff1
test/aaaaajrj_4_36.png,02303460db44d5c4db2bcb28f64d8ecd
test/aaaaajrj_4_37.png,09b8c94204b7e31c4ec130836d3deefa
test/aaaaajrj_4_38.png,a84d43746a534594353554a60cecb27d
test/aaaaajrj_4_39.png,e3d739d7d6456cae5d2b0de799659647
test/aaaaajrj_4_4.png,24bb2a005be6541da8850a16527744ec
test/aaaaajrj_4_40.png,32ba6246ce6dc9e6e5c22d9655784748
test/aaaaajrj_4_41.png,8d4e18801dd77a1f9704f2befbdc3852
test/aaaaajrj_4_42.png,c42d240d55e46d156bb7948e9d3e5fa8
test/aaaaajrj_4_43.png,d86af5f8f921681de710c29b1b601974
test/aaaaajrj_4_44.png,dde9116d642241f808dd3bf33f121135
test/aaaaajrj_4_45.png,ac8c282f3adad397a1c5a770662228ea
test/aaaaajrj_4_46.png,c7c71b840a41b7f9f52b8802890e2c60
test/aaaaajrj_4_47.png,109163a869bef6fb5688a9c4fb6a22bd
test/aaaaajrj_4_48.png,54985f20b67b6d858034a9320f5dfae8
test/aaaaajrj_4_49.png,70a219591739dc146404a71ef3920b74
test/aaaaajrj_4_5.png,02b82730fb1f8d211842bdc53a4668ae
test/aaaaajrj_4_50.png,8434981e8640ac3c433c056200681052
test/aaaaajrj_4_51.png,6b5b2d4bea6b3711e0b3e7abaf0b0c1e
test/aaaaajrj_4_52.png,e522c446be1e14576738ef18e3b83afe
test/aaaaajrj_4_53.png,6f14bed3858d578d85ce69e1e3376f30
test/aaaaajrj_4_54.png,fc33315a0693d78b509c40fd92a69d90
test/aaaaajrj_4_55.png,cf68c4673343bdb2591d4b319a33beb2
test/aaaaajrj_4_56.png,db89a75505464c7fcb44505943349c61
test/aaaaajrj_4_57.png,d258a9c7395b2cadf8dffc0f32fddc50
test/aaaaajrj_4_58.png,5ee644d3894a31086d41a06ddb2fa432
test/aaaaajrj_4_59.png,1f8419031f25d428f442cde6d56c5507
test/aaaaajrj_4_6.png,924dc2c4b01dc678688ca80d37bf0ef5
test/aaaaajrj_4_7.png,bb411d709aec7997077992ac8eb1711b
test/aaaaajrj_4_8.png,b4add51da0fea09e312631bcd3c02a33
test/aaaaajrj_4_9.png,4ccf351cccb8b75716f60c5c8232fa57
test/aaaaajrj_5_0.png,0eb42385618c64d964fabe684be4285e
test/aaaaajrj_5_1.png,64cb42716353e41506bd1ae55cf8518b
test/aaaaajrj_5_10.png,dfc7922f2fa9c5d859542ec0ab525721
test/aaaaajrj_5_100.png,165b58a2d8bff672d4250aa21de5ecab
test/aaaaajrj_5_101.png,2b792ad2c8adf3865b82dbf985ce2ee3
test/aaaaajrj_5_102.png,a4fee9ffec67349a20629afcefa4fb55
test/aaaaajrj_5_103.png,ab9b2a6f558609ce2470a40be563ecfb
test/aaaaajrj_5_104.png,740df73edab71c3f134d5987769c0b44
test/aaaaajrj_5_105.png,6bc55128a241dddcd4521c9c83cee7c3
test/aaaaajrj_5_106.png,6d2725efe1a832c0c8b4ac7ba5f8df67
test/aaaaajrj_5_107.png,f64387faaeacd3355b64f7910940bb69
test/aaaaajrj_5_108.png,f3ff5bce27d5a6f7efa5eab070279584
test/aaaaajrj_5_109.png,65c9d932b02f61c0889a5bf5a859e825
test/aaaaajrj_5_11.png,716c2e719e837e309f4345323ab68899
test/aaaaajrj_5_110.png,a784386c496c3c3ab1db139b6c0b354a
test/aaaaajrj_5_111.png,62a6c8d161240f59bb6a14d387bed950
test/aaaaajrj_5_112.png,21cbddd219faf6f04a67ff69ccfe6983
test/aaaaajrj_5_113.png,91a6df213d08ef820d7fd4c3b1c2242e
test/aaaaajrj_5_114.png,c7f9f3bb2d0587b7774859a3e0820f41
test/aaaaajrj_5_115.png,5d212d45eb7fc1461e6ade99025a63fa
test/aaaaajrj_5_116.png,f250b6ef645027c51f8290adf256002b
test/aaaaajrj_5_117.png,f06a3933a6e5192a0de33c46cb727f30
test/aaaaajrj_5_118.png,efe61ef2bc97216dac0fe92033b818fb
test/aaaaajrj_5_12.png,5da44c59134fb7ee4d1b47525ca2756b
test/aaaaajrj_5_13.png,8beab70f04f98a9bc71aaaaefe083696
test/aaaaajrj_5_14.png,f4ca6d8ea0750a8526b4d8cee9bb303e
test/aaaaajrj_5_15.png,f1802eecce880693858d0ebdb6717d39
test/aaaaajrj_5_16.png,0b7e71e5c1f254eab27e04055816e02e
test/aaaaajrj_5_17.png,9a80bfe198bea38eda9b271dde858dc3
test/aaaaajrj_5_18.png,a1227221492e97be26b5774cf9339e9f
test/aaaaajrj_5_19.png,889fa063529e1ab87a5d577a6d25e22b
test/aaaaajrj_5_2.png,2b4cfc901f6297ca54d4ec673516f4d4
test/aaaaajrj_5_20.png,dc1abea536ba267e5ceaa5fa32fd9eec
test/aaaaajrj_5_21.png,f66153b43486467ce45062f278cb73f8
test/aaaaajrj_5_22.png,2f3dc8288994cfa12715a1367e57e7eb
test/aaaaajrj_5_23.png,357fd4ab614be6b97fd6e5f61a986646
test/aaaaajrj_5_24.png,fe1a00950914cc078781e001924c0e2e
test/aaaaajrj_5_25.png,b95078db8a714d9b2f69af5b7858e63e
test/aaaaajrj_5_26.png,5257b17b3872543dcbaf6489e885c9f9
test/aaaaajrj_5_27.png,ee6cc5fc104af68c6710088677b8439f
test/aaaaajrj_5_28.png,0c6aac515d5ab20eb4cb67c46458310b
test/aaaaajrj_5_29.png,efeab921995a807fd553202437b9cd8b
test/aaaaajrj_5_3.png,4ba7cecac56c594814b9276f3f212ae6
test/aaaaajrj_5_30.png,7a33f15dd33b5a939f0a0e5d6cda1666
test/aaaaajrj_5_31.png,38bdbf42df99d26f94b81f699dd9c569
test/aaaaajrj_5_32.png,6802e07fb3801b55368afd4dcdbacec0
test/aaaaajrj_5_33.png,0fa43d255353266b76a89a40c0ac919c
test/aaaaajrj_5_34.png,01a8df55f4b8793029b24cf5bff06be0
test/aaaaajrj_5_35.png,ec00d47022d469eaa61805a94d92cb8e
test/aaaaajrj_5_36.png,a9b11ae501bca3ba6799777fec668f99
test/aaaaajrj_5_37.png,ea50f7867957b67223b26148cdc23c25
test/aaaaajrj_5_38.png,52f0ad0ee24af6a89c9b9187b411da0b
test/aaaaajrj_5_39.png,e736808f12a6b2d83f9f487cb528e6a0
test/aaaaajrj_5_4.png,a54a2beeefd76e435f3ee46a2f9ec9a1
test/aaaaajrj_5_40.png,a432a41300ef897ba152d08aba4eb8a1
test/aaaaajrj_5_41.png,edd3b8a9f044804fa69c57db9746ef36
test/aaaaajrj_5_42.png,ff8f4c83ebf1247e91cac9fd493c6053
test/aaaaajrj_5_43.png,b2a1aee1af8407736553e57997333574
test/aaaaajrj_5_44.png,20b926c153e2461cd4a14c4e6a5d7454
test/aaaaajrj_5_45.png,390c3007906a6c0f1c094c6f7d9ce7b1
test/aaaaajrj_5_46.png,4e887d07f7ad8ff78a9d4de8c46d61c7
test/aaaaajrj_5_47.png,b4c09a1b67bcb17a7f24b4c6384ca8b9
test/aaaaajrj_5_48.png,ea264198f27082bf98d253af1c78bd82
test/aaaaajrj_5_49.png,69b8fc4962684657b457970a1f8d6f48
test/aaaaajrj_5_5.png,110582adf1de025f963a45c4ce522b6c
test/aaaaajrj_5_50.png,4023f0fb4607a9bac50839ca0c6c6783
test/aaaaajrj_5_51.png,0a6fbd8e7a25a2dd7dc2b5303a1dfe89
test/aaaaajrj_5_52.png,8208e913c0e7dfd50b60577328f77e8e
test/aaaaajrj_5_53.png,c66e7c6a1dc4d4a946c9457ae00bab90
test/aaaaajrj_5_54.png,285542b62abc7a39bf418ad316ad10cd
test/aaaaajrj_5_55.png,5c1804c17660947115014bea1c358308
test/aaaaajrj_5_56.png,26c2a6a76d80e1ba56202609185d0677
test/aaaaajrj_5_57.png,72d977c4a13428462eba1cc14da2ab88
test/aaaaajrj_5_58.png,7844ac8f9089f951259a03aca82ab29b
test/aaaaajrj_5_59.png,363b24f648b63466f737fb6203bfb965
test/aaaaajrj_5_6.png,a2221957979fc4081c4fa9db5581e984
test/aaaaajrj_5_60.png,07b8973ea2e96c7e5eff582c04c10bc5
test/aaaaajrj_5_61.png,df6107bbb70475cf32491985c712d6ff
test/aaaaajrj_5_62.png,5ca38ca2b324a44892f657f026042e21
test/aaaaajrj_5_63.png,7170da7c56787699866fc7b5b3a36cf3
test/aaaaajrj_5_64.png,106ac97ddb6a2f42e405011866486e2d
test/aaaaajrj_5_65.png,63e41b7e12641158bf5d0bc8aa70c16f
test/aaaaajrj_5_66.png,d0c982da8488216e4ff0bfa24073692b
test/aaaaajrj_5_67.png,a3c3c51adaefa5a7d5ccd6e2dfac3043
test/aaaaajrj_5_68.png,61fff75db0613134245651d7f7a298c4
test/aaaaajrj_5_69.png,3d5cf57f71a84e804a3dd84537204880
test/aaaaajrj_5_7.png,753ad46fd5372919c3b9689a69ad37c0
test/aaaaajrj_5_70.png,e588569ba07a7e032c20bbcb28de1fa5
test/aaaaajrj_5_71.png,a300e2cb1b3da3557d130f2ab36fc4e1
test/aaaaajrj_5_72.png,9f511b49b5d60c4d2d73a1b54c88def5
test/aaaaajrj_5_73.png,76db00c6b4c06e844274a262059276b0
test/aaaaajrj_5_74.png,5ccea886ef31670056245f4227025a81
test/aaaaajrj_5_75.png,9a98943f6c7f93c6c8508e991e4bbeca
test/aaaaajrj_5_76.png,908fc6b1620e5d49e363d0bcee5e28fc
test/aaaaajrj_5_77.png,b259051f532c6fcb891ac68b3ecf72cc
test/aaaaajrj_5_78.png,040622219575c03afbd82a09bf9680b5
test/aaaaajrj_5_79.png,6f6bcfef912890b0bfa5503def70dea0
test/aaaaajrj_5_8.png,ef4b06c20e55e295c12d4bff6cc02335
test/aaaaajrj_5_80.png,05dc0950a8e3e2b68a84326e3915b9e7
test/aaaaajrj_5_81.png,33171a30bbdb96c1d850b596fedad26b
test/aaaaajrj_5_82.png,3055759ed78e6b4a135d3b31d1b46f31
test/aaaaajrj_5_83.png,fc4ce1b277409146715edd7d818d4af5
test/aaaaajrj_5_84.png,7cdd0027c90b9420a24967569207bb31
test/aaaaajrj_5_85.png,165de618fdc933988e4503a4a6e7cfbd
test/aaaaajrj_5_86.png,c497f311014fe8c7d2876fd93f7a3123
test/aaaaajrj_5_87.png,cdb06f1b828e89129471953fb04bc0df
test/aaaaajrj_5_88.png,6911cd1ee7c4bf33bf6bf573892ea86e
test/aaaaajrj_5_89.png,2b6f5dc4c01926f85f63650df4db6f89
test/aaaaajrj_5_9.png,75cbdfca33bd04629ff13288e25b1193
test/aaaaajrj_5_90.png,178c40f1ba2245c2fbc3673981a2d32a
test/aaaaajrj_5_91.png,eb2725b8a83d05165ac373b6b3621f1c
test/aaaaajrj_5_92.png,4cfb3da2d997916e78c203b46c5baeaf
test/aaaaajrj_5_93.png,5e6a833078708f4ff9377956a41977a0
test/aaaaajrj_5_94.png,07d4589a7af3dd89ba4c1420b124f823
test/aaaaajrj_5_95.png,04c0ed7f436079018ece8cbe1217a707
test/aaaaajrj_5_96.png,f2480f6727e55cc0d36e06fd1f4cc0a1
test/aaaaajrj_5_97.png,4623c3cbf2ce6e34a7084bb104487342
test/aaaaajrj_5_98.png,fb6d8f33c87ab177587787f33d24ddc3
test/aaaaajrj_5_99.png,46e08bb09c5b23c91c6a15808a4f3450
test/aaaaajrj_6_0.png,9f8259f96a4de3447555ca7b90466349
test/aaaaajrj_6_1.png,b00d256b8bf523faad1667d801446e4b
test/aaaaajrj_6_10.png,bfb930c77e3ea49e75aeca01ff32225b
test/aaaaajrj_6_11.png,5064a854ae45e3c269c8228661a5af42
test/aaaaajrj_6_12.png,8f611c91d532fca72a6b19250753a62b
test/aaaaajrj_6_13.png,97f9ae60185aeab0836fdc670aa88841
test/aaaaajrj_6_14.png,800d9415cd86b4aac1ee0b848d8f0a97
test/aaaaajrj_6_2.png,005a280472c614e054905f503fd7234f
test/aaaaajrj_6_3.png,d1b0aa3e0ca0531607032aa4ca44cfc3
test/aaaaajrj_6_4.png,b6b6dc0319d6e1e9858c11731238d380
test/aaaaajrj_6_5.png,9b2391ddd166169c48cb8b7f2ed28425
test/aaaaajrj_6_6.png,ed180c65e47e7ac9c18bac3586b0acd1
test/aaaaajrj_6_7.png,7e55dcfe93fc701e566aa3cf2e2728a1
test/aaaaajrj_6_8.png,dc38f314597c4d8291d91e2e1452d631
test/aaaaajrj_6_9.png,f859cdc759490b51560e99981dc301ee
test/aaaaajtu_0_0.png,5969769bccda5ce50ff566aed8df1833
test/aaaaajtu_0_1.png,2a34a86aa2bbd91890a1af0da647eb49
test/aaaaajtu_0_10.png,f51ab6f2e487899f8553630b9a16c427
test/aaaaajtu_0_11.png,6ab85b0ecdd2f399eed94d6c0cffe38b
test/aaaaajtu_0_12.png,495e2161e4dd371f222f1039fe9d49c8
test/aaaaajtu_0_13.png,e915266c8ef795df4ff3cdc0ff1208f0
test/aaaaajtu_0_14.png,49da7413fd68f27ac4775a34ee7da2f8
test/aaaaajtu_0_15.png,098d3436135ba667377b90c7ebe3eb2f
test/aaaaajtu_0_16.png,abbad34daf2c86b03b746746d12db288
test/aaaaajtu_0_18.png,e01d4b359f4c0b628c83fc6084d2e9ed
test/aaaaajtu_0_19.png,29363997d6469b1ce3e7e08a0af055da
test/aaaaajtu_0_2.png,1b986aa1fef3ab2d60939bfee150fd75
test/aaaaajtu_0_20.png,cf3d5cb608cd50db570b86725e04043a
test/aaaaajtu_0_22.png,7423df7e9c1106dfb6b8656e2b0232b6
test/aaaaajtu_0_23.png,878f1b3d01936ccda15a2e613c5b2dd9
test/aaaaajtu_0_24.png,fda5eb982e84ce7a612c7a4ccd6c176e
test/aaaaajtu_0_25.png,47c9bb29e74b661b195af62c535d1b7e
test/aaaaajtu_0_26.png,48905ca30b4108b7cb7f494cd9942eaa
test/aaaaajtu_0_27.png,1fe5b2eee11fc8ac42aabe34ab893477
test/aaaaajtu_0_3.png,59adc183eba3e54f4d4ab1e192a6d570
test/aaaaajtu_0_30.png,0b042f11e03840684b865e73cab90b67
test/aaaaajtu_0_32.png,a6d13a6f996b2f23f8fbf7f9617326d9
test/aaaaajtu_0_33.png,e1d2ecc06daf4a7f0df7b90a1620efce
test/aaaaajtu_0_34.png,f1b48c48b45e9f558ce3651746e15ad6
test/aaaaajtu_0_35.png,9bcdb656ec9f9054146faea82892317f
test/aaaaajtu_0_36.png,1a334b7bb872ced7cc03d6dc07f50ec8
test/aaaaajtu_0_37.png,77fa35927539ae82a26474023fd51ae8
test/aaaaajtu_0_38.png,d0973156b62ca4d280280cb9f395a04a
test/aaaaajtu_0_39.png,b9bf49d377b73d5f37779428f9923bbd
test/aaaaajtu_0_4.png,3eb6da1e9ddac30801fe77193a57c481
test/aaaaajtu_0_41.png,102cd44af6772e1cdb6af3e56fe766ae
test/aaaaajtu_0_46.png,f6ec9a52ee8f4ae525c4f0c4fa4aff8b
test/aaaaajtu_0_47.png,33613c77af330142adb909ba7a62b933
test/aaaaajtu_0_49.png,85e745082b88d4170c0a1a589d3d8b89
test/aaaaajtu_0_5.png,3a6cb1218ed57aa3ac71f76b68137bae
test/aaaaajtu_0_50.png,43160437b593e304a07039b54247e76a
test/aaaaajtu_0_51.png,43f92f2da1e0d04a0170e7b9958aa8a2
test/aaaaajtu_0_52.png,b9efd0626644d357782776cff1c70d35
test/aaaaajtu_0_53.png,5bdb3c9dbf733cbdf11c6e655b54a832
test/aaaaajtu_0_54.png,1eeb2b392986fdf507f69a372cd65ce5
test/aaaaajtu_0_55.png,b5f4a566852008510154c6094d429bba
test/aaaaajtu_0_56.png,671030b7f684a2e76cd749940010b49f
test/aaaaajtu_0_57.png,16496b6e57498170f8f6a7231d245300
test/aaaaajtu_0_58.png,3720a3f3b204382d374e94c412c00002
test/aaaaajtu_0_59.png,49d7dc0a1cefac1914756fdd35dfd94c
test/aaaaajtu_0_7.png,0c9fc0bd80a373757011dc84920d3021
test/aaaaajtu_0_8.png,197f121c4c9bb9b18ef6f04839e73fb2
test/aaaaajtu_0_9.png,35679dfd277e3efe37587470f41b6ec5
test/aaaaajuh_0_0.png,255490377da92d8d5892314442401b45
test/aaaaajuh_0_10.png,7c37e49a04df150a7d19f0cb88885fa7
test/aaaaajuh_0_11.png,1aad0aa09fbcd874da4028bba3d86346
test/aaaaajuh_0_12.png,53967563c83267425196e6496ed412fc
test/aaaaajuh_0_13.png,ee0c5f484111395c7959b8c61ab2f1da
test/aaaaajuh_0_14.png,e8de9ded7a431b85aa39602d05634eb0
test/aaaaajuh_0_20.png,04f18c420cf2a6f03ec18d7cac521e94
test/aaaaajuh_0_26.png,bcb2bf465ee6d63c29f5eb9183ad98b0
test/aaaaajuh_0_29.png,e911b9579004f2dc656fdbeb8280543e
test/aaaaajuh_0_30.png,7c136e52e8265d4802280c80462c1f97
test/aaaaajuh_0_31.png,9e5c3b8884a78d1747f9adb5a267c00b
test/aaaaajuh_0_32.png,fa907c7766b3b67d85bcd739c650fda7
test/aaaaajuh_0_33.png,100f9aeba4032495d004939a1e0ac311
test/aaaaajuh_0_35.png,15d4cedff7b1505d220862e784885dc3
test/aaaaajuh_0_36.png,19caac9738891b61ab38771f4ea249f1
test/aaaaajuh_0_39.png,585db462cc3cc39c568119a540a12850
test/aaaaajuh_0_46.png,3d886ac89eaacadc469a302682f4be69
test/aaaaajuh_0_52.png,0df403eafb5476e53a5a62e79ff089bf
test/aaaaajuh_0_59.png,2cd8354f986a799cfcf871888bb0ef4b
test/aaaaajuh_0_7.png,9f9fac5a0990cba433c68dbcca6548c7
test/aaaaajuh_0_9.png,eb43bd04818ea4ed5718e308bc1a12de
test/aaaaakqg_0_0.png,ffdecf47bcf5efd76c3e4ea1ca456666
test/aaaaakqg_0_1.png,83384ded064d5506b79c5150e6e537d2
test/aaaaakqg_0_10.png,c987487924661621d30e449444f7039a
test/aaaaakqg_0_13.png,71ebe511fbf3da182736dea41c1d7ce0
test/aaaaakqg_0_14.png,3b364473a4c95a38676458da7ddc7330
test/aaaaakqg_0_19.png,d232a5bd2f1d3ff0e8a7e9c91456c1d0
test/aaaaakqg_0_2.png,df262e547d5b91da2813e5769eb75b30
test/aaaaakqg_0_25.png,2e7fef325f4bf880ff821ed9b537edfa
test/aaaaakqg_0_26.png,c03dc2352b81e6b7e219a2acdbcc7e9d
test/aaaaakqg_0_27.png,80b4182d8e669242d850b5ff325b16e4
test/aaaaakqg_0_28.png,30736df299d2a8fcbad1a343b1c40ff5
test/aaaaakqg_0_29.png,c4c79035ce6a17bdbac77b9aab990881
test/aaaaakqg_0_3.png,ba63e1c2abaecfe8bf4b801e63fd144d
test/aaaaakqg_0_30.png,3e135307c0a72c9814300600f21ecd8c
test/aaaaakqg_0_32.png,7086dd32ffaa5086f020de38a2244414
test/aaaaakqg_0_39.png,38b12f50d1239a2b19fc7a78042e0d5e
test/aaaaakqg_0_41.png,af2d9419cd655d5e83493d26e27e6ca0
test/aaaaakqg_0_45.png,0ad1fd79e6e325b6e4c0e3ae25a4d39d
test/aaaaakqg_0_46.png,734f29ec92d54ee04b99f20fa57a14ac
test/aaaaakqg_0_48.png,d877e9e299b8fca66fc9252a23e05572
test/aaaaakqg_0_49.png,8ee227c4fd372efec0e74e640e9a577f
test/aaaaakqg_0_5.png,c0a5e9ee777858f48ccaaaf1f45c7c77
test/aaaaakqg_0_51.png,5fdc8301713a6d54bf45e40a3b09b9c8
test/aaaaakqg_0_52.png,ac90389e72185bc3f40ff208e8e12270
test/aaaaakqg_0_58.png,6843c5466a2665d06af1db4816319271
test/aaaaakqg_0_6.png,f5def8d78c713b95efefb64e6f5805b6
test/aaaaakqg_0_7.png,cb5c58db281ba199f61bfd59637065f6
test/aaaaakqg_0_8.png,7d331cf18359379e7159d4792630997e
test/aaaaakxo_0_0.png,9a2fa2fa28420429d4026531c64d6bcb
test/aaaaakxo_0_1.png,bea1872377a191d656c19c9d7aa61100
test/aaaaakxo_0_12.png,1e3a448146197d4ace82ddebe11bf570
test/aaaaakxo_0_13.png,612714ac0a1262f90451a519359ad236
test/aaaaakxo_0_14.png,dedeee065c410479d3a1666309f3202c
test/aaaaakxo_0_15.png,d386f5b2cc9991a9835c6568f1b5269c
test/aaaaakxo_0_16.png,a776e336cf4050b0a5da72b7c2d1977e
test/aaaaakxo_0_18.png,c6d34aeddfe7025ca99b1d8f261f94e3
test/aaaaakxo_0_19.png,e7412b658dea06dd4bdad953d5fac75b
test/aaaaakxo_0_2.png,6a9732b6e8f5888c9c84fcbcb72858d1
test/aaaaakxo_0_20.png,0c700b9ac56edda4dfbc67ea0cddca74
test/aaaaakxo_0_21.png,50021793936ad8e7e9598180a67a0076
test/aaaaakxo_0_22.png,ea5071c49df10e7a5e9b3d3f53001e21
test/aaaaakxo_0_23.png,6bea14eadc57185b38747926547d6820
test/aaaaakxo_0_24.png,bc4adb69d780ad886b20b5a38066a1d8
test/aaaaakxo_0_25.png,0743c8bec21690fc266000b34df41684
test/aaaaakxo_0_26.png,aec8cbb24e123edb7dfbc1dff54df1aa
test/aaaaakxo_0_27.png,e03a4ef1476d2d039298f0cd533dd864
test/aaaaakxo_0_28.png,0174cd38bb635f7c2f161e1785295f14
test/aaaaakxo_0_29.png,174c029e243714b846ee54d88330909d
test/aaaaakxo_0_3.png,e6e3f88eaff9d1a9d0d3554151539b55
test/aaaaakxo_0_30.png,ea039b47bda95b81bcb12d0e642d1417
test/aaaaakxo_0_31.png,0f650eb0d42dca6d9bf399afc9ea625a
test/aaaaakxo_0_33.png,da0c345c6c706fecb3cf04c874e7b167
test/aaaaakxo_0_34.png,daf6c5ee27b321cf18a7cd2acdfcf924
test/aaaaakxo_0_35.png,78936622c4fbce00d9ec8a2ce3f07a8f
test/aaaaakxo_0_36.png,8a35ebe9a161b82ad86ef6f38d2277a0
test/aaaaakxo_0_37.png,76460be8ecf1f862ff2696edd44f56fd
test/aaaaakxo_0_38.png,655f4e99ef8624e51bf2159f8b365ad0
test/aaaaakxo_0_39.png,8ccd4c679777574cb942f39df6a3f1c7
test/aaaaakxo_0_4.png,99d53ad95dbe9483e0e940c93a1ad323
test/aaaaakxo_0_40.png,e4bcbee06fec045ae2ec5b069f6eed7e
test/aaaaakxo_0_41.png,258ea8d3b3e2ead12442e46c43967fc5
test/aaaaakxo_0_42.png,d5bd92b5de4d0c7b5ffd7d682853fa7e
test/aaaaakxo_0_43.png,491f5f4c66b2d4d7afcffaba987f35ee
test/aaaaakxo_0_44.png,8b339c9bf9be698d8728682678ea98d1
test/aaaaakxo_0_45.png,bbc1ed9920947b8de7081de1883ee8f0
test/aaaaakxo_0_46.png,dc267b406b3b1eb6a5ebc8da5f94af06
test/aaaaakxo_0_47.png,97b5f6607b6a1ec7c8e98f8c6d49c2e6
test/aaaaakxo_0_48.png,ba509bea12e8f6e26bc96231f08eb5e6
test/aaaaakxo_0_49.png,7e67e722be3a8f945bf24bc7a763ba7d
test/aaaaakxo_0_5.png,ffeef1259a21ae6f7dcc61426b859f3e
test/aaaaakxo_0_50.png,94e412b4c3f6f1188f041d358252a3d7
test/aaaaakxo_0_51.png,24c2199f4fb11b43c48c217107c45de2
test/aaaaakxo_0_52.png,96f8a84137878398fee9c3a08ab65641
test/aaaaakxo_0_53.png,9954b36fec3d584582cda27c4edef97a
test/aaaaakxo_0_54.png,44055ee5b14e942421086844cb3f190f
test/aaaaakxo_0_55.png,068860160af3c8e5b5772b488439220e
test/aaaaakxo_0_56.png,7c787cea749810856a0922f23f1ecb4f
test/aaaaakxo_0_57.png,c2a338269656a4cc2b2d91f6b7b7e1bb
test/aaaaakxo_0_58.png,dfa5bc37b2585dff2c439dad5ac46366
test/aaaaakxo_0_59.png,18c72ec97c119fd17067037ee6a38e55
test/aaaaakxo_0_6.png,7e1c08f36c8fd2654ab8dfc89b9be893
test/aaaaakxo_0_7.png,80cb540110d9e2cac322073478d878a6
test/aaaaakxz_0_0.png,5d7ee52b490f4c1cfd1401397b8ac898
test/aaaaakxz_0_1.png,9c8c8b7e46bdce6809d8dfbe68179190
test/aaaaakxz_0_10.png,52a7023c202d7155469b5ada4c7bcfab
test/aaaaakxz_0_11.png,7fcffd43da2d7753a546a2148119e59e
test/aaaaakxz_0_12.png,20a1d709eaed86eea9a64a9522f0a667
test/aaaaakxz_0_13.png,51f276dea7a70f886087c0d85e501641
test/aaaaakxz_0_14.png,369c416707deef9c148334dd915cab53
test/aaaaakxz_0_15.png,5f870577d18870e73f32b974bd813bc2
test/aaaaakxz_0_16.png,9589e781c4c7b40c261a5d0e231e93e1
test/aaaaakxz_0_17.png,bef799a5e0a8d654695c6263422e0a4e
test/aaaaakxz_0_18.png,1a8352d0e756b45d9771baa7375c8bd7
test/aaaaakxz_0_19.png,601b0d8ce154e65b7fd470a05bb95c10
test/aaaaakxz_0_2.png,4cab71400cd746648d7846a79a15af0d
test/aaaaakxz_0_20.png,87eee49666b8cddd70d682d1882a11be
test/aaaaakxz_0_21.png,d837c19c6a09cdbf0422b7f6c027213d
test/aaaaakxz_0_22.png,c113422b627ed94474216c79397edbf6
test/aaaaakxz_0_23.png,68c6ad0dadc09bd2540fe3a19b66c027
test/aaaaakxz_0_24.png,e6878077f76342dee16dbfbd64b36ff8
test/aaaaakxz_0_25.png,6be57e574a87285f67a5a38e86918141
test/aaaaakxz_0_26.png,6b74c96e51ae3b50bb19a7a3d44d6b24
test/aaaaakxz_0_27.png,8d32cf32b977ff09fb5564b023b597ee
test/aaaaakxz_0_28.png,601b1575d87c541ffc06431aebca4233
test/aaaaakxz_0_29.png,fc944565bc2f7161fefdaf843ca7df87
test/aaaaakxz_0_3.png,7b322adc1587079f96c9b38753dc09d2
test/aaaaakxz_0_30.png,1091a19fb86f72d9223986aa5d6f25f0
test/aaaaakxz_0_31.png,035e27ff669fb128b3b346f09e3c2279
test/aaaaakxz_0_32.png,e24f92637f378a3ea999f34ced34ed0b
test/aaaaakxz_0_33.png,41a32ed22cdad5799daaca5e31eac217
test/aaaaakxz_0_34.png,d0f3c756fa9f37213fa2f3c5cf8e8635
test/aaaaakxz_0_35.png,dc496bd8de8167717b8867e19ed12571
test/aaaaakxz_0_36.png,a37fc80de6c36c2040391523a251966e
test/aaaaakxz_0_37.png,3986da913393fde8f70f4f1b653350ca
test/aaaaakxz_0_38.png,166be6dd417ba90acac61ab74a809da4
test/aaaaakxz_0_39.png,fcebd5770fbcb7545843e281b6212d87
test/aaaaakxz_0_4.png,24ca3c3898ee05e1418e919752f618c3
test/aaaaakxz_0_40.png,45c3e2a916024143f866f6fbb0abfef1
test/aaaaakxz_0_41.png,43c0a319525e673278f62c2567b0a6d1
test/aaaaakxz_0_42.png,b334fb2631d11ef1c3171847294255c9
test/aaaaakxz_0_43.png,ef01f6c813f05cacacbb907b1bef8839
test/aaaaakxz_0_44.png,245989b8bb89f65ac9d7d05197b44df4
test/aaaaakxz_0_45.png,7029c0ffecaa50ecd418af33eb3d5af8
test/aaaaakxz_0_46.png,9c96678da143bc9d19b57873101becca
test/aaaaakxz_0_47.png,7015c88a9528435ef6b5d06f33563b0d
test/aaaaakxz_0_48.png,1004aa867ed5088ba2d810e533e91976
test/aaaaakxz_0_49.png,4388903c08b1db6d11dcb0dbd35d6522
test/aaaaakxz_0_5.png,f24096692449f9a58c1850d5b625f374
test/aaaaakxz_0_50.png,50509c1f5bcc6cbc17cf48ea3e81b758
test/aaaaakxz_0_51.png,5b84492d3fcd6615a7aa4489343f7bb7
test/aaaaakxz_0_52.png,fb1578062f234e82d615aaab0e5e5048
test/aaaaakxz_0_53.png,ff6c8fcfc2eae68c6f0b9cb36fde140c
test/aaaaakxz_0_54.png,a612c1f9134705624c6dcc67e0595be8
test/aaaaakxz_0_55.png,958217c12b0c2661fce82bd1b6fc4d95
test/aaaaakxz_0_56.png,90ce5701134658e311052800ebc79ccc
test/aaaaakxz_0_57.png,553f2951d0fbafb539a11f9db172f596
test/aaaaakxz_0_58.png,9f7a9193ce9bddf26d52657bd8009722
test/aaaaakxz_0_59.png,05763d31e074418417fe1eff168e0cf3
test/aaaaakxz_0_6.png,8ffac87c691592a56d6f105324c47c5e
test/aaaaakxz_0_7.png,f5831dcaabfd47fd37c258ba8bb82148
test/aaaaakxz_0_8.png,4a830136236b41ae7e9cef9f7f020d55
test/aaaaakxz_0_9.png,ec8e547a324a24de3f1aaf781521ca9b
test/aaaaalaf_0_0.png,c69e7c3f80a23d0339c85464e2e5b285
test/aaaaalaf_0_10.png,ff32a22266843b83c32ccaf9597f9011
test/aaaaalaf_0_11.png,d7674432719d174ca61ad4ea74649272
test/aaaaalaf_0_12.png,549e231cd1ba6b2e9babecbf1caf7e80
test/aaaaalaf_0_13.png,3db22e545d5be2ef6f8cf652371ae319
test/aaaaalaf_0_14.png,5665173c852ac500738d9f356673fd3a
test/aaaaalaf_0_15.png,e1f9ac197c4a4c8f25fdcd939eaef713
test/aaaaalaf_0_16.png,86c1aa23dd43d415394c194110fbbd30
test/aaaaalaf_0_17.png,1b6972e7cd40775322ae4b12c32395d3
test/aaaaalaf_0_18.png,23ad4e0d15ec790ac27aa9b4d969ac8e
test/aaaaalaf_0_20.png,ea4d3f48f7c6e2ff349e62c58a2d6fae
test/aaaaalaf_0_21.png,e6680235a28e8d261d41d0c0c47d0779
test/aaaaalaf_0_22.png,edada05f1267dc9af7f30ef6a701ed98
test/aaaaalaf_0_23.png,816aadcb0a23e6df8d51b8fa018af7c2
test/aaaaalaf_0_25.png,feee3afb02e22ed3e98da87dc59f5460
test/aaaaalaf_0_26.png,17d0a1437c9404ac3ea4432b78c57c98
test/aaaaalaf_0_27.png,d276033e0eb00e66f5c1c29eb5558525
test/aaaaalaf_0_29.png,0f8987fa8c5089e48bc3446c71d41605
test/aaaaalaf_0_3.png,1bf0fe04f9e790e8ce26745d1679dd9c
test/aaaaalaf_0_33.png,79c6bdc124dded6ee0523d5ff42c459f
test/aaaaalaf_0_38.png,dd9e7db7233f9aa0aa4114fb5123caf8
test/aaaaalaf_0_39.png,414e12672060d60dc74cb9070adac066
test/aaaaalaf_0_4.png,6298062ba55be88d037dca7119236d0c
test/aaaaalaf_0_42.png,f080f43c82f4ed7a86d3f05c3d825e6f
test/aaaaalaf_0_43.png,06be8fc340475b4d2954f786fb57881e
test/aaaaalaf_0_46.png,c3df310bfac1849dab144b286647b3af
test/aaaaalaf_0_5.png,af63c9d4a1f8c0d5b456d4aa8828490f
test/aaaaalaf_0_51.png,0e756afafbf86d0addfd05c94a3326b8
test/aaaaalaf_0_52.png,4064b866b2dada9d6af1e24276cf51a6
test/aaaaalaf_0_54.png,2c79404c671f2abfb995b1717af633ec
test/aaaaalaf_0_55.png,f96eb6dea9b3b68653e77ecf1c973f92
test/aaaaalaf_0_57.png,be3f60bdaeb3ae92e0874f2ac2d4a0c7
test/aaaaalaf_0_58.png,76b8f44dd220fc2548c0f4b6e6692f8b
test/aaaaalaf_0_59.png,057a371224f0a73e688f981fb2982aac
test/aaaaalaf_0_6.png,a852cce2b725655b73970206518f967d
test/aaaaalaf_0_7.png,a3667534868dc4bb8aa8f540ff6a76b0
test/aaaaalaf_0_8.png,3bf8dc1e9be52d8bca538b5dfab6c9de
test/aaaaalaf_0_9.png,f1c48300e19adc0d46282dbbcd2f320e
test/aaaaalco_0_0.png,bed4c2d84bc8a1deda4e94a8224db4e5
test/aaaaalco_0_1.png,0ada56eb2b3cdbc76d9b854a11a8869d
test/aaaaalco_0_10.png,a259ad8eba656c34de20032d71d0a856
test/aaaaalco_0_11.png,2a36a224357d0935473236cd9a8ae030
test/aaaaalco_0_12.png,b7080d1d29e881af8a534851b4735ba0
test/aaaaalco_0_13.png,53d63ef42f8765e38f9beed025c50144
test/aaaaalco_0_14.png,59f699bd4556e0ff0d5a77c170e207d9
test/aaaaalco_0_15.png,7407c667aa3e0b04f4f3c82230126b72
test/aaaaalco_0_16.png,d867ede74cb210cfdef92eb3f2883c1e
test/aaaaalco_0_18.png,a0fb5dc9206fe71b31bdd7222b4ee8bd
test/aaaaalco_0_19.png,2baa33ad448e42559b92772d6ec1baa3
test/aaaaalco_0_2.png,b526867941fb3af459bc26525e1cda74
test/aaaaalco_0_20.png,e1394f248af53b3d35ed93627a73c4d1
test/aaaaalco_0_21.png,335046919a05653e6bcb0bad415c094a
test/aaaaalco_0_22.png,9c770f6ade527ea5803c7cfeb127861e
test/aaaaalco_0_23.png,5c59a6dae4ec37f63ab742ec85c985fd
test/aaaaalco_0_24.png,5672db52ddafa20b1219a3ed75b4bdee
test/aaaaalco_0_25.png,254ebafaa1c8d011ce15bb886c877b28
test/aaaaalco_0_26.png,3e4c02674083f09ad14d145852e77b59
test/aaaaalco_0_28.png,6728370b5a9ba9b89c0070a0a34b8947
test/aaaaalco_0_29.png,287b49007585004c409a6d9efa81578d
test/aaaaalco_0_30.png,1c356626117cf2abffa9c6d87f21587c
test/aaaaalco_0_31.png,7b961d0ba00d19644f7d6a4c44661b26
test/aaaaalco_0_32.png,43dbb3df24b43cce25713987dcc63bf0
test/aaaaalco_0_33.png,a7f851d144f1dc9afe6c55c81f201d73
test/aaaaalco_0_34.png,6d24d06f386a799818a6b9631470719f
test/aaaaalco_0_35.png,b51aa0c4da3170481dbd224a46c67e43
test/aaaaalco_0_36.png,a7c6684af86265ec7c0e706d855b4844
test/aaaaalco_0_39.png,d301dadd76ec1c1539270b75996363a2
test/aaaaalco_0_4.png,4c9b5a52079fd29a6c8e2ca2095dd186
test/aaaaalco_0_40.png,22f4aeea4dda7c239250e04dfc10a5c5
test/aaaaalco_0_45.png,d8c6144a25614111aa2be532e25c4547
test/aaaaalco_0_46.png,4fd69fa134f12da0aa105caa4d3749ec
test/aaaaalco_0_49.png,3c4f0781e363b1ed3c1d21896bc3dea4
test/aaaaalco_0_5.png,bfcdafe9e29b2490e5637fb8b10b7474
test/aaaaalco_0_50.png,9662b225e2152f6c6c869db2f8b9a537
test/aaaaalco_0_51.png,462b349eb7e53d58706e29c2566935cb
test/aaaaalco_0_52.png,b440353e9e63b530c39d812682f94f4a
test/aaaaalco_0_53.png,a7bb7fc51960909bd6d09867545b9966
test/aaaaalco_0_54.png,a7702ef2c43eb51f6ae73493857037b7
test/aaaaalco_0_55.png,70021cd3403dc3e6fb67491f43ab2e95
test/aaaaalco_0_58.png,330ea311087d2e667b97609df7f02afe
test/aaaaalco_0_59.png,275c8797468376dcdfe212b3abd02d62
test/aaaaalco_0_6.png,aa3a0e18dd6cdd372827f43bddbe7eef
test/aaaaalco_0_7.png,c8c865a330d55e22dc2cf21785f664f7
test/aaaaalco_0_8.png,7d9e561fe9ae88d39f10f4fe00c3afc4
test/aaaaalco_0_9.png,b30b404cb836f94e9947560765883122
test/aaaaallc_0_0.png,cd5e50d64ca86ad1ae9a157152fb88e4
test/aaaaallc_0_1.png,2d953bbdecbdaa47c8ebabb7a8c25d95
test/aaaaallc_0_12.png,6b10817f2c7ad5fc00d5513040bb0f24
test/aaaaallc_0_19.png,13cf914de9d372f3d2531c9eca9757d0
test/aaaaallc_0_2.png,0fb8448081437d99ad8bab6b30f0220d
test/aaaaallc_0_25.png,e5d7f6dc53af4c25e0085092675a48f1
test/aaaaallc_0_31.png,22fc4c9887eedb66792256c91a87bc0e
test/aaaaallc_0_32.png,35169280437682dcc5d25af7a6396956
test/aaaaallc_0_37.png,08bc1df387b3a6ba3784d2770c0caec3
test/aaaaallc_0_4.png,1a678e84438571497c3211d6cf7bc549
test/aaaaallc_0_44.png,5810f34c39dceb2d167e08acf6a8384d
test/aaaaallc_0_45.png,f35388dce1c676144c1f75dc5a026306
test/aaaaallc_0_48.png,675538444b4494c00062f1b06247f5e0
test/aaaaallc_0_5.png,f9e467e37e0ca3a2d873b86ed99d4877
test/aaaaallc_0_50.png,94cc6dea417dc42eaa77932a3e066236
test/aaaaallc_0_53.png,f68bf34362aa85b80bbcc6ad5e065552
test/aaaaallc_0_55.png,9a8c9ee29394b26a4830aa6d41eb93cd
test/aaaaallc_0_56.png,0ac3529b9572c2c59b500699004f4634
test/aaaaallc_0_6.png,dd208d3d15bb868fb5f374d6a1aeff89
test/aaaaallc_0_7.png,28b29fde0b7b3697d5ffb3b6f8f184f0
test/aaaaaloy_0_0.png,ec76560c2edf05383d993904337b1bf7
test/aaaaaloy_0_10.png,65a33772832f7f68a98e5963211cd37f
test/aaaaaloy_0_11.png,7275d7d759185eb65cb2f1330ff74145
test/aaaaaloy_0_12.png,370f0f508d48ade830891dcb16868bdf
test/aaaaaloy_0_13.png,8afe79cd7546c458c57fdc9d329e9f7c
test/aaaaaloy_0_14.png,78e239170b6821e21429bda54c3c10ca
test/aaaaaloy_0_15.png,c0865be473d071487e458ffa25af32ed
test/aaaaaloy_0_16.png,ff003847837d7056f2886c12e764bf22
test/aaaaaloy_0_17.png,4ebf5b268ca31534596e96ce6deee658
test/aaaaaloy_0_18.png,4c5cbae994015ec3d0a97f7e0b400f0b
test/aaaaaloy_0_19.png,03781385fa350d5c83aa2c40b4d47131
test/aaaaaloy_0_2.png,1f0e8a1e21875bdc0fc24ddb0777f679
test/aaaaaloy_0_20.png,37ac70909e2fcd79ab693bfbda11e187
test/aaaaaloy_0_21.png,0776b005d0e583946bfc79eba659fe91
test/aaaaaloy_0_22.png,b42d35e76f859a5b80d300f7eeda29f5
test/aaaaaloy_0_23.png,a55da470f31fc0e8f7856bb64ab0a0b5
test/aaaaaloy_0_24.png,9087dd44fea5a0d49ce443e9498f669d
test/aaaaaloy_0_25.png,6e848e2d8897c42b80f0ba893eeb00d2
test/aaaaaloy_0_26.png,6a9ba3adaef21abc63cc996e64c6b671
test/aaaaaloy_0_27.png,1dc32814133ad11a8d119356fc5a07ec
test/aaaaaloy_0_28.png,bca15d8969096ad2005b0bf062a46b48
test/aaaaaloy_0_29.png,179a92ffe6b9d5142fee0834e04d22a9
test/aaaaaloy_0_3.png,5dec08665805723e9358b0736098959e
test/aaaaaloy_0_30.png,cba5278c64008d623906dc9fa826dc01
test/aaaaaloy_0_31.png,e5a2deba2c577e89d7055310f0830d6f
test/aaaaaloy_0_32.png,c6cd33337cc5323cbc55eb23b49c2cd4
test/aaaaaloy_0_33.png,0ba15c95cf47a169e556f3b3b40bff92
test/aaaaaloy_0_34.png,4a13c336fbc56bd29b3bc1ab9152d83e
test/aaaaaloy_0_4.png,ea8486214d80633120603e051494598c
test/aaaaaloy_0_5.png,10f88ee2625adca130854c75ccbf3604
test/aaaaaloy_0_6.png,03494ef41fc2dca97267e61ffa57fe63
test/aaaaaloy_0_7.png,1cb4a14b4c34cd4499752d131776b21f
test/aaaaaloy_0_8.png,5841f37cc41157f8562411ffc9b680ed
test/aaaaaloy_0_9.png,9ed7a01bde4fa0ce9f5293f761d756dc
test/aaaaalsq_0_0.png,c4366d73a3685ae92ca2ed990b9c0716
test/aaaaalsq_0_1.png,6cbd20daa29aa46b81488e939701fa21
test/aaaaalsq_0_10.png,04db41e0c4f3bb6edf88ac5bef45333b
test/aaaaalsq_0_11.png,e20933f8c5723aa23e0c6b62128805d5
test/aaaaalsq_0_12.png,e4fd159ff6ec7728da2753a4bbed4e80
test/aaaaalsq_0_13.png,608704e19af4ecd2b4586670975060f8
test/aaaaalsq_0_14.png,22e9ddcc2429938074444c68808eee92
test/aaaaalsq_0_15.png,6173c5d65e862bcf5c893e52c635949b
test/aaaaalsq_0_16.png,5a1960176ad25a1a4190e48e0b48ddef
test/aaaaalsq_0_17.png,9364ceb30a06f9d4c185b0725cbdd019
test/aaaaalsq_0_18.png,d5605a6f0c274e3f742bb45c7c9eff8a
test/aaaaalsq_0_19.png,ffae534d85f0ade615fe7ac379dc66af
test/aaaaalsq_0_2.png,74863077f441f50db265e6d500b5c0d2
test/aaaaalsq_0_20.png,7f3811325ad1a20ed47655919f64dbcd
test/aaaaalsq_0_21.png,45422a0e831dcfff7d345ebfc49bfb91
test/aaaaalsq_0_22.png,e389092feabb9b01d8af461299f1c4aa
test/aaaaalsq_0_23.png,2c1dc9e9c9b8c11a28c783dc2f0156f0
test/aaaaalsq_0_24.png,0192b07e8f9a654029b627b63cc69e93
test/aaaaalsq_0_25.png,e3dc1a57f11a6c23dcf106526217db53
test/aaaaalsq_0_26.png,b9503252aa80e90bc5dfb08877cae539
test/aaaaalsq_0_28.png,5e3864a12cc10438a7e5e56bdc96f48b
test/aaaaalsq_0_29.png,f4438e52b180225ea6be6b069b2b0580
test/aaaaalsq_0_3.png,c901c0e68e2f4997c03179a63737fc49
test/aaaaalsq_0_30.png,d211efa6dca73ed2fa47b360b0075fac
test/aaaaalsq_0_31.png,981a508e80b033c9e2a17700cc5709ec
test/aaaaalsq_0_33.png,58346d5f91b39c4a16dfddc3023c14be
test/aaaaalsq_0_34.png,2416dbb7d1a16e7439b6dacb2d7a0d2e
test/aaaaalsq_0_35.png,7c119a929c70ddafba84c7b7b629c48a
test/aaaaalsq_0_36.png,a3850d020d5f99db09d875c3a94d9167
test/aaaaalsq_0_38.png,0f67a60fa2e693778b863422e1397114
test/aaaaalsq_0_39.png,d2732125be1a9c4c1acb2684e9b5f4e2
test/aaaaalsq_0_4.png,26bafe89f00f15d33ff3dce1a242c692
test/aaaaalsq_0_40.png,bcc19e09cd76dc92408549ac9b8dfa3b
test/aaaaalsq_0_41.png,47439a642f3aecef5beb2f7a673aac60
test/aaaaalsq_0_42.png,5ecff61eb8b376b733a5b88c15851ecb
test/aaaaalsq_0_43.png,2e5d8f1d07a5747126d5e3559a6c28f8
test/aaaaalsq_0_44.png,41f32c47c176870c635aaf82a4d95440
test/aaaaalsq_0_45.png,cb69c65189a084d02ee2ba1c09b422f4
test/aaaaalsq_0_46.png,622d7115979a8908c01ae1cd49c51040
test/aaaaalsq_0_47.png,adcef707276a31f8df8fdbdf6e073e56
test/aaaaalsq_0_48.png,dba0181414a177617da81719d7274e69
test/aaaaalsq_0_49.png,955230425e0ea0c5ce9b1362881c648b
test/aaaaalsq_0_5.png,24ddcabd281ca1b11f53c636a8155e29
test/aaaaalsq_0_50.png,c756e294341f87c59bc29933b2ab11ca
test/aaaaalsq_0_51.png,ed85e6bd412c174d6660d7d1dc79e7a8
test/aaaaalsq_0_52.png,0298fb462f217ecb2a699c7c8adfb165
test/aaaaalsq_0_53.png,c20d2182ea0de4613dfd5eb577581485
test/aaaaalsq_0_54.png,a54bdb5ede4adbc55298c964a6a17028
test/aaaaalsq_0_55.png,7d99083fbc36ecebcfc36f97afbee25a
test/aaaaalsq_0_56.png,7907a8fc4a818072af1d7cf1ce88e5e0
test/aaaaalsq_0_57.png,fcb13053a9c48c5758cd3fd6fed95837
test/aaaaalsq_0_58.png,c016ac071de3abc4b8eb09010dbbf2ff
test/aaaaalsq_0_59.png,3a1c58b767ff1db47adf2fbc1465f395
test/aaaaalsq_0_6.png,d56c5d1ac94cb593d6d099e9414b31a0
test/aaaaalsq_0_60.png,3345b4cea2b16cd3829e4acd060e9fe8
test/aaaaalsq_0_61.png,a50ccd3650ef84079958d647070dc5a9
test/aaaaalsq_0_62.png,386ab2c54f1241cd324298b90f337e8a
test/aaaaalsq_0_7.png,173ef03dc6db3b5e4b015241fc509a90
test/aaaaalsq_0_8.png,1ae9fad8a57949087d7c903bcfb25c31
test/aaaaalsq_0_9.png,91364673019b7c70f58ce97fb9842136
test/aaaaalth_0_0.png,684c51dbf8b2d400a277f3d4893ac9f9
test/aaaaalth_0_1.png,ad6a9e8a40404e383eb98edf81ecfbe7
test/aaaaalth_0_10.png,db5fec19741dbbf73cba39edf13ea262
test/aaaaalth_0_11.png,86be360d8e1141ca7ca8e84b7566dcb3
test/aaaaalth_0_12.png,d389a5164d65c2ba3932deb9d9e58f67
test/aaaaalth_0_14.png,ce7a75153eb03595948d769fff77afbb
test/aaaaalth_0_15.png,bab0f4527975c98b068681f94256c1bf
test/aaaaalth_0_16.png,c3043265ab319a93463e212051e93ec0
test/aaaaalth_0_17.png,42aeb51275af81b713e05e74dd1ae28f
test/aaaaalth_0_18.png,aa1bd089c81d1e3c1be5fce3f6ddb6a8
test/aaaaalth_0_19.png,fb486af1e3c0a7581725d8d5e244a251
test/aaaaalth_0_2.png,956ed81c84cd9ea5ff6f650ead436ccd
test/aaaaalth_0_21.png,30bfd334ce09651a4715ae33de955f3e
test/aaaaalth_0_23.png,cf6e01aa59edce1d273c2cc47f7a1731
test/aaaaalth_0_3.png,f827f7ab4ea3991680f6845ce4e5f5ba
test/aaaaalth_0_31.png,40a8db2a94807ecfac80bc59bc138b8c
test/aaaaalth_0_38.png,80a312943b357aac6335c5a1d64b4ca7
test/aaaaalth_0_4.png,8411d159d0b6747fa44b377b7807bc06
test/aaaaalth_0_45.png,ba1391b4aa2ae35c47a509943e1581c2
test/aaaaalth_0_46.png,aa01656680d776dbfcbb5ad252defb48
test/aaaaalth_0_5.png,6789107fd0eeb5325653ded61a7f0855
test/aaaaalth_0_53.png,75ea8f3e8903941f90167bf2e5025396
test/aaaaalth_0_54.png,3254c038d2ca16c826b4fb7c959ab386
test/aaaaalth_0_55.png,2ff468cb7cb49711ee999a0ecf01d6db
test/aaaaalth_0_56.png,dd6151775214bf0094cead181629d1d9
test/aaaaalth_0_57.png,a324967247e42c48ad29eaf011170f1c
test/aaaaalth_0_58.png,cf1c91d1106f8d50ca6929d9176d0833
test/aaaaalth_0_59.png,45f41bd38c710ade4db9c0390746b327
test/aaaaalth_0_6.png,a18285099804c0dc1ea0cccdf1d24a3c
test/aaaaalth_0_61.png,fa343249b6d432739f4d0988af18dde5
test/aaaaalth_0_64.png,a7bf4333d2d2e7bcd54a11a8306bef2f
test/aaaaalth_0_67.png,1011445ff072fd6ea18f3b775dfc3da1
test/aaaaalth_0_68.png,daef77d2add053a06b3ffdfcc6c121d0
test/aaaaalth_0_69.png,777f722927934e94fdb75b316699a88e
test/aaaaalth_0_7.png,fa4defd57a4b009c355eea363bb0628a
test/aaaaalth_0_8.png,6d268cad586f0aa79c8c449087574fc8
test/aaaaalth_0_9.png,f968c9e35543c266ebb19ef65bbb4a35
test/aaaaalth_1_0.png,fa011a8d20fddfadfab1c4fdfd3b8758
test/aaaaalth_1_10.png,8a303f693fcbf4892f4b768d4bb68020
test/aaaaalth_1_105.png,28215a68cdcebe678dce66285402a470
test/aaaaalth_1_106.png,3731316685c34d304f1203edf020fd70
test/aaaaalth_1_119.png,5cb894929d76eeccc9d15612ee02ed54
test/aaaaalth_1_12.png,308ff00bd4ff0b4906eee645d5eb8bd4
test/aaaaalth_1_13.png,31da15963ff6310271802e1de92c1364
test/aaaaalth_1_14.png,49c24c61e863560ffcba41986a93ef72
test/aaaaalth_1_15.png,e331db2ac337f75ea69f9f3cd136954c
test/aaaaalth_1_16.png,31d452b1ca2d0c3ba207c7c3d91a5bc4
test/aaaaalth_1_17.png,26140078bb6cdabab1d16f37d45696e9
test/aaaaalth_1_18.png,22a50357059316eecae0d366d3a257c6
test/aaaaalth_1_19.png,45b47278217e308166c8ff2f320d7a10
test/aaaaalth_1_20.png,bb21db039a8a75391f072fb5cf280927
test/aaaaalth_1_21.png,8f89cd1b8f3b713dd6c5650620a95dc2
test/aaaaalth_1_22.png,c4bd1502f1f8e3fcb941728fa08d40af
test/aaaaalth_1_23.png,ba6d87da47e8631d617e8df3d546910f
test/aaaaalth_1_24.png,c01000d8225a6aa828a7971975d8aaea
test/aaaaalth_1_26.png,178e307cd1c1bc28f1b3063f509e3b84
test/aaaaalth_1_28.png,9a2ff0654c9b94578a930baed0c23a2a
test/aaaaalth_1_29.png,9832c140caa54ac8919df327a143ad1c
test/aaaaalth_1_30.png,c36981ef180928eff328c1bfdbead3df
test/aaaaalth_1_31.png,321c01f879737467baf8391d89f571f5
test/aaaaalth_1_32.png,79679c0ccee92bb95140b7d55e9aaacf
test/aaaaalth_1_33.png,b88a3d5115012d14a6da92d17b41b721
test/aaaaalth_1_34.png,c2fa2d9ce73f10e888f76a67a5a41d65
test/aaaaalth_1_36.png,9a7fd74dd3b29f8f26a445a73d4166d6
test/aaaaalth_1_38.png,fc2657756d3c1e3052584d12472e493b
test/aaaaalth_1_40.png,143da677c6fcda75df176d85d93c425e
test/aaaaalth_1_41.png,fbd9fbc4f22e6889ada428c9b0c7a553
test/aaaaalth_1_42.png,c0f89ded508e8bb08135c5fd31c65f3a
test/aaaaalth_1_49.png,9147bb80b3c0e44bd8ff9d0ba921e3c8
test/aaaaalth_1_53.png,8a2688492c43b115dd37c1665affeadf
test/aaaaalth_1_55.png,8cd585e516f41a6ea39c8497fb91b897
test/aaaaalth_1_61.png,a28adbe1c2fd00dc04473b5da4cc6efd
test/aaaaalth_1_63.png,d28b62c855c3174b8604d0a544b17e43
test/aaaaalth_1_66.png,244b96c8e2edbafa77edc3c2e8f77341
test/aaaaalth_1_67.png,433fe7614303132bd9fc4edaad34410e
test/aaaaalth_1_7.png,134b1283c558f08fd0d04c8a0d03f6b2
test/aaaaalth_1_70.png,9f8ef101f26d593d5a1ff8fc511825ea
test/aaaaalth_1_72.png,be8f2225c19ef57a4bfb8ae45e79fcad
test/aaaaalth_1_75.png,0ad0f20db3bb59f5e41d218098fa90eb
test/aaaaalth_1_76.png,808cdfe10bd9bb70d720abecd094aa03
test/aaaaalth_1_79.png,7b1a3e086261f58e1f001f09e942820c
test/aaaaalth_1_8.png,f35853d4ad8339064100adbd00e5b68b
test/aaaaalth_1_93.png,b0021675c0c067d77e066d3f448ccc9e
test/aaaaalth_1_99.png,a12818c0ef3e34d10205d1c14fcd2881
test/aaaaaltw_0_0.png,c0da083f3230ef424835b11d42141dc6
test/aaaaaltw_0_1.png,de80fda5a6a62f814feeb48bc5d8ed97
test/aaaaaltw_0_10.png,ed29bc75d87430114de568c4c9a1708e
test/aaaaaltw_0_11.png,09f3e5ce64bb0adb88d0aeca8f9021d3
test/aaaaaltw_0_14.png,69fea2403c81cc36b7cdacac52811c44
test/aaaaaltw_0_2.png,9b321bca2e1c144582cc348b74b1c5cc
test/aaaaaltw_0_21.png,10c7cfad296f4c2398d3fe082e068786
test/aaaaaltw_0_22.png,d07f8675bb9c8c27fb62c06c193f340b
test/aaaaaltw_0_23.png,b5408de7d58412c00f0076d79aa045d7
test/aaaaaltw_0_24.png,b6f6e11f5523be7aa81d4de7c000a643
test/aaaaaltw_0_26.png,c61c0e69932bc769b0954c61f866a92d
test/aaaaaltw_0_27.png,c91436e10bff883a4ad2b6442f4b733c
test/aaaaaltw_0_28.png,16128eddc409cd5da26daaf1cfa55da8
test/aaaaaltw_0_3.png,31ecb683a7d1d4273c6bb969aa6c578a
test/aaaaaltw_0_34.png,db5eb2859db23a4d08ca89625b521e05
test/aaaaaltw_0_35.png,3294af8fb8e05f1a7f72b4445722df94
test/aaaaaltw_0_36.png,9f64bf3bd179fe0833b433f8f000040b
test/aaaaaltw_0_4.png,24fa4a51c5e1075d55ea32f81e6634a2
test/aaaaaltw_0_41.png,e534bdd25f7e7263546c4ba8bdcbf584
test/aaaaaltw_0_44.png,63d77e7db47f4ab7e6a308ccd2e4e007
test/aaaaaltw_0_45.png,378bfc62fdb8059c18e84ab029016940
test/aaaaaltw_0_46.png,9dd3c14fec30dff555ed001f152c20c0
test/aaaaaltw_0_48.png,e2a7ae70d91e416721f2dadd637745aa
test/aaaaaltw_0_55.png,5824fa2988820065fd1e89c85be56428
test/aaaaaltw_0_57.png,686e93d926a6f875fafae75eefce0abc
test/aaaaaltw_0_58.png,6e444a37343132f582a2c269122630f4
test/aaaaaltw_0_59.png,95b56ac443360cb1b687fc93675a99c7
test/aaaaaltw_0_62.png,3df7692c84d04dd264aa44ed2f299b78
test/aaaaaltw_0_7.png,811d1aa6f90fc2bc3fff012a5ca32593
test/aaaaambs_0_0.png,309e829f6f699c939100e3a2bc9f42db
test/aaaaambs_0_1.png,ca33c73983ee7f6be468f46b780f0a77
test/aaaaambs_0_10.png,27dc2a2302eab62d29748c6bad403804
test/aaaaambs_0_11.png,ba7ba444804eb402fc4593b8f996b774
test/aaaaambs_0_12.png,bb6ba104784dd88781bed0823c4b81ae
test/aaaaambs_0_13.png,e9c7e5ea77669c10c5c18708c6181616
test/aaaaambs_0_14.png,53c6250aaae5eb8e804e5ad28b6d4dcc
test/aaaaambs_0_15.png,a1c2d62e8a0487b45c739d5739ec14d1
test/aaaaambs_0_16.png,1bcc93cc3781a86cbde910c256a4f76b
test/aaaaambs_0_17.png,3208c8a080a7fc330c220fe3ec607b59
test/aaaaambs_0_18.png,639eea06dd1cf7ab39332449c1972b00
test/aaaaambs_0_19.png,9cd76ff8b3afa74d5924261fbda57879
test/aaaaambs_0_2.png,49d22a60f37880d65549d01c73041665
test/aaaaambs_0_20.png,08b201b1ef59116efb2ff2097f719696
test/aaaaambs_0_21.png,877492cc1c6c38eaeef109955cac6a2b
test/aaaaambs_0_22.png,0ac6a61e5f63fa1c19b77605a94f9918
test/aaaaambs_0_23.png,a875d75fda75229e4225c71ac705de57
test/aaaaambs_0_24.png,cc292e5695196d5ec24f56b3ec86ab6c
test/aaaaambs_0_25.png,0e5970babd6f8417451bd71b9a5dc865
test/aaaaambs_0_26.png,6044dff97270cfd84ebf6c3b7a7790c0
test/aaaaambs_0_27.png,239d8b861613c1dbe6bc574b81b5dd0f
test/aaaaambs_0_28.png,db536f5b90f57929a94640d2fa4c7d1b
test/aaaaambs_0_29.png,c87011fcc076bd563e5ab74e46553537
test/aaaaambs_0_3.png,9c3026c478ca771b04f691a536c8db96
test/aaaaambs_0_4.png,5f0dc85b1332b747acc87b85bca90c7f
test/aaaaambs_0_5.png,c56da5447f2f167a9f1853704ef4b054
test/aaaaambs_0_6.png,1ade13f04489a968832cceb810e94500
test/aaaaambs_0_7.png,9d5ae9614ad074da97483e666d736e26
test/aaaaambs_0_8.png,2ca9c56c6aae87c17c22bd33f9b5bebc
test/aaaaambs_0_9.png,8285719028f799e0d3b934eb6415af42
test/aaaaamdq_0_0.png,bfcb35a4f23ac0b56820b9cc27e28984
test/aaaaamdq_0_1.png,22df5d77b6fa068b2e502ca4a7c91039
test/aaaaamdq_0_10.png,d56e21ab49fc2fa04b816196acc3b10f
test/aaaaamdq_0_11.png,727c084dd1b63851a81597b35f212c22
test/aaaaamdq_0_12.png,963c67a93f9891c0278cc5dea08d4c19
test/aaaaamdq_0_13.png,5438752841c34ab2dfc5ebd5b51c943b
test/aaaaamdq_0_14.png,44fc15ec4628b394795f470e5db67467
test/aaaaamdq_0_15.png,1849b2247b011a1160d36d82ea11e922
test/aaaaamdq_0_16.png,cb9258a7bd072bc0c90b72daf094769a
test/aaaaamdq_0_17.png,6a22e342dd13de3a7434be8d7fa843c3
test/aaaaamdq_0_18.png,170ff151ddce5901cd33374735e49eaf
test/aaaaamdq_0_19.png,39d3d9af134c63f3a49e9477af3fba68
test/aaaaamdq_0_2.png,0219a173deb3e4ed2cc97e5f777e2889
test/aaaaamdq_0_20.png,06a3b310091ffd2105300c3ae6546e7a
test/aaaaamdq_0_21.png,e1895e7c3aa5ada3ff3c017a4fd73f32
test/aaaaamdq_0_22.png,52d95a4504ca7de9af84235eb4c0ed80
test/aaaaamdq_0_23.png,ffc176dc324936c6821bec0455a43456
test/aaaaamdq_0_24.png,12abd83fdbf8a40eee5fa8c7a85527cd
test/aaaaamdq_0_25.png,870160d08d9a1d0bf3a8cb9a4dc481bf
test/aaaaamdq_0_26.png,b305726e8b0786707ee070259dce5f6a
test/aaaaamdq_0_27.png,2feab2d01c6d44a224f8b6ad610507b5
test/aaaaamdq_0_28.png,3bf7cc135511b481a01534ed89504314
test/aaaaamdq_0_29.png,94039fdf5baf5a7d0929119bddb8e6b6
test/aaaaamdq_0_3.png,c73719b9ddfc2dd162edf4f6ee26692d
test/aaaaamdq_0_30.png,a5dfa67065bf71f5c47d89fb30fbfdca
test/aaaaamdq_0_31.png,ea3f9687bdce833856fa254142438105
test/aaaaamdq_0_32.png,2c18ba332cf096b8b09bc5e2cc6bc74a
test/aaaaamdq_0_33.png,9fcf8f144b9f1df4f1eb1331821933d0
test/aaaaamdq_0_34.png,df0acade0ed49addc47bb18f7819e71b
test/aaaaamdq_0_35.png,3c2dbe2871360154adadfc534a578dc7
test/aaaaamdq_0_36.png,fe36cff8215333a1bdc8739181174693
test/aaaaamdq_0_37.png,48e1f6eea26989ead552affd796b41d0
test/aaaaamdq_0_38.png,5839f86ea6beafc854da9a639938adfb
test/aaaaamdq_0_39.png,83d93459e9d30123e2d77af5e8188f5b
test/aaaaamdq_0_4.png,be74556d0a425310410381833a8123c1
test/aaaaamdq_0_40.png,bccf21dc81ed947d24ab24cf57f7b98c
test/aaaaamdq_0_41.png,5e3eee193ee797a13dd861e33614ba58
test/aaaaamdq_0_42.png,9ec0c17e619f68d25a3273cd771608e5
test/aaaaamdq_0_43.png,a34a40a28ca0ffedff8e077176c5f811
test/aaaaamdq_0_44.png,2b571eda2e2f2003b6438617a2ae921d
test/aaaaamdq_0_45.png,93ef0c5ccfbf53c237aed44b214c6794
test/aaaaamdq_0_46.png,0b8cca63ef9b47248cd6c4be92eb9a62
test/aaaaamdq_0_47.png,4adf46d9d34ad3cc5fe4ff7db1c2b91e
test/aaaaamdq_0_48.png,15f18013d85c32eb852fc7c362b3e0fc
test/aaaaamdq_0_49.png,bcfdc3adfac8b1b0b290d4a8fa9b1ecd
test/aaaaamdq_0_5.png,35befc359dbb1870d84fd53678346ab9
test/aaaaamdq_0_50.png,d09c3bd196d2f7d859920e1ef0cf0851
test/aaaaamdq_0_51.png,15f5d4b64fe6246b0f1731e0e3e22f7b
test/aaaaamdq_0_52.png,b34e86903cb6738191ee7cc4192122bc
test/aaaaamdq_0_53.png,f8dad27b784ccb37bcf604989c32d00b
test/aaaaamdq_0_54.png,445047c9149f844594bc68086b54be3d
test/aaaaamdq_0_55.png,fd1b595492912e7a7a0d6ee607bbfbd3
test/aaaaamdq_0_56.png,12ed3251accdf034be67cfdc34acc7e8
test/aaaaamdq_0_57.png,a3f2e2afb3c2644ebf8e46c7abde2e41
test/aaaaamdq_0_58.png,541045d7a40cebb40c00b462d028e3fc
test/aaaaamdq_0_59.png,01540832e935de70d9f105cb30d0ee99
test/aaaaamdq_0_6.png,150dfd17ac4b91117470c5419bcc62d6
test/aaaaamdq_0_7.png,9e90026759369bfe66d3bedb73ebd077
test/aaaaamdq_0_8.png,228115af43885a32fa525cab670e43af
test/aaaaamdq_0_9.png,51ddfecf3a61f717977b1cf365fc80ad
test/aaaaamdu_0_0.png,1f0f9bac94727663e52659180f0c886b
test/aaaaamdu_0_1.png,b992bc5cace6895ccccc2b4aff6282d0
test/aaaaamdu_0_10.png,5829e0a5f8141a64b8b6e4df5e8f2982
test/aaaaamdu_0_11.png,a2e5e0734db38215da2e841795444568
test/aaaaamdu_0_12.png,b862ddbdf6ff969a925fd50d4e8e73e5
test/aaaaamdu_0_13.png,c772d904409daecdf07afb2108988c58
test/aaaaamdu_0_14.png,603f8fdc3b7ab3f325b657f50e465da3
test/aaaaamdu_0_15.png,03f7d61d9b0c92c3172cd4030e90a412
test/aaaaamdu_0_16.png,fe22cfa70df8973977c9a7c2e9d3d67e
test/aaaaamdu_0_17.png,7eebe9cb6b6b477ea4c64556315dcf87
test/aaaaamdu_0_18.png,9ea06350771f32c38deccd149e5dfb83
test/aaaaamdu_0_19.png,003454acadaccf56431731b63185ff71
test/aaaaamdu_0_2.png,5e06ffb941e4d70f4d264d676f68d696
test/aaaaamdu_0_20.png,2b30cf5e602275f7c63c4fb606e3db46
test/aaaaamdu_0_21.png,ba9db89835c63e578869e6d8b9ccc059
test/aaaaamdu_0_22.png,115f51599a8540434811cce455c84216
test/aaaaamdu_0_23.png,013e19a64d6da859d97a1db1d5906ed7
test/aaaaamdu_0_24.png,f30fffcbe50ea2e243922e5565c437c8
test/aaaaamdu_0_25.png,713a4122aa2372f7532704080c346aa4
test/aaaaamdu_0_26.png,b64c941361e6fc0c2217903c6865d6e6
test/aaaaamdu_0_27.png,09c833728f3a938b414248f931a3e791
test/aaaaamdu_0_28.png,0d9daaea53e1d84b75619c2eb39ad2f6
test/aaaaamdu_0_29.png,fba92ea4a1b26b9a2deb87c859ec9d69
test/aaaaamdu_0_3.png,4175bc38fcade9fbf008af0213070ca9
test/aaaaamdu_0_4.png,9337505ce452e372458843f77575f46a
test/aaaaamdu_0_6.png,1fe67f5f1e445efce6ea84b2f91d4329
test/aaaaamdu_0_8.png,8fffb6148a8813fb46e390d6b36c6235
test/aaaaammu_0_0.png,2c30b8e98e422e332f62f7fdd62f914f
test/aaaaammu_0_13.png,23ec758eee42855edcbbabfc260d768b
test/aaaaammu_0_15.png,f1fc9bc9e8557782a62a098d3c2ad33b
test/aaaaammu_0_16.png,74ab5d5dd20b36c800777a8f803afe63
test/aaaaammu_0_17.png,314c14aa7286cef15d7159a3fbf6f03a
test/aaaaammu_0_19.png,92de29477be630d5d85c4564782e6c10
test/aaaaammu_0_24.png,ffec103dc94a3b66d9f8c489adf280a3
test/aaaaammu_0_25.png,d622548d38642e817c78377bc771a445
test/aaaaammu_0_26.png,345e4d1c51ef3eccd62a6ca7d11e1b8b
test/aaaaammu_0_3.png,44ea6a5c46987cc4886a591da259be18
test/aaaaammu_0_32.png,fb4ac9873d14d74682c8820808adf903
test/aaaaammu_0_37.png,726cc9089225e46bf2e58bac1dcf6c79
test/aaaaammu_0_38.png,1cc1f62c46350b5ac94eab25a27c1095
test/aaaaammu_0_39.png,04bd789bf3416d79917d0d534e52d2ca
test/aaaaammu_0_45.png,e87fb8a4e744bd4ea51fd0dcd6c24ce5
test/aaaaammu_0_5.png,43ed73f81daa6def12e61a4e49f48d8e
test/aaaaammu_0_52.png,d9e25c0a9808dfeb4d7dedc3e48bbfd0
test/aaaaammu_0_54.png,c966954464ba2509097aba29378e6450
test/aaaaammu_0_55.png,9a5ee362a0bf7eda85d1cc9307df672b
test/aaaaammu_0_56.png,d2a2f0d70b0dbb74d0d7eb2b3215c998
test/aaaaammu_0_58.png,fd5fd7eecce46ec78223a3dc95edb198
test/aaaaammu_0_6.png,f681f5ba112eee8a522b7719535812a1
test/aaaaamoa_0_0.png,48644630b778585e807934b0a0ca05aa
test/aaaaamoa_0_10.png,2ae26331e0d236ac5918771e27069c51
test/aaaaamoa_0_11.png,107a97a79e333221de79f0951ae30b62
test/aaaaamoa_0_12.png,ceeb062634a1a1f1a10c694be2073150
test/aaaaamoa_0_13.png,2516af468d843ea9a059bf1cda14483c
test/aaaaamoa_0_14.png,55179ee22fb41a08d1d94a4abb77b070
test/aaaaamoa_0_15.png,0bdc472e906bc056250514d78f664a2e
test/aaaaamoa_0_17.png,90ad52ad37c61a54fd568ce23ca052ef
test/aaaaamoa_0_18.png,37c925a33150a14115ad8495a4a5ce52
test/aaaaamoa_0_19.png,bff01c4ddfe3f74a3d84e30f8dffcaa3
test/aaaaamoa_0_2.png,0409afe3e7ccde383d1f58fa37c6eaaf
test/aaaaamoa_0_20.png,0b815dea50f9682ad3cb32426ccd375b
test/aaaaamoa_0_21.png,275ada84c01faf4e0e2188a9319cd0fb
test/aaaaamoa_0_22.png,4e4e7c86ed011270f0e0e1ffeaa616b7
test/aaaaamoa_0_26.png,f36b557c09702541947487b6920313f3
test/aaaaamoa_0_27.png,22027d829952d031a846d80fc10cd678
test/aaaaamoa_0_28.png,f9ee61d32f2d71802ece0967b7980e5a
test/aaaaamoa_0_29.png,51d747923158e607b3ffdfce260e243e
test/aaaaamoa_0_3.png,32f0d40735eab40c208210ae746eb2b9
test/aaaaamoa_0_30.png,f422d3f7d1a8c7224b8862fda6530c33
test/aaaaamoa_0_31.png,dfcb7206c04a82d88bafe80a5ff6afc5
test/aaaaamoa_0_32.png,fc46d20eeddf5125023978350fcde9e4
test/aaaaamoa_0_34.png,0541780b3a44d88ccfa0b92346fd5046
test/aaaaamoa_0_35.png,cb079584c1660c6d855c46475eae87e9
test/aaaaamoa_0_36.png,112edbb7693d2bd2a0f0089e5f3f364e
test/aaaaamoa_0_37.png,67746293900715c0647b57e40e594335
test/aaaaamoa_0_38.png,6365e34cdf8aa0c4fdee932f7bc547eb
test/aaaaamoa_0_39.png,ec39a0dbad101ab62c0b7eaaf8bc31ea
test/aaaaamoa_0_4.png,ac5ebdf37c77e530f5640da29ca166b9
test/aaaaamoa_0_40.png,e2a13ef77e770385933c6ecacfb8565c
test/aaaaamoa_0_41.png,7f28db9cc9fe3112153fce44f093db81
test/aaaaamoa_0_44.png,035c865e233d02cc8d07df088169dd57
test/aaaaamoa_0_45.png,faebb2717be5b358caa9ad58a5acc2c5
test/aaaaamoa_0_46.png,dcd437a7fb0951b8cd85241e0d78c9c9
test/aaaaamoa_0_47.png,b41ecb1c137cc7d2d6b22aee67b919cd
test/aaaaamoa_0_48.png,5f396dbebec1c03ff9300f36040d3ffa
test/aaaaamoa_0_49.png,389be4339f8a7f104ce3ab95135aa2f5
test/aaaaamoa_0_5.png,b1fe0e58be6c426eb31b136373d8964a
test/aaaaamoa_0_50.png,ad8590d9d96cc1776c8af72d1ce26043
test/aaaaamoa_0_51.png,8a6d347e6e456d2c735dfdb5de4f81c5
test/aaaaamoa_0_53.png,352720ba10c1817a15bc0803ac2da736
test/aaaaamoa_0_54.png,7aab8ed79db249b6ccd34d6ac5f56b0d
test/aaaaamoa_0_55.png,9a2b9b449c8df99f5815a6756cf494f7
test/aaaaamoa_0_56.png,2c9c521ab9a24b655fd3b8c9a2fbd1e7
test/aaaaamoa_0_57.png,9728d01c1d9cb02c75d5baaf87b9f5ac
test/aaaaamoa_0_58.png,be8785933eb23c7de65292038eb860c6
test/aaaaamoa_0_59.png,aba92ed9750c83f21572877c5b1cede8
test/aaaaamoa_0_6.png,dbd939a770fe3f8e288092bd6ab57d7c
test/aaaaamoa_0_61.png,8e5f8b173184d8b554717497e387ac09
test/aaaaamoa_0_62.png,b38c8917351599f85f0991d16cf2ea44
test/aaaaamoa_0_7.png,deea9e1a7670c5ff3848a5649a583631
test/aaaaamoa_0_8.png,84f11ec44b4b2a348c622e53de7eb67d
test/aaaaamoa_0_9.png,ac57eeec39533e389c46b1fab8ee3ad8
test/aaaaamrj_0_0.png,e7d5c8771f61455ee7aea6c8de2197cf
test/aaaaamrj_0_1.png,1179d0786154477fa107502b1abb9bd7
test/aaaaamrj_0_13.png,e4bb425b6e95969db88f5bbd4db6f3da
test/aaaaamrj_0_19.png,e96ebc7d026983da167e7636db885164
test/aaaaamrj_0_20.png,2e90887913f1a6ccdcc37d1b4de9ea84
test/aaaaamrj_0_24.png,c0daf307caec989a8153421c2acf62d7
test/aaaaamrj_0_26.png,b398f3b51939d63f01c31b3e46c897ce
test/aaaaamrj_0_27.png,9943b726bd86d2e48465104047c43e00
test/aaaaamrj_0_31.png,531a9dad89320a10daec2c8ecfdc7b0a
test/aaaaamrj_0_33.png,852f468e820a35d6eec637806c3a941c
test/aaaaamrj_0_38.png,d1cd22793aa5506bb94b2f353655c1bd
test/aaaaamrj_0_39.png,6497ef34f08805537876d462d30016a5
test/aaaaamrj_0_42.png,9b1da1e5872322c17a616ba5998bdac5
test/aaaaamrj_0_43.png,5e95a00f86b6314ac1ed8b075efdb990
test/aaaaamrj_0_45.png,253eb8cc9161f5bfd9a6bf01da6b8554
test/aaaaamrj_0_46.png,becbc6f65980d4a95bbeb8d5e77dfc12
test/aaaaamrj_0_52.png,89043634d4ef4509848bbc8e2865cb5f
test/aaaaamrj_0_53.png,f9b3a75a7502b30b20926d22e9ce73c6
test/aaaaamrj_0_54.png,be6e5eed5eb7590de6d625e05c8ba9d3
test/aaaaamrj_0_55.png,1a1b73b2422b9cdf418de717cb1bece9
test/aaaaamrj_0_58.png,866194d23f0923066c925f6abe47b9d0
test/aaaaamrj_0_59.png,14e739efa0058a8a6dee21324c9c3db4
test/aaaaamrj_0_6.png,5aa22069289a71e3e582b8a32d4f0a2f
test/aaaaamrj_0_7.png,6f20726c715d9bdb04a3e298e9dc9a9e
test/aaaaamuc_0_0.png,effe3f1ff7a3b428154f1ed24931cee1
test/aaaaamuc_0_1.png,b95c25147f4e1cfb3693fb88e6619f5b
test/aaaaamuc_0_10.png,855c4cf3505647f1c68fbac4e43cd0e7
test/aaaaamuc_0_11.png,69969567a98a89f9fcc137367e3dc9a7
test/aaaaamuc_0_12.png,b71e4601c4e366dc916084d3291ad932
test/aaaaamuc_0_13.png,daf19b3b3e63ecf438e363ae50ead1b2
test/aaaaamuc_0_14.png,73d35c3e087e09f6e6edfd416718ee7a
test/aaaaamuc_0_15.png,71bcf349d7f46249d73d45e85a771198
test/aaaaamuc_0_16.png,129ea90ee002837829b6a9a43abe0493
test/aaaaamuc_0_17.png,ec1e294cddbbffbed91dcdec783c33f8
test/aaaaamuc_0_18.png,99c9223c165030b7448741c8c44a3569
test/aaaaamuc_0_19.png,505759e08b403e696486a75fa94051be
test/aaaaamuc_0_2.png,bd54d82a7e66d008c01c3f9176ed980f
test/aaaaamuc_0_20.png,f944754a659d910e9fd60d2a14ad5900
test/aaaaamuc_0_21.png,7d95df6c6b99f5e300e3616db194d3e3
test/aaaaamuc_0_22.png,0e3f58efe7d5cf118807c9de8a5fc9ed
test/aaaaamuc_0_23.png,da3f70c5db3360c6fcc476f838218101
test/aaaaamuc_0_24.png,08103c967c5b1cdef253141f34ee78ba
test/aaaaamuc_0_25.png,94a75386882361640d27b38a9166cd49
test/aaaaamuc_0_26.png,816505b2c94d8f140b5c8c6db8a2c2dd
test/aaaaamuc_0_27.png,ef487a436d20f57cb60d09d6a7e05639
test/aaaaamuc_0_28.png,fabef872bad060bf15f08158159a4676
test/aaaaamuc_0_29.png,e26551886eb0c661715ff8347e7b039d
test/aaaaamuc_0_3.png,0b1eb32d851ddd5d31f2d0422b516501
test/aaaaamuc_0_30.png,a6c65109a8665e6ae155b8b5f3ce5614
test/aaaaamuc_0_31.png,77489bdbbee5e4a096819b3904be4e57
test/aaaaamuc_0_32.png,8cd96730cfdcf4a037de88f75547dc0d
test/aaaaamuc_0_33.png,b4d3360c761d26563dfaebb369a2b59d
test/aaaaamuc_0_34.png,6de7d3e8fb56e1b81770cc377bce598a
test/aaaaamuc_0_35.png,372a61efed34d5abce152c3abc32d41c
test/aaaaamuc_0_36.png,427c2d0b165401a4c5575cc4743cba88
test/aaaaamuc_0_37.png,10e55ff867f96dfb9fec808812ee22bc
test/aaaaamuc_0_38.png,15e9b41b98526d9f2ea2e578944f226d
test/aaaaamuc_0_39.png,fad405dc4bd2f24c7aed52b36444d149
test/aaaaamuc_0_4.png,0e86b70a6a9c3fad75660c9a1d0f57a7
test/aaaaamuc_0_40.png,b7efa20eb4f58ea2ef1e48bf22c4bffe
test/aaaaamuc_0_41.png,ebe1f010ab773697c6adb3168847fdd5
test/aaaaamuc_0_42.png,a2f5e448fb658eaa9702f550211269ba
test/aaaaamuc_0_43.png,3c66e0ed9850fc11fc83c4fde37e05b9
test/aaaaamuc_0_44.png,5b8462e782719ede1acbf2a050589f79
test/aaaaamuc_0_45.png,891b0c1b57dd96b14fd209f761e5f1b8
test/aaaaamuc_0_46.png,62fa3d93f01742be0469f88fc694e970
test/aaaaamuc_0_47.png,ae4ffea73e86f89aa95f09acc42710b6
test/aaaaamuc_0_48.png,cc658efd1f05c9978d8d99e28d06b134
test/aaaaamuc_0_49.png,b87cb33d23d52e6dd9f9bb935ab0ae45
test/aaaaamuc_0_50.png,9e60b89ad00622095010036931879400
test/aaaaamuc_0_51.png,6681d271a07c9f43c128225bdbbc121f
test/aaaaamuc_0_52.png,581f6f5ae5220ffa72126275f955add3
test/aaaaamuc_0_53.png,297e48394f1f202f309f88da115f5a82
test/aaaaamuc_0_54.png,ec5a7c3021ba6b27bb990baf7549db1b
test/aaaaamuc_0_55.png,61dcc3b58b92704d48b3b3b639964edc
test/aaaaamuc_0_56.png,13c495ba1b0d0e2229bfe5f13ed515d0
test/aaaaamuc_0_57.png,3c5db361667002109e614a65f76d46c7
test/aaaaamuc_0_58.png,897cc764482d34114c588d3a66e875b7
test/aaaaamuc_0_59.png,758580a42ee1a6f242c0d5250fbe07cf
test/aaaaamuc_0_6.png,af632cd4a577adb60d16c676df25fdd8
test/aaaaamuc_0_60.png,ff1d51ac21109ff98dd031b286a589fd
test/aaaaamuc_0_61.png,a23041e1d3815b6b8bafcc77c39be1c4
test/aaaaamuc_0_62.png,003ece24604a638643cd8c0e10835934
test/aaaaamuc_0_63.png,3def3e3a4ee1256d8eb69e0080a03352
test/aaaaamuc_0_64.png,be35cb36d18f1b178d9d80332c96333c
test/aaaaamuc_0_7.png,67208fa0d1ee918cb3c371d374f8a740
test/aaaaamuc_0_8.png,232d7290f787182f3c41a8232e0d7f76
test/aaaaamuc_0_9.png,1ed6028359ffb2ea5536c9c4fa50b0eb
test/aaaaamxn_0_0.png,f14545fb50dee90451ff7c74672d3a65
test/aaaaamxn_0_1.png,b25b999703d63d8e64aa0693cfc30623
test/aaaaamxn_0_10.png,c65c127bd0d2630892a6c83fae20a8d0
test/aaaaamxn_0_11.png,ac7ca1c00802f17dd2cf1068efe3b177
test/aaaaamxn_0_12.png,175388eb1a301387a8a0d3c06de42171
test/aaaaamxn_0_13.png,5f38442c63673e129520871554a15d15
test/aaaaamxn_0_14.png,0b7172673f590b5a706b364540107290
test/aaaaamxn_0_15.png,9d698ab6a35afa45f9796ced8edf423c
test/aaaaamxn_0_16.png,e84eb93529bff1953cd62d921049164f
test/aaaaamxn_0_17.png,845934b671353fdd8267f2d4611ff9d2
test/aaaaamxn_0_18.png,be6942b81e8f10f3295eba55638848b7
test/aaaaamxn_0_19.png,661b5151d5e520a62a11f01d906b7d9d
test/aaaaamxn_0_2.png,72145e733a1d57ad8154c3fb825e1717
test/aaaaamxn_0_20.png,a5e988494554ba19fabc5cbd3bbb815d
test/aaaaamxn_0_21.png,c3315dc4e846848d3e3c5c7d03e63b06
test/aaaaamxn_0_23.png,54aa358998bf685b4460b46b84c37db3
test/aaaaamxn_0_28.png,fd51d27ccb31a7efcb0ccc87137dd60d
test/aaaaamxn_0_29.png,f4897607d8ba1db8932fe530e5c3d352
test/aaaaamxn_0_3.png,b1926914f76e097eac548e4900505515
test/aaaaamxn_0_30.png,ff52ecd51f7f55874003d60b83e599a2
test/aaaaamxn_0_35.png,bfe1d0270cc2ae374923ea10e4123c58
test/aaaaamxn_0_38.png,7ee96a75193f67f2162ee8401b044bdc
test/aaaaamxn_0_4.png,0ee3426a0dfd197cad956bdc50af2f52
test/aaaaamxn_0_40.png,272effc74ac6f0443012bbd7e5a2ae1b
test/aaaaamxn_0_41.png,305c426073d63195b712e952f0429b46
test/aaaaamxn_0_42.png,82776c7db355f34aaf9509d9c663a44b
test/aaaaamxn_0_43.png,0bcd6cb78ab6a87149e285336c3324eb
test/aaaaamxn_0_45.png,b6032e8c0ecdda755a12ba18394abacb
test/aaaaamxn_0_47.png,002ba300a080a813d726d79b76dd21d1
test/aaaaamxn_0_49.png,7b544d3c22ccbfa13894d807e765def8
test/aaaaamxn_0_50.png,63a5b8571c2282dfd994fc44e0a4321c
test/aaaaamxn_0_53.png,54db425073fa550a2db92572a26c31ba
test/aaaaamxn_0_56.png,ee49a61843bf8ea2220a66a799aeb9b2
test/aaaaamxn_0_57.png,af107787a538f93dab7307e55f9f5545
test/aaaaamxn_0_6.png,bf346fce29a56caa9e84516b61405456
test/aaaaamxn_0_60.png,04550724683ef9929f542e749f38e42a
test/aaaaamxn_0_62.png,5d6b31c3960e9c1cddcf73ba295093b7
test/aaaaamxn_0_67.png,1fedc227b27abd94a9827a2fed470409
test/aaaaamxn_0_68.png,4abcbebf99d9909e2c17942a164756a9
test/aaaaamxn_0_7.png,44c89cdb2402124b7d1607f637078348
test/aaaaamxn_0_8.png,eed1e4ff950b1326f21c3e3e14b543a3
test/aaaaamxn_0_9.png,b19ea0f85847041dc0eb2dda509ee689
test/aaaaamyc_0_0.png,2bcc0dcf8f363af1193dca264689537b
test/aaaaamyc_0_1.png,d26d38dbc70046b1690652967f33917f
test/aaaaamyc_0_11.png,4323c9ebc01b33979ecdc194eae7fdfe
test/aaaaamyc_0_14.png,1b67207e747d270cf6710449a53a18d7
test/aaaaamyc_0_2.png,d58398dc22a5df94a562672b0ea960e0
test/aaaaamyc_0_21.png,0784438da5457a162a9ca89edb31d254
test/aaaaamyc_0_23.png,d0c572b99aece2809b39c3151b2a4c8c
test/aaaaamyc_0_24.png,9ef3d733a734e4bda230b3fb889f4a24
test/aaaaamyc_0_25.png,d5ebe0677fa232a20af216c144e0012c
test/aaaaamyc_0_26.png,0f1d92ccf9d6cf72639d079646f6e73f
test/aaaaamyc_0_27.png,a5897ab98e78ccdb26ca9048ff525366
test/aaaaamyc_0_28.png,9ce4f494c7fe002a8bce467d80325301
test/aaaaamyc_0_29.png,3f64546aed848341bc4b35fa3ca31907
test/aaaaamyc_0_3.png,480267b528012529b83a73e520d539f2
test/aaaaamyc_0_30.png,789bd9f346d3d101472f562ab5b227cb
test/aaaaamyc_0_31.png,b6bca7aaa1d02747f333f23d77ae6a66
test/aaaaamyc_0_32.png,25b60f5711d249f61f147e5205485321
test/aaaaamyc_0_33.png,45b2da6201a18070bf03ac207504048a
test/aaaaamyc_0_34.png,8620adace6c576e7f6d5884f26f15c69
test/aaaaamyc_0_35.png,9cb9566b722fa32c64e4937de4299009
test/aaaaamyc_0_36.png,645421d63a1e6a43556ca241597d6538
test/aaaaamyc_0_37.png,14da6acc906d5c21285c89dbfce80e01
test/aaaaamyc_0_38.png,50432d1513095bf011e2f3aa68dc2647
test/aaaaamyc_0_39.png,35c680246279f9f2f30e72de165f7d53
test/aaaaamyc_0_40.png,27fc55e185f73b3da7c8758eb6be23aa
test/aaaaamyc_0_41.png,68c0085b95bc3fa070d665bbf6dec99d
test/aaaaamyc_0_42.png,6c92bafb3b5efe50e37484a4d414fd1d
test/aaaaamyc_0_43.png,be902c5b69ad6ac3cf7b06b0373586ac
test/aaaaamyc_0_44.png,349badfb79fe72fdc30e7725c61d0e63
test/aaaaamyc_0_45.png,56bc56501aa9437c65bdae8ade0462e7
test/aaaaamyc_0_46.png,2b5a764f5ec25826bf94eade9f8dfff3
test/aaaaamyc_0_47.png,2b0c3eebab99b21dedee6649b7e71f13
test/aaaaamyc_0_48.png,4af0f0b5278f97ad504dca71ccaa8ba1
test/aaaaamyc_0_49.png,bcf03983736508f63eb5c18c308aa4c2
test/aaaaamyc_0_5.png,e986da81ea2a634d8864f058f79b9603
test/aaaaamyc_0_50.png,ee9e428e3e4e368bbc4fa20ab8fa35c3
test/aaaaamyc_0_51.png,a349c23e644e15645abc767e89ac82c0
test/aaaaamyc_0_52.png,eb374cd84bac3767a04f2b205f5526c0
test/aaaaamyc_0_54.png,2f14afcd0c4411dc936596d401cbc6c3
test/aaaaamyc_0_55.png,11a91a296c7dae52f9ba1303d5047694
test/aaaaamyc_0_56.png,04df72475557a0262f61b70dd505eae4
test/aaaaamyc_0_57.png,76c003936d7e724467d00fa1be10a69c
test/aaaaamyc_0_58.png,bec2056099f967b0228820b2b1aaeb0e
test/aaaaamyc_0_59.png,b1af46a5285f7f4d4f01b2569f36b6ee
test/aaaaamyc_0_6.png,a1ec7da40aa74ac0b0c870e992359526
test/aaaaamyc_0_60.png,b27d8202aebcdf69b43764d973a9134c
test/aaaaamyc_0_61.png,01b9c12123697ce73b283f378f43f825
test/aaaaamyc_0_62.png,385475c9872fa8c7a9a4c0c17506ed33
test/aaaaamyc_0_7.png,c612181ae044ee7ee8b6b73ebaaa9415
test/aaaaamyc_1_0.png,2e5353a04fa860abbae23e08f6b33dc3
test/aaaaamyc_1_13.png,9088eb29c4b664c4a56d0c4a171309fd
test/aaaaamyc_1_16.png,31a89b9b8fd379e548700a1dcdcc280d
test/aaaaamyc_1_17.png,fbb07c49070a0abb55acdffdf9499f84
test/aaaaamyc_1_19.png,3e6915437595eb40a3179d449dcfb601
test/aaaaamyc_1_20.png,e4c9006fc3d854969790ac274d766717
test/aaaaamyc_1_22.png,a53b08e94447b056b2fbcac38c6c8b58
test/aaaaamyc_1_23.png,e079da7251956737fa66f113c6d72472
test/aaaaamyc_1_24.png,9b78b953bfbb6933d96facd2ce001f68
test/aaaaamyc_1_25.png,650215c2a4a1535c417787f83cfe8f43
test/aaaaamyc_1_26.png,89ccd655c7c39d45ddd42a27fbdd287a
test/aaaaamyc_1_27.png,d54e411e7f8d653e34b102352670cb38
test/aaaaamyc_1_28.png,c3e8d066246f42746836a9ad35ff70b2
test/aaaaamyc_1_29.png,4493a8774b15e428661f3f38ad517e40
test/aaaaamyc_1_30.png,0ea5b2fe7f32ce654f573ef56793dae4
test/aaaaamyc_1_31.png,0900e71b788bc0e22ba0c9a35911b04f
test/aaaaamyc_1_32.png,c7188f126162cc4c8f628b0295eb2969
test/aaaaamyc_1_33.png,6ab220c947238b639d657dc25966f652
test/aaaaamyc_1_34.png,fc6c4c86b336676aca168071c28fdfc5
test/aaaaamyc_1_35.png,b472aec75afe8531f1d1d53aa47a10e5
test/aaaaamyc_1_36.png,1d21cfd376e0f44f236ed86db0665680
test/aaaaamyc_1_37.png,d04972ff2ebb517b5a085f6ba3dcdd0e
test/aaaaamyc_1_38.png,da600a5cd47476bbc2cd6666493894cc
test/aaaaamyc_1_39.png,ef858ca30bbe9bceff6d35b154a7a82f
test/aaaaamyc_1_4.png,4aa7d15c2cd2602be482ccaf000fa8b9
test/aaaaamyc_1_40.png,eab02dba139501b228e4fb88776fc809
test/aaaaamyc_1_41.png,a369f303d2fc0a4b855e2e386da4db7a
test/aaaaamyc_1_42.png,560f33e8d64f08bdce3678c5642f7589
test/aaaaamyc_1_43.png,97dd47d282932b8e7f38a0a72864a386
test/aaaaamyc_1_44.png,39e607c6db30259fc6e98034b9ae876b
test/aaaaamyc_1_45.png,db6a1afaaec779fdcc4eb92f22f61a7b
test/aaaaamyc_1_46.png,3374fb13da6bb716c5e51583fe693f02
test/aaaaamyc_1_47.png,a009a6282cbb6482fe0ea7157eebc0fc
test/aaaaamyc_1_48.png,00225df590b9f3036f35ab57fdc80641
test/aaaaamyc_1_49.png,fcdbb542c722b2ba465c69338ed14846
test/aaaaamyc_1_5.png,071b126167e8b77713774f7c85ecfc08
test/aaaaamyc_1_50.png,6f64dcf966be31906c6707e3cd946d08
test/aaaaamyc_1_51.png,c2a718292de7a92afefce17724744a90
test/aaaaamyc_1_52.png,527fcf3ab0ef7902d44eb02c3aa9ec89
test/aaaaamyc_1_53.png,252f6316c47f82fc3c456509a3d54b34
test/aaaaamyc_1_54.png,6881091016064d4c153cc38f43249c31
test/aaaaamyc_1_55.png,fb88e8b49b997919b246dbc8a0e5b9ad
test/aaaaamyc_1_56.png,34d60445f0ebaa773697c8a2154c7e81
test/aaaaamyc_1_57.png,e44cf68761c2ca4e348ca6519c2cff01
test/aaaaamyc_1_58.png,b55a60a738b79a887882aa1f9ead802f
test/aaaaamyc_1_59.png,6408698c5a7bea41a48ba5b4df5bb993
test/aaaaamyc_1_6.png,44d530f083b484aac2703c8441c2f202
test/aaaaamyc_1_60.png,4b7737ad3ddbd0a2844a0ee4ee62432d
test/aaaaamyc_1_7.png,2d8a75a29b7b66fae459366ef78490d5
test/aaaaamyc_1_8.png,229b81d61174bb0d88f8c8de46b6c897
test/aaaaamyc_1_9.png,e2c7353f0611c9731b4e79b55d517f7d
test/aaaaamyc_2_0.png,78c8fc49180b9237e2971660a9ad2914
test/aaaaamyc_2_1.png,4f7b9fcdff1b857a0dc830f03a0fd4c2
test/aaaaamyc_2_10.png,0b9e53e575c91c90bd664ea27a2b8f35
test/aaaaamyc_2_11.png,8266f9467a53cee8d1f7e9902abf7c98
test/aaaaamyc_2_12.png,28d87198cf2b0163ee2215f3d14b61ed
test/aaaaamyc_2_13.png,a2b1002adb613e1b853cd101047ed692
test/aaaaamyc_2_14.png,95094eb9267cc27d6d369643c0c9fae9
test/aaaaamyc_2_15.png,dce2179c18dda23ed2ae953c75a3753c
test/aaaaamyc_2_16.png,ae66e526dce2172406e44b4e9a3e6c6a
test/aaaaamyc_2_17.png,d825e22dae82bed0992e3a3fec268e4c
test/aaaaamyc_2_18.png,c7f8653bafec77f6bfbc20a6887ddeb5
test/aaaaamyc_2_19.png,1c006cb3503747a7c1f194b109e1d81b
test/aaaaamyc_2_2.png,fd18eabddb0d0a72c6a0013b14415577
test/aaaaamyc_2_20.png,edd93c68f9b5597e9839968d431877ec
test/aaaaamyc_2_21.png,43d62cce30ecaf5d93024a2623c28778
test/aaaaamyc_2_22.png,9a776712b3e329ed6f68f5fc87f6b608
test/aaaaamyc_2_23.png,094177f11b6b551981fc01663e1c4a3b
test/aaaaamyc_2_24.png,b2f5db25dae07b867ddd92466d8ad91f
test/aaaaamyc_2_25.png,f5ca4e83b582570761d0833bfbe5d15b
test/aaaaamyc_2_26.png,93f911ef7bd8164e02b20a9dab79b0c4
test/aaaaamyc_2_27.png,db713ac64c5f4c86d08a78760e2ded60
test/aaaaamyc_2_28.png,9740aaacd6b9ceb3d5679ae8ea0ba444
test/aaaaamyc_2_29.png,d3865c2986364ad5a3c709bc88b80a58
test/aaaaamyc_2_3.png,b8c3bcea2d31baba10044288e00c2b30
test/aaaaamyc_2_4.png,0ad122d90eaf62f81bc8d3358e87a9d2
test/aaaaamyc_2_5.png,78366eee3fc03bb09d7e83c83bb5ac51
test/aaaaamyc_2_6.png,03737d3da8642b55ca16a748057d467b
test/aaaaamyc_2_7.png,9cf5b59f2d360608f38f8e2d8bdcffcc
test/aaaaamyc_2_8.png,729882fdd198948807af2b56b8b92bee
test/aaaaamyc_2_9.png,cc07c27bb3b67c6207691b3fe4346d3d
test/aaaaamyc_3_0.png,917bc9347c25447f28aad998bcb5ef7e
test/aaaaamyc_3_10.png,9146d1599cf09429e15f8e1cfa28a8c4
test/aaaaamyc_3_11.png,129e9190ddff23b96e8971f2e50b88c7
test/aaaaamyc_3_12.png,659dfe01c72ac9eda2e2e996d9b3ee7c
test/aaaaamyc_3_13.png,2f059de7a6390937834793da42a3d465
test/aaaaamyc_3_14.png,9e6afb179975978efa614bf4bb8a0c4a
test/aaaaamyc_3_15.png,6daebc91472911fec505a3556c55af1f
test/aaaaamyc_3_16.png,26837a875a9cd4127fb0c1d45a6d5585
test/aaaaamyc_3_17.png,a2ffd88620f90e8d0086e24cf32ee489
test/aaaaamyc_3_18.png,fe5af4233a02eb54997f96370dbe8265
test/aaaaamyc_3_19.png,c1f2187e0ccb2e5c56ff8699cecabce6
test/aaaaamyc_3_20.png,c109e9c0fdc4891458a04569db675882
test/aaaaamyc_3_21.png,78fd1aa8ae34d6666ec232a58d091834
test/aaaaamyc_3_22.png,37cc1896794f9875b7a9a78172c224d7
test/aaaaamyc_3_23.png,194b17802e9bb51b7b7f3c7df42b4df6
test/aaaaamyc_3_24.png,46c79b9df0398f1924c0f2f66c8e14da
test/aaaaamyc_3_25.png,3b12242c9c882985054dd86bf70eb53c
test/aaaaamyc_3_26.png,94bcd08d9a7c0cd5a63c039fc4986284
test/aaaaamyc_3_27.png,a8fec858cd5188864b2a4c1963a1c3b4
test/aaaaamyc_3_28.png,f0175df97d2792ce5e5c789e09a1039d
test/aaaaamyc_3_29.png,0ff800f1dd3f33a080fabfbd78cda126
test/aaaaamyc_3_3.png,6b65fc4345080dafa73fc5c2265c5863
test/aaaaamyc_3_6.png,abbccc7afeb69223287bc6410ff3dae4
test/aaaaamyc_3_9.png,53a21238198929cbb22c26ff094b4981
test/aaaaamyy_0_0.png,c4f504fed41a3613cff6a205fd3be825
test/aaaaamyy_0_1.png,88829ae507b9920f458840037bef2221
test/aaaaamyy_0_10.png,51e6b1ae7d7ad09817ac3e1d9829da4b
test/aaaaamyy_0_11.png,df4f924fd87a2d04500a994e000473e7
test/aaaaamyy_0_13.png,a96d3079cd98591e492f08faabd1a371
test/aaaaamyy_0_14.png,63fd8e6dc3b387fe280dca1fd04e2768
test/aaaaamyy_0_16.png,af5f3f1c3f7950369419f1f7fb15b849
test/aaaaamyy_0_17.png,df4e56de520d1adcc7386426187501c3
test/aaaaamyy_0_18.png,abe767223abdff10f54463ea6c3366d8
test/aaaaamyy_0_19.png,ca767937035c6be827e84ad18bef1b3b
test/aaaaamyy_0_2.png,7be9bd31984a50ab5a986d310e896586
test/aaaaamyy_0_20.png,c62d73bec6f1a4c87a46dae3ae8b94d9
test/aaaaamyy_0_21.png,370ca45209f09a782c732b75a21d5576
test/aaaaamyy_0_22.png,3bc7bc0a7cbf47b96d94ca1a9b6060d2
test/aaaaamyy_0_25.png,da39cab4902c2f612e5ebc40d3b53c17
test/aaaaamyy_0_26.png,0e5cf2dbb7b541327580e84eafcb130a
test/aaaaamyy_0_27.png,d9587012109e40c3f1041b15022f32be
test/aaaaamyy_0_28.png,d13bc355c50cf9c8cd3e703ff68107b5
test/aaaaamyy_0_29.png,42d96adb51733b87ee46a748cad93dea
test/aaaaamyy_0_3.png,37606f6f97d06807b10bd91f8eebac37
test/aaaaamyy_0_31.png,a6ec8bdd21b32593037900af7fa47878
test/aaaaamyy_0_33.png,cd68e3463cad9881b479fada24f97d2e
test/aaaaamyy_0_34.png,c131cfc5661ec6cb41da3ff8af4c49a6
test/aaaaamyy_0_39.png,7265c5fe4e6c81bdf9bd13c7b25b4726
test/aaaaamyy_0_4.png,975463e17743d584f0e5c1593cdcceab
test/aaaaamyy_0_40.png,54d3fa006651e9f71a503b3a14fe46a4
test/aaaaamyy_0_41.png,05686332101b8713265f1a9442f823ce
test/aaaaamyy_0_42.png,1022399c5061d0ddaa9dc4743b5139a5
test/aaaaamyy_0_43.png,32f207c7b6af431ccab881bf9e7a8f70
test/aaaaamyy_0_44.png,032b01343edec839740bcf91ce354290
test/aaaaamyy_0_45.png,80f47fc4c3ed3c5407f28a2cab9327e1
test/aaaaamyy_0_46.png,61c3a9e7f19c83767c4b9c566f71dccc
test/aaaaamyy_0_47.png,01d4cac66d9bfcbecbf40814fa975dde
test/aaaaamyy_0_48.png,4e64c5c2516222bf8f0812498293e4f8
test/aaaaamyy_0_49.png,1dcbfbef05436e7209731d106a152401
test/aaaaamyy_0_5.png,1471a6eb65176657f8283f34efcfb4ad
test/aaaaamyy_0_50.png,1c9c2ea8169a3df215876bdfa2d2fc62
test/aaaaamyy_0_51.png,f11d3dcecbebd1c05e40bf29f7cd5023
test/aaaaamyy_0_52.png,7afc3eda44a9a8bdd20cccb4ff56cdd4
test/aaaaamyy_0_53.png,dbeb4e1676b97c303fd75d9534752d54
test/aaaaamyy_0_54.png,c63cb421d63784a809ed4f22ee4bbd34
test/aaaaamyy_0_55.png,49bbce0c2146fcb98787ee18682e9c69
test/aaaaamyy_0_56.png,0bc64a36f866857bae6117d43285e170
test/aaaaamyy_0_57.png,0a95092679f3a68b4a20fdb17340486e
test/aaaaamyy_0_58.png,44c775177b46589fd76291107d31ee74
test/aaaaamyy_0_59.png,4ae666d12370437c3868d9e4a2735ea0
test/aaaaamyy_0_60.png,89873234936fc1987a8a98212a373fed
test/aaaaamyy_0_61.png,b76588fd27c519e94f2f8eab22a6beaa
test/aaaaamyy_0_7.png,53bfc38da723b20330d312696d84bc24
test/aaaaamyy_0_8.png,999ce05127bf165d9f9edfaf8751103c
test/aaaaamyy_0_9.png,b5cc5590d3a6ace6da692b1e88384d92
test/aaaaamzi_0_0.png,bc88f41f64512e4d4f7df006d22309fe
test/aaaaamzi_0_1.png,c8b97f15060d0b9dc83e3b0a626d022b
test/aaaaamzi_0_15.png,5e989828465c2b39c1c744fdf19cc214
test/aaaaamzi_0_2.png,9c51bdbc741540fa7762850b4804dbef
test/aaaaamzi_0_22.png,c33ecd0882d79d82af0d2ce41a2c9ed4
test/aaaaamzi_0_23.png,5c9b758325d34ce077f0a71482b18bec
test/aaaaamzi_0_24.png,3979b87a6188b5246deecde33c0e328d
test/aaaaamzi_0_25.png,4f9a6d30b8a25a778e7b565235e61330
test/aaaaamzi_0_26.png,c8bcd7b76ffd054c0c142160f61492e3
test/aaaaamzi_0_27.png,fe4522ddc7a3f1507a71dcc375c68dd3
test/aaaaamzi_0_28.png,57b769cb9a147bd65fdd3bc650dfdc06
test/aaaaamzi_0_29.png,9a0bbffbbefbb2aedf902053db700383
test/aaaaamzi_0_30.png,3f9c49ff420c964cfe0367bdb192ab12
test/aaaaamzi_0_31.png,bb13514cfc38ae90f8714fa8e2f26ac3
test/aaaaamzi_0_32.png,29cc2f0c33ab884d6a36b90c29d6be95
test/aaaaamzi_0_33.png,521557269cb722acd2b696f5b7f0729a
test/aaaaamzi_0_34.png,b57462d8333c9f73c486477331499c60
test/aaaaamzi_0_35.png,18ff8bb6ae3f030fff00e56bb6802abb
test/aaaaamzi_0_36.png,a90851b20c330734f7b8719e2c494f1e
test/aaaaamzi_0_37.png,e013771d98c1bf4841e72e6a0fcfd595
test/aaaaamzi_0_38.png,7465e14670ad4bd9499dfa7e33db8ae8
test/aaaaamzi_0_39.png,0693f5f0843c6e1e905c6a5d0e3f7dee
test/aaaaamzi_0_4.png,c99eaac5910d1e0fa9542657b35eca13
test/aaaaamzi_0_40.png,df0ee0adb0ed864a3c679272c0cb0631
test/aaaaamzi_0_41.png,1d270c81e30d16d49efd569a30711196
test/aaaaamzi_0_45.png,557c90f4a4d55ed76146cd8a02ecee0f
test/aaaaamzi_0_5.png,e8d1b6bdf8f912fb534b20b8e1a36f4f
test/aaaaamzi_0_53.png,56374040fc6774509c470b90b085e0f2
test/aaaaamzi_0_6.png,723fd7fef4a477878ce9f948cd668e76
test/aaaaamzi_0_60.png,405b3dd9f576765318a34a07cb3c23ae
test/aaaaamzi_0_66.png,fc89076ed0d56bde8738daf23af40cd2
test/aaaaamzi_0_68.png,5a43aac908c1f9151f085a66db6aec2d
test/aaaaamzi_0_7.png,01a0ee9c46eb77115a4f5e246513c848
test/aaaaamzi_0_8.png,c9dcc4f176c403c0f7cfb077c8bee83d
test/aaaaamzl_0_0.png,46b67f473048a5b081831e20bf21b246
test/aaaaamzl_0_1.png,4479d3e350086866eef790782a3d1b95
test/aaaaamzl_0_10.png,d4ef427dcc43b567a960757d660d670c
test/aaaaamzl_0_11.png,670bf26860a32aaad519b395d0a9485f
test/aaaaamzl_0_12.png,45c9101f8f8615b25639459d7fe3c39f
test/aaaaamzl_0_13.png,cbee9faa4372b21fa79c5b362158c622
test/aaaaamzl_0_14.png,827bb53aadb55b12aab51ef99fd71b5f
test/aaaaamzl_0_15.png,f8cd3b3a7a23e380f719df7f54ccdd6d
test/aaaaamzl_0_16.png,608da28ec94cd5434f609ad1a8aa5179
test/aaaaamzl_0_17.png,a188d633e11440556f64109b4a109bc9
test/aaaaamzl_0_18.png,d6d784da2ee2219cc2a1d44f9caeecd7
test/aaaaamzl_0_19.png,7f55ef9ef0546dc8801a9467e86819e7
test/aaaaamzl_0_2.png,9303c41ab84f8f6f32d178c50afd9869
test/aaaaamzl_0_20.png,73a1381dbe1ae5607c3bea4c531004d2
test/aaaaamzl_0_21.png,9d8a2ee4d1df4e93fcb0221592a59001
test/aaaaamzl_0_22.png,9befa010297fbbaa375447cc8558d728
test/aaaaamzl_0_23.png,980482009fb09580679e8c441ff75457
test/aaaaamzl_0_24.png,9e48a9d47c80700ddfb368751bfb2c55
test/aaaaamzl_0_25.png,5c10740938212ae6d26d518b964dd378
test/aaaaamzl_0_28.png,1ebbffefe5580d85b1ebc9307b917154
test/aaaaamzl_0_3.png,2f7ea671a6466456e6a0952e3ce2e244
test/aaaaamzl_0_30.png,16f4860df4fe74c210ee34f878b1ec30
test/aaaaamzl_0_31.png,286e55b789f6f30d95b223728635b241
test/aaaaamzl_0_32.png,5c346ea697c0498e7310a9ae0045cb25
test/aaaaamzl_0_33.png,b7c083f305f2db8b25c1d71f627a83e7
test/aaaaamzl_0_34.png,49acef84c3f7de7f86033d77129472bf
test/aaaaamzl_0_35.png,2b4ef38ce28372b860334df3637ad941
test/aaaaamzl_0_36.png,e9af8b6adadf0cb5ad99cb83b8220c14
test/aaaaamzl_0_37.png,8169f704f3a9e29aa04dc95571baddb7
test/aaaaamzl_0_38.png,9532261fffd8bf450077beb0e7036cd0
test/aaaaamzl_0_39.png,89c482539d222b14659ea2e19627deb5
test/aaaaamzl_0_4.png,4fa38d1b9588500601bebf646912c851
test/aaaaamzl_0_40.png,c900db0604149e8dd86fdb84eaf4da3d
test/aaaaamzl_0_41.png,1e97ce56ed256f2adc92dff7e316eb83
test/aaaaamzl_0_42.png,b3a628f66a391ea058c35fbf5d3da3bc
test/aaaaamzl_0_43.png,47898fc59e181d84416889ba9e265f4a
test/aaaaamzl_0_48.png,8743e5869e832cec6435c9bb20093fae
test/aaaaamzl_0_5.png,d94cd088305da199b11fd0b13ed3b2ec
test/aaaaamzl_0_55.png,7164cbaf0d10a334f09d2f974cab4069
test/aaaaamzl_0_56.png,dee6aeff0b5f705d0385c44693994b68
test/aaaaamzl_0_57.png,32e4edebcf02bba0cead56740e2279a0
test/aaaaamzl_0_58.png,5bdef6ba2cbf836da24cf7ffb9728e05
test/aaaaamzl_0_59.png,1b81cf8647ee7aa49ba58e7809de64de
test/aaaaamzl_0_6.png,626319f1ff41437bc0c8abf2a4014d16
test/aaaaamzl_0_60.png,ed7020d4114e1fda31b9038480b228fa
test/aaaaamzl_0_62.png,772037f63887aaf41fed0104f42d0fea
test/aaaaamzl_0_7.png,4ca33e33e475078fe3711699476300f1
test/aaaaamzl_0_8.png,eb8178ab35499deb0d346ab4a1476838
test/aaaaamzl_0_9.png,4b8bab19e0968ed805ca8368869e846e
test/aaaaankf_0_0.png,3407c051d5b31e59c45bd052bb89ae3b
test/aaaaankf_0_1.png,5ec251467ef3975366f40fec787b887f
test/aaaaankf_0_10.png,ced9cc3a695cef5c3be8233e6b4c7fa3
test/aaaaankf_0_11.png,3e90885e213015d3dbbc01f5e3c78b67
test/aaaaankf_0_12.png,8278404a1cd41ceeacf5374c9a5c9007
test/aaaaankf_0_13.png,fd1324c59b81a71c0a50e0a88503e815
test/aaaaankf_0_14.png,f8e8802de74f1d2f02d6ab5a8c5eb273
test/aaaaankf_0_15.png,927c996bdf91d41e4fe241a3ead3938b
test/aaaaankf_0_18.png,5856b4344eda87d5ef71a274cf673812
test/aaaaankf_0_19.png,89b0ccb943325a4290a206a026244e0b
test/aaaaankf_0_2.png,105ef5e04e2803283e2de68a9be56164
test/aaaaankf_0_20.png,9681decd3b016a4feed6bc3d58a2437f
test/aaaaankf_0_22.png,4789b7fed218364d0d453e17eed563bd
test/aaaaankf_0_23.png,bd1d1068f021781083d65d989bfa5a12
test/aaaaankf_0_24.png,ef6dcefeacb765096de5364f7ae40464
test/aaaaankf_0_25.png,137fa3a594805c35978351c1e2d983bf
test/aaaaankf_0_26.png,ce9310ccdcad810aa1d7ed66f4b75609
test/aaaaankf_0_27.png,cf8b738199e6ec8584e49f6293d541c5
test/aaaaankf_0_28.png,2cd9916eef7851a173385a221766c5ae
test/aaaaankf_0_3.png,46d52617070e25d5f6de60971ce01bb5
test/aaaaankf_0_30.png,333ce9552127077ebac0c24dff59f2ec
test/aaaaankf_0_31.png,f0ebe29772b62f5b681c91462cc81ca0
test/aaaaankf_0_33.png,e7137e2357dfb82ff5b00c16d6ff0a3e
test/aaaaankf_0_34.png,802814ab709a1ba629035660752f911e
test/aaaaankf_0_35.png,375e7a1fc0b40a11466305fb2d6d7cf4
test/aaaaankf_0_36.png,19802bf512c6b4e46e61b40ed477bdf7
test/aaaaankf_0_39.png,bfbb16cca784254f9e4a9ed0d366b667
test/aaaaankf_0_4.png,eabcaa8f18cb410f846fd46f73b9de89
test/aaaaankf_0_40.png,d114889623edc10a8760ff3b63087594
test/aaaaankf_0_41.png,dd2e85a98377e85d24e362b8d7d03230
test/aaaaankf_0_42.png,9aa1aaa094c63971936d71c8bd2eb0a0
test/aaaaankf_0_43.png,40cb02bdb400ae2008a19651c1f9223d
test/aaaaankf_0_44.png,cdafd43847665c5687482cfa553e8c3b
test/aaaaankf_0_46.png,31537f06e8cb3a6cd2481b39a617d037
test/aaaaankf_0_47.png,76ff481cda4a43387255f83fcd5bdefa
test/aaaaankf_0_48.png,9bc88a0ccaf033fcfc55bdf3eb16bcf3
test/aaaaankf_0_49.png,95d395d23595236523cc3c05b01162bd
test/aaaaankf_0_5.png,e7708bd925d0d84e6082336367bf388e
test/aaaaankf_0_52.png,c315ee28d0fdcd4f15dff718e6aafb59
test/aaaaankf_0_53.png,bccd3e4987baf9418106becf51a8b327
test/aaaaankf_0_54.png,e25c5581ad5b9a1223d2adafac66a50e
test/aaaaankf_0_55.png,790894c74c5f086bd237f0529e70e51a
test/aaaaankf_0_58.png,487393659f7018aaab1747c436d0ba11
test/aaaaankf_0_59.png,5204748dddb5e49721dc38ff15d97859
test/aaaaankf_0_6.png,2b19029500b693269537010f06f0c46b
test/aaaaankf_0_7.png,4a510ea877209a18265ed2a06e140efb
test/aaaaankf_0_8.png,ae355235dd8ffd28fc23d4147815c28c
test/aaaaankf_0_9.png,4c4814a97b3f88c731d5bd3f1ae3ded7
test/aaaaanoz_0_0.png,061e1fd279792774e04ba4804305a44c
test/aaaaanoz_0_1.png,f15d4655a53653ee066c7c893b4c5d10
test/aaaaanoz_0_10.png,93c0702ef90774695d11c1b5872e1004
test/aaaaanoz_0_11.png,92bd1aef28a61edf6c120feb659bb42d
test/aaaaanoz_0_12.png,5b89950f7932b759c5c0c02253847786
test/aaaaanoz_0_13.png,861e1363c00854f2fafabebea6272aa1
test/aaaaanoz_0_14.png,025991ca977752fe7c6c6a4d9b46422a
test/aaaaanoz_0_15.png,206ffc9560893c69ae7443dd7d7ffc5a
test/aaaaanoz_0_16.png,5cd13f9f031d3dfb8c2ded772ef7f945
test/aaaaanoz_0_17.png,f8f63b82ae5f9d89f7771240bd46fcff
test/aaaaanoz_0_18.png,ee4e0b52d7d8057b76acbbb7cfadb1ca
test/aaaaanoz_0_19.png,684158dc376e05d7ea5f7560a0f870b5
test/aaaaanoz_0_2.png,ec8bb24c54a62d4b057e070ed0463cff
test/aaaaanoz_0_20.png,78581cb64fcda110cece1375802f91bd
test/aaaaanoz_0_21.png,52dcc87ae2a44bbf68d00890914a70a8
test/aaaaanoz_0_22.png,b3d12462d55aae11d6bcb8bbaae12c4c
test/aaaaanoz_0_23.png,afdda5dd7bc45413ed3792f17e835543
test/aaaaanoz_0_24.png,ece9917374acc9dc87820d2d08942c3b
test/aaaaanoz_0_25.png,ca327a17042c6e68edb6ffc963481f6c
test/aaaaanoz_0_26.png,cee77ea228ac80d4753cb00911aa9718
test/aaaaanoz_0_27.png,da53751afaa18f4941ae1818d58655bf
test/aaaaanoz_0_28.png,f67e3d69f2454953af96253a6ee062a0
test/aaaaanoz_0_29.png,95d73437bc759693e64191780e8ae7ac
test/aaaaanoz_0_3.png,3ca47934fb589c03fc9a9594d8978678
test/aaaaanoz_0_30.png,1da59ed5abb0981851bba0f759d78e2d
test/aaaaanoz_0_31.png,1d24d94a2e1186fa511e0cf2414cce96
test/aaaaanoz_0_32.png,c3c42a33b026c214a5ad408453ec12f6
test/aaaaanoz_0_33.png,6192a4481378a0b3760aac0c4fce10ae
test/aaaaanoz_0_34.png,6ff2cdb57eabf6f9d5c591bac7e3ba3c
test/aaaaanoz_0_35.png,d29a815dbb520e17ba5bfa5ab7ec5dde
test/aaaaanoz_0_36.png,2c9c4e5cae402ec0137735dde49370ef
test/aaaaanoz_0_37.png,1cab1deef06a6ac629ffa8669f3a4002
test/aaaaanoz_0_38.png,bf86980e6671b94ea7cf2364703b3238
test/aaaaanoz_0_39.png,2b5f4a7805c98ea879eaf4c653a34a35
test/aaaaanoz_0_4.png,909744659a6a86a9196feeb63dd5c257
test/aaaaanoz_0_40.png,7e330db9ab9b0a1936e24f0d02314872
test/aaaaanoz_0_41.png,f73c73b0376ad98708a714f6cbde88c9
test/aaaaanoz_0_42.png,d12f1bea1f9de47a1f13ec0e2fca01bc
test/aaaaanoz_0_43.png,3138ddac0dda764132f11bfea4ab12f7
test/aaaaanoz_0_44.png,71338bee943358ac4d0691c67c455e4e
test/aaaaanoz_0_45.png,65e9c98fbac13a579cadd82b92fffcc5
test/aaaaanoz_0_47.png,fc3578eafd74c18171b36287eb182c2a
test/aaaaanoz_0_48.png,6792f07c7b320cbd3cc0d46ad2fd8081
test/aaaaanoz_0_49.png,4dbfa9ee887d3446e5e9209bb510faa1
test/aaaaanoz_0_5.png,ed59a17c1c32fecb36740e8e56abcce4
test/aaaaanoz_0_50.png,1f0ff21b57cf450519893514ab975378
test/aaaaanoz_0_55.png,42365876b0cad0431b69b889bcef3abb
test/aaaaanoz_0_57.png,ad1ca276c1c6d8d0d4293100b17125b1
test/aaaaanoz_0_58.png,da81d5f2a95ea846d8681de31a1b851f
test/aaaaanoz_0_59.png,b7680683c898fdecb0a77920a1e8adaa
test/aaaaanoz_0_6.png,92d88a46825da37fcab88a657ef8c86a
test/aaaaanoz_0_60.png,2546fd2444fc132759911ce972955e82
test/aaaaanoz_0_61.png,9a3eb0ab9c441da43e663c3932d395a6
test/aaaaanoz_0_62.png,69111ac29168af66e5c61446c7e6aed5
test/aaaaanoz_0_63.png,7965c7adb8c46917f5ea2bf640383834
test/aaaaanoz_0_64.png,779e194354908a7b70ac0fa770e5f721
test/aaaaanoz_0_65.png,ba697381605cc34ea6c1fe045c49e7c9
test/aaaaanoz_0_7.png,75340960c32a8e469d9ba8346afa585b
test/aaaaanoz_0_70.png,c1ffa11771611564384994e40d47a398
test/aaaaanoz_0_71.png,6958c15dc1f2dd9c8551aceccf6c7edc
test/aaaaanoz_0_73.png,f321051fd33b275da8c40965b543800c
test/aaaaanoz_0_8.png,1db381ca4ae88fd9ec9f38032261e537
test/aaaaanoz_0_9.png,84406d3a2412f271b21421d4a5d472c6
test/aaaaanqe_0_0.png,66c69b85b69d6f8de8a64df2414942b4
test/aaaaanqe_0_1.png,660dac31eff2641c44d3f045c0343e4d
test/aaaaanqe_0_10.png,f9d27d66ea1507b8da9e75d1dc1da8ec
test/aaaaanqe_0_11.png,a74b82de1cf191394022fe7e1a93ae85
test/aaaaanqe_0_12.png,8a7750395d181a3d79ce4a28ff3bb6cd
test/aaaaanqe_0_13.png,f5281af01d7a5a2c2c24bab6c72ebed6
test/aaaaanqe_0_14.png,b5041cb35af7c329944c7f82716fb33e
test/aaaaanqe_0_15.png,7d441b66d89b7fa09655358b208362ee
test/aaaaanqe_0_17.png,ff518ba4106efdb157064a7420bee9df
test/aaaaanqe_0_18.png,486ec0def3b6584e21a13f49d7501364
test/aaaaanqe_0_19.png,269785a7512be339e53580449d8d86a4
test/aaaaanqe_0_20.png,4f80026f1a75485439fdee923af923ec
test/aaaaanqe_0_22.png,adf58b4a34086723aab7ba85351ea178
test/aaaaanqe_0_23.png,1b187d725320482484d6c281a6c01854
test/aaaaanqe_0_24.png,93932fdb474e09dfad149069c2a64477
test/aaaaanqe_0_25.png,3076f4ece94aead80be21e21906d46b5
test/aaaaanqe_0_26.png,75eca2d2e590def6f2a9ecc71d878732
test/aaaaanqe_0_28.png,480271e3d82d4faf82b8485cd06c6519
test/aaaaanqe_0_29.png,c43d40f318009544d83034433200ec86
test/aaaaanqe_0_3.png,9ee8529f020112f46faa55aa8cdaf21d
test/aaaaanqe_0_30.png,e4bca3282a74b9b545ce4b3d1fbbd6b9
test/aaaaanqe_0_33.png,2018df3a7819ac684c8205d42af82594
test/aaaaanqe_0_34.png,56acb03ae39e2bfdaca41c905d49ba5d
test/aaaaanqe_0_35.png,c217792c40b048141031b3349a1e2f84
test/aaaaanqe_0_36.png,5debedce9d85ee26a3661bd5985df680
test/aaaaanqe_0_37.png,a8ff5f654fd022a0f1eb0b32eaef53ae
test/aaaaanqe_0_39.png,ba6f1af63a3f1710eefeedbe9c6b6bbf
test/aaaaanqe_0_4.png,f2a07a1da9b03f0d507b7a0f8bfa2ff2
test/aaaaanqe_0_40.png,7ee6cad7df1112f20d9e8691be645be8
test/aaaaanqe_0_41.png,3f5d50d7dc427bbe864e745c2f09c128
test/aaaaanqe_0_44.png,982ab5e4bcfdee2807c4e49d4144fd91
test/aaaaanqe_0_45.png,fcb3723b45bcd6bb97d4585d9ec52174
test/aaaaanqe_0_49.png,f5a523221019e6ba83b66eb927972e30
test/aaaaanqe_0_5.png,25881d5fbd1137e82501afc503b06f71
test/aaaaanqe_0_50.png,154e4852c84d2d2a4f43016e1a1e8989
test/aaaaanqe_0_51.png,6b764fba7b3cadf31f93176b6e28a800
test/aaaaanqe_0_52.png,981d87a618e899a61edf1a755eb80047
test/aaaaanqe_0_54.png,854e80cfec5747f9f6e43cf3f0c4e1a3
test/aaaaanqe_0_55.png,181ccdbb3d35dc1bafd44b8a5a4496a6
test/aaaaanqe_0_56.png,9113cd12504ca175815e97cd144b126e
test/aaaaanqe_0_57.png,bfb3023b8856e86bcccdbd265fee4340
test/aaaaanqe_0_58.png,2995580e7d15b9a454a9b0155902cf66
test/aaaaanqe_0_59.png,820703a26650b963c776fefa44a5fd38
test/aaaaanqe_0_6.png,4e0b13816695b3eb031a22bb968b38aa
test/aaaaanqe_0_60.png,3730cd52b1a3f351acb59b7da3434e1c
test/aaaaanqe_0_61.png,a65187a71b061da6eec0ff8ab08101bc
test/aaaaanqe_0_63.png,6731c0520f40ff4bdd6ad5f73bc60ef3
test/aaaaanqe_0_64.png,ac4e6e1e467f21716d9cfd515400b02d
test/aaaaanqe_0_66.png,f8879f69121f6adf231c4c1184990e9f
test/aaaaanqe_0_7.png,9326fc98049039be875c0b9ca349565d
test/aaaaanro_0_0.png,87bb4cf79a22e8e5a0ab0501432bc881
test/aaaaanro_0_13.png,9f4b7ae7af255046fa7081ebf0f0d3a5
test/aaaaanro_0_19.png,85b3813381b0bf5377951e38488c2fb6
test/aaaaanro_0_20.png,8c85e1deec55d57d4d95b1dc46bf96f0
test/aaaaanro_0_22.png,b9ff0224ec8d18b5dae088e2e3217c64
test/aaaaanro_0_23.png,d07cb06517013fa379f80a0a0a3c6e16
test/aaaaanro_0_24.png,2af1d4e9c91dfc2e85b0ed7aa99bf8a4
test/aaaaanro_0_25.png,d387bb6af4abe9bd52d76416817f7857
test/aaaaanro_0_26.png,a0eb53aaf13a0a5bd99420dbd56e0562
test/aaaaanro_0_27.png,ec6d2a1ea1fdcbeae5cd2ca862b390ca
test/aaaaanro_0_28.png,176a90aed9ece0723603393f823e7ae5
test/aaaaanro_0_29.png,5658b1c2a6d3b9559e75a7033f716c7e
test/aaaaanro_0_30.png,4f793274f8254d7a8484d9eb23e894ac
test/aaaaanro_0_31.png,7e787e4ad0687466e8ea25b0d9394188
test/aaaaanro_0_32.png,7c162015359c9cd9f2ecd4b811eea845
test/aaaaanro_0_33.png,97e67334ec11ebb913916583d7ed70ad
test/aaaaanro_0_34.png,6754aab837df82359827e1c9f664d64d
test/aaaaanro_0_35.png,1359451e6ef4b24bf482cf024343619f
test/aaaaanro_0_36.png,49a158593cd8905e20559b3edb47999a
test/aaaaanro_0_37.png,49985eeac7fb4d02cbe5a4d2bcd2ed70
test/aaaaanro_0_38.png,40ac7843535836ef4c0db404cc387f1c
test/aaaaanro_0_39.png,2e809436da5ca0377907d12e4427de81
test/aaaaanro_0_4.png,aea60e20361e6bcd698f90ce5b7707e7
test/aaaaanro_0_41.png,2466e67a1b1a6a078d8a2011c90525a3
test/aaaaanro_0_42.png,0403e876a329df8ac45c8d6bca4276fb
test/aaaaanro_0_43.png,6e7dc4da3fb9b9c042bb77a38208d116
test/aaaaanro_0_44.png,5b5cdd44292b056c2e15a26b752df93a
test/aaaaanro_0_45.png,9e24fd6a590d93a8dfd04175f3880809
test/aaaaanro_0_46.png,c2b2d45c4c3cdbf802fa9a327cd9a89c
test/aaaaanro_0_47.png,d3429b8107767267154609ed2be24f8e
test/aaaaanro_0_48.png,d173fef4b1f35d36f6a93d0c72acf450
test/aaaaanro_0_49.png,6265a28a3bd1e520b91eade3d2f2db02
test/aaaaanro_0_5.png,36118151085d49fc43fb6b1d6b051207
test/aaaaanro_0_50.png,d915a3259913bd9358914b0d84b35ec1
test/aaaaanro_0_51.png,86f9ce68ba90db05adfed950aac90a7c
test/aaaaanro_0_52.png,f43d18214f17068808c9876ddfba0b10
test/aaaaanro_0_53.png,a00785b838bd53531bd39223c9955ed5
test/aaaaanro_0_54.png,a8b3c6bcabc1e5f40b80a83713482442
test/aaaaanro_0_55.png,d02dfcbbf13c4073146d6bcb5055c64b
test/aaaaanro_0_56.png,9c42cb65c07c99a88c48e7cd0eaba18f
test/aaaaanro_0_57.png,51316209144bea1e9637b4a9bab09e8c
test/aaaaanro_0_58.png,5bd081c3056c501be1df36c38f448c6d
test/aaaaanro_0_59.png,ddb693effdb8b639c715791dd6ac1999
test/aaaaanro_0_6.png,6a410e008c799d9d5fcebb1841779aff
test/aaaaanro_0_7.png,cc644d9f1986dbeb18bc61b04dc42c94
test/aaaaanxl_0_0.png,0c4bf4da7ac898dc64466c232f701c30
test/aaaaanxl_0_1.png,593b80d7815e29979a7dc3a85aa160d6
test/aaaaanxl_0_10.png,656d32dbec88d771a6f4c0522a58de2b
test/aaaaanxl_0_11.png,5c236990a5c65595acec3e8f24f58dea
test/aaaaanxl_0_12.png,9da074e1d15fb841499de7fa66cb7557
test/aaaaanxl_0_13.png,ad895d7fb2f95b7ebd93af2a26d2b3fe
test/aaaaanxl_0_14.png,ef10b05f3d6d11e3b443513c79cfe20b
test/aaaaanxl_0_15.png,bdcf318155c05c370ed0166c6b17b6b0
test/aaaaanxl_0_16.png,2c1506d9c22308aa801863c6a82ef8b5
test/aaaaanxl_0_17.png,075d025900260a567360afbcf9c4aefa
test/aaaaanxl_0_18.png,cf0f32a73c0fe03543654dc54e234313
test/aaaaanxl_0_19.png,50fceab8d3ec9e761f780ec8643939f8
test/aaaaanxl_0_2.png,4b2b5d06f8910c90debfa8748a27ae46
test/aaaaanxl_0_20.png,571ebed111495e5963391e9e5b0565dd
test/aaaaanxl_0_21.png,acef1245a547054eec99e850f5bdd40c
test/aaaaanxl_0_22.png,8308aa371e08acc399152dbb3442b2f9
test/aaaaanxl_0_23.png,75ae20d3cf496d8b209f73cfd41273bd
test/aaaaanxl_0_24.png,0cd0cbfeaef234ee117040a684a687c8
test/aaaaanxl_0_25.png,c2c181b95f31427160aa61900cf42362
test/aaaaanxl_0_26.png,7c8dfa1910a97f333672f7272124c3de
test/aaaaanxl_0_27.png,a52af20af0455149a4fb6ba3228ac02b
test/aaaaanxl_0_28.png,a3cb25ab145e702d98c297772e513d03
test/aaaaanxl_0_29.png,7da7d9f0c93076252969203e84687c7f
test/aaaaanxl_0_30.png,c6c7c99b4cc3147d9f48387d9b4db717
test/aaaaanxl_0_31.png,91ef8bf3afb57bb2fe9451bdda4a6901
test/aaaaanxl_0_33.png,91fa2ab4eee22cf4f2aabadf68f2f104
test/aaaaanxl_0_34.png,3bb94ca9ad5b065cda5b17715fe8e8e4
test/aaaaanxl_0_35.png,f1d367bee73865c16bfd0d8249c20ec3
test/aaaaanxl_0_36.png,3804c8e26fb80107577073803ca08a8c
test/aaaaanxl_0_37.png,9029e05d50aefd3e65dd5294f4c31b8d
test/aaaaanxl_0_38.png,00406490724b565a2fd344fa03152568
test/aaaaanxl_0_39.png,ad3a29f3f90d83ff817acd6a86879dd6
test/aaaaanxl_0_40.png,a91499821c46995ed08254cee60a759e
test/aaaaanxl_0_41.png,0183cc1c967110e36fe3680ac6361e5b
test/aaaaanxl_0_42.png,0eb61209c15cc82b5a49058a126f2a83
test/aaaaanxl_0_43.png,3c945046548cd62ee34486cc5c2ae9be
test/aaaaanxl_0_44.png,1ac98c5a705bc7445d9bcd56dfb6b7b9
test/aaaaanxl_0_45.png,34932067b0fad36b81e12d1b63413827
test/aaaaanxl_0_46.png,29a6c9a41bc689cb7a5a98c51c043f19
test/aaaaanxl_0_47.png,a44766ac0a80dc47b9f8f0af5f0e369e
test/aaaaanxl_0_48.png,30abcc9d44a8d1ff96348525245b24d3
test/aaaaanxl_0_49.png,7b994e5b576f5802304a6d8ad9a7cbe6
test/aaaaanxl_0_50.png,b13c503321937e4eea5b243a8e2ae19e
test/aaaaanxl_0_51.png,5f69044b778de56c583bf2cf92a80614
test/aaaaanxl_0_52.png,c175f690db09c36f8d6d24d262314c96
test/aaaaanxl_0_53.png,44c85604b2257a455e76d255f0398af3
test/aaaaanxl_0_54.png,a2ded99d6112f28a22214dc745c98079
test/aaaaanxl_0_55.png,40e31b913220f7d6a75a7b535aa308d7
test/aaaaanxl_0_56.png,8ca872e91f9cbe9c61660bceea4977fc
test/aaaaanxl_0_57.png,6febb3635f1fdda32127187c5ac075ab
test/aaaaanxl_0_58.png,507a44549d480124a58a2eacae75b599
test/aaaaanxl_0_59.png,14785f314dd9073e4b34d2aac5ec5df7
test/aaaaanxl_0_6.png,590608911765affa97c9ee1487e49862
test/aaaaanxl_0_60.png,a7bd1f49f78bf8625e851c52ef1d848d
test/aaaaanxl_0_7.png,48fe9d29b14dd4c9d387585ac31e9a92
test/aaaaanxl_0_8.png,52084a28a432e772531c95cf137a1584
test/aaaaanxl_0_9.png,771849cba98cf32e89801f5ec797ddaa
test/aaaaanxz_0_0.png,897e08b66da5626adaed3a6876143084
test/aaaaanxz_0_14.png,7b67c04d35450a671e3b532e96c57b25
test/aaaaanxz_0_15.png,582abeaecd665256efe6762995705b97
test/aaaaanxz_0_16.png,e678e160aec6b86c1ed632fa6fe1d57f
test/aaaaanxz_0_18.png,f90c10fa0496d5e1f39bd3d758bb0ff0
test/aaaaanxz_0_19.png,ac855fa79c1f642fa5c813645ad3e437
test/aaaaanxz_0_2.png,8b96253ef4aab037885b1af3d6801e9c
test/aaaaanxz_0_20.png,f289996ef1a0e190dd3a4368f1830ef6
test/aaaaanxz_0_21.png,46b3ea12cfb9812c25c39061c7ccf864
test/aaaaanxz_0_22.png,ee03e6da0903a438cccf40554360161f
test/aaaaanxz_0_23.png,bb7f559053cf2510d2af330e99f15a57
test/aaaaanxz_0_24.png,098669f5afcdbe75e761e30dcd1fe24e
test/aaaaanxz_0_25.png,403c4555be45f05f23ce2a7fc009a5cb
test/aaaaanxz_0_26.png,92dc5b6485207dca53bc9d798b99f0f5
test/aaaaanxz_0_27.png,e5c02b34e7a31f8317c306dddcc4d3ce
test/aaaaanxz_0_28.png,dfa6843e3973febc98676ad2f03039e7
test/aaaaanxz_0_29.png,3f2cf1de674d3f0fb6edbc4cad676e7a
test/aaaaanxz_0_30.png,78e0f05453668669971313b53de7ec8f
test/aaaaanxz_0_31.png,5ff638e92c86244b3d99db30e3d9a849
test/aaaaanxz_0_32.png,a57bc301b9161f52375b058ce8e9ecea
test/aaaaanxz_0_33.png,8f1faaf776666833a9d7b5558b1f610c
test/aaaaanxz_0_34.png,3e2753bbd41806daa852e7d7c465d35c
test/aaaaanxz_0_35.png,9d4b4bbc928c36ea1b020d2337d7a18a
test/aaaaanxz_0_36.png,d37cd7f1a1544578d56f0ee6ae72b0df
test/aaaaanxz_0_37.png,8e2b23d4ed08113f581023e12d42a380
test/aaaaanxz_0_38.png,d84c75ebad4270d29b921fd700953ee9
test/aaaaanxz_0_39.png,ce409bb4993ba21257704aa5418dcca4
test/aaaaanxz_0_40.png,6e302c708b3f3ad191438b342dffc285
test/aaaaanxz_0_41.png,f6dfc453bc8208ea6e4caf72639044a4
test/aaaaanxz_0_42.png,338fc182dec97a777984f2bf611d185d
test/aaaaanxz_0_43.png,a7abca8f7962c0dc7ce5089081ac8204
test/aaaaanxz_0_44.png,454dd84b69b74f5b0f412e559f2b36e8
test/aaaaanxz_0_45.png,2d0efda6042885028a03d989d0e28252
test/aaaaanxz_0_46.png,a1ba2176f108d4ab560c94e33d21d3a1
test/aaaaanxz_0_47.png,33095c84d8bfee38fd7315b6cbd099df
test/aaaaanxz_0_48.png,5f7c54bf4c75eb5292a56a598653424a
test/aaaaanxz_0_49.png,095f57341fe482fa18f1ed9826db03a3
test/aaaaanxz_0_5.png,420c83cb8721a173ec2ef046647e9b10
test/aaaaanxz_0_50.png,711fb03bfb94ba8029f83fca7f1b597b
test/aaaaanxz_0_51.png,6dc8707c0b5cb18e12f5419a773a4f30
test/aaaaanxz_0_52.png,12149498122161e3ea52a4c3c06c25b2
test/aaaaanxz_0_53.png,b7ef1c8259bdba883d81038552d12599
test/aaaaanxz_0_54.png,07b567929176bf8255f8c5d7aa878f09
test/aaaaanxz_0_55.png,ed34a82bebb21bc7bae2c13b6ec45b50
test/aaaaanxz_0_56.png,f43f5dd872d87f3fcb6351abf6485708
test/aaaaanxz_0_57.png,3d9786df5e96c488b1ad375b221d6708
test/aaaaanxz_0_58.png,2f1bed2e20c6e9db417ce2afc76d5313
test/aaaaanxz_0_59.png,85f2965e8393b73e89a257cc223e5b60
test/aaaaanxz_0_6.png,3e83359481e5dc2a8f9e5dd371e67cde
test/aaaaanxz_0_60.png,3298538b8868bc1deff12912e2cb1cf8
test/aaaaanxz_0_61.png,3f200e67de4c972a44336b7656cbd813
test/aaaaanxz_0_62.png,aa52d84340a5a8374178b7fd793af261
test/aaaaanxz_0_64.png,8843eb784aec69444e51ec808ca9f42c
test/aaaaanxz_0_65.png,121ed49fd30d197e647151aa341b003e
test/aaaaanxz_0_66.png,aac581fc76a9278733150262a8844397
test/aaaaanxz_0_68.png,216854a35762fc55a600717dec1feee7
test/aaaaanxz_0_70.png,4a5997ce33a9f381bf7345c42d1d800a
test/aaaaanxz_0_71.png,ff067b2fb76423efbd5de222bf10e859
test/aaaaanxz_0_72.png,51d9e6c48b83b9b9cf76518db228e0cf
test/aaaaanxz_0_73.png,42f0d3a0c1d8059fb58f9b5497d1d377
test/aaaaanxz_0_74.png,1f3b510f1e1433f26f77bfafb7787864
test/aaaaanxz_0_75.png,c8bbc0a289146104ab2b5585487263e0
test/aaaaanxz_0_76.png,e739266c70e150b6004a54b1182f6f09
test/aaaaanxz_0_77.png,cbbbf0ed8576ea0ba424293ad03f3c3a
test/aaaaanxz_0_80.png,0bfe9d457905847fd84384e1cbdb40f6
test/aaaaanxz_0_81.png,923e5bbd9810ebba5f133ec629b3f776
test/aaaaanxz_0_82.png,6bf296e6fd21ad6a065f2f88a4ad52bb
test/aaaaanxz_0_83.png,5f22d6869bac893a16abb2b3d854791a
test/aaaaanxz_0_84.png,212b5f47973af9f3cbb3808d42fa2669
test/aaaaanxz_0_85.png,58486ffae55b30bedbfd331bb4256912
test/aaaaanxz_0_9.png,5e640e805b596b3b3b87188847be7a49
test/aaaaanyf_0_0.png,d8faa3e534e8c0f6056968bb5231e6b2
test/aaaaanyf_0_1.png,0040b4b071b554c7a253853fb3e25ac5
test/aaaaanyf_0_10.png,43ae56c20550e3ab001f14985e820fe4
test/aaaaanyf_0_11.png,da5439ef7221170da2526333f55ae583
test/aaaaanyf_0_12.png,4f0f09c5a0424b843a4e13857526e3d9
test/aaaaanyf_0_13.png,16ac6cc624b8568a38c9faeb5bba108e
test/aaaaanyf_0_14.png,817633fe2274f84990adb04d114f5785
test/aaaaanyf_0_15.png,6dea07735cd15312e9572a4e3644172f
test/aaaaanyf_0_16.png,42349dc43ddc905e44a9e01c12e09bdb
test/aaaaanyf_0_17.png,6f7623e14ba1f7402e7dd42331ba2831
test/aaaaanyf_0_18.png,d62bf1c58c8f6e3f0a0b664f4b107f10
test/aaaaanyf_0_19.png,b3dab4774bb40032ac5ff5696c4131c2
test/aaaaanyf_0_2.png,c72b7bfd6b4a20a6a3e8d1eb9b8c8397
test/aaaaanyf_0_20.png,947494e8b43054535d1df4716326ddf3
test/aaaaanyf_0_21.png,1453cf5c9ed2af27cf0b1d01ce5fc7ca
test/aaaaanyf_0_22.png,b291fb96f30101527e30801ca154c661
test/aaaaanyf_0_23.png,820b366c7a9c3c16c12de74062c4ad80
test/aaaaanyf_0_24.png,a17672df77280486263f36d76f7cc580
test/aaaaanyf_0_25.png,382f9cb6d0cc593631d71f17ffaebe47
test/aaaaanyf_0_26.png,061a89e27f9ce70646463ce8e16f34f0
test/aaaaanyf_0_27.png,0a92ea270b4068d935fe05265c9442f7
test/aaaaanyf_0_28.png,ddb82ddec466e1bb7cf48dff2ee97123
test/aaaaanyf_0_29.png,7aaebbeab3b339b426a891a5555166b4
test/aaaaanyf_0_3.png,928db7805fb9f3bc3a5642b7ff3b7290
test/aaaaanyf_0_30.png,c7b5d6ac6c2923492e02f3ec3f208fc0
test/aaaaanyf_0_31.png,367dcf0d528812837999fcab67692841
test/aaaaanyf_0_32.png,70b9778e69d614f527f4c8ec6af3b74d
test/aaaaanyf_0_33.png,3205f6ac6c2321a61c0404b9ca902ba4
test/aaaaanyf_0_34.png,4e22d48154f5076d7765a702b63e540b
test/aaaaanyf_0_35.png,62ef89fe2e2ddc14e835fbe46f53b1c8
test/aaaaanyf_0_36.png,158ae29c742f85c06ecd3821d06529aa
test/aaaaanyf_0_37.png,9ee962deb6702d63f6cb09e47926eabf
test/aaaaanyf_0_38.png,f72eea6a2c53db0ae7c33c660824651c
test/aaaaanyf_0_39.png,2a8ceffc70fd79e2a074eee24ec33c81
test/aaaaanyf_0_4.png,39d0440c788696aadfe1ded39ee40463
test/aaaaanyf_0_40.png,a907f834f4f028508bbf56cb68fca867
test/aaaaanyf_0_41.png,11e96a0963935be5b490319d5593d65d
test/aaaaanyf_0_42.png,a120eef6ae86d833beb576e0ba1304f7
test/aaaaanyf_0_43.png,1e859bcc73817fef651d424f89e811bb
test/aaaaanyf_0_44.png,420d1ac2cc200e23e763054aca860129
test/aaaaanyf_0_45.png,44704b3a80caabb2463a329834346985
test/aaaaanyf_0_46.png,f86e4db1232e386db9db681127dc74e9
test/aaaaanyf_0_47.png,b443ff0e24694ab4823fa8cef9f25d57
test/aaaaanyf_0_48.png,fe37f2be9bfe699b860421089a38a37e
test/aaaaanyf_0_49.png,be80eb7a0f40b10f116101afcb1ca7bf
test/aaaaanyf_0_5.png,7729371971c20224882a8624d1d032e8
test/aaaaanyf_0_50.png,a238ea476f50ce95233ca7fae788e64a
test/aaaaanyf_0_51.png,7c3b0f961077a61f5e4ebeccd1b83804
test/aaaaanyf_0_52.png,b9386aeab453da4c764823e0a61be593
test/aaaaanyf_0_53.png,9d397637db2bb370c590216da4baa040
test/aaaaanyf_0_54.png,503ca3935de923e26ddd1a1db987507f
test/aaaaanyf_0_55.png,be32fadc310d7e5d74b6f5bfb718bfbc
test/aaaaanyf_0_56.png,50d86091836b584c53dce4606c826d45
test/aaaaanyf_0_57.png,73b3047ed01010e4e5b47dbc9e9a2d2e
test/aaaaanyf_0_58.png,d20b70da750957e889cb2bcd8863687f
test/aaaaanyf_0_59.png,f3de21a21bc0f9b2daecbfb76089e1b2
test/aaaaanyf_0_6.png,018ad13831aa20882ea2ad21f8bb249d
test/aaaaanyf_0_60.png,ca049d1fcc574bb3956cd715ddf7c24a
test/aaaaanyf_0_61.png,94b91bfd7e2dfa39ed9fc5e505eb8d50
test/aaaaanyf_0_62.png,f4ddb6aa3632fbec99e53f266517f15b
test/aaaaanyf_0_63.png,30015f7a614a0c2d363c8bd6ba4e17d6
test/aaaaanyf_0_64.png,d07dd85648a25ce9c5069a4e5ee8ca4a
test/aaaaanyf_0_65.png,ade0504e7bbcae65130ee6e4a3bb8333
test/aaaaanyf_0_66.png,4b0be4361699c211af86678330a5cf9f
test/aaaaanyf_0_67.png,823828ad83f981bd64494f1e073bbae1
test/aaaaanyf_0_7.png,81afa58e821760012d205abf1c72ef91
test/aaaaanyf_0_8.png,8f7c41413c125c1f4025ad230c378101
test/aaaaanyf_0_9.png,de28701a49506947fa4619f85226c7f0
test/aaaaanyw_0_0.png,a8cb085a43d2fd04e03a09b952888af6
test/aaaaanyw_0_10.png,9d05d3df40fa4300a8c112cb6f25bcf1
test/aaaaanyw_0_14.png,9c34a6d09078b1f4d60921d9c94934e6
test/aaaaanyw_0_15.png,abd63c72652b10282b572e1ddbdce9fc
test/aaaaanyw_0_16.png,2a2d33a2751e2c4b8d90669a2e7a0cad
test/aaaaanyw_0_18.png,a1f54a59debf240fe6779c93b577d766
test/aaaaanyw_0_19.png,0083ac630d37ca6f6ffc74c4b3240bca
test/aaaaanyw_0_24.png,50136d8cdfa112f2b166393aac74c8e8
test/aaaaanyw_0_25.png,aafdad684de66f06ae6c9be2f9c2011e
test/aaaaanyw_0_27.png,0df30e5f83a9d4eab03a3727b68c4fc1
test/aaaaanyw_0_28.png,d634e91cded9e5fc3678a6c46e9d20b5
test/aaaaanyw_0_29.png,90d777758e9c18ac06bc9ff0c5e44b00
test/aaaaanyw_0_3.png,b38bf256c9d27eba24a689047534b7b9
test/aaaaanyw_0_30.png,72e83065e044c632b1bd13882a196851
test/aaaaanyw_0_32.png,2574306ff29250751791c35deeba9f82
test/aaaaanyw_0_38.png,f21e67945d247a299b3a7bce2c8ce05a
test/aaaaanyw_0_39.png,37ee94ff1e484c3cc230ede3a6bf0e5f
test/aaaaanyw_0_40.png,159e50c94b8aba91e7a9db232f58ac9a
test/aaaaanyw_0_41.png,4b8afbf8fe769c75e50c1a50a0d619d0
test/aaaaanyw_0_42.png,58eb2f6a1c66ef4d829834b71645b9ca
test/aaaaanyw_0_43.png,a62d432bd057889be6d0e1e7ead068b9
test/aaaaanyw_0_44.png,367542c165d3d024e6ee7c05269183c7
test/aaaaanyw_0_45.png,86fa44e4443c423b8a5b16a6c87a259e
test/aaaaanyw_0_46.png,e5fe257f489804c52f3ee9a1a911e12a
test/aaaaanyw_0_47.png,52b01924e8a0682aa5976c169942cd43
test/aaaaanyw_0_5.png,17c744e223c7577cf142de2a08ef9349
test/aaaaanyw_0_50.png,f5b5fff32b8696e0a9e5c8b401dcf651
test/aaaaanyw_0_51.png,c72e6574ffc2b8d694cef1ad5e4b5132
test/aaaaanyw_0_53.png,76516447473151e214a6eceac42824fd
test/aaaaanyw_0_54.png,2659289952b641161cc7c4869189e897
test/aaaaanyw_0_55.png,c6090da33ab5511ea80658fa10fab1e2
test/aaaaanyw_0_56.png,2e6c370e109e35dc026384accd3416a8
test/aaaaanyw_0_6.png,4225732fca3a6dcce09b43d9b200a358
test/aaaaanyw_0_60.png,77778dd537106603f03b1880b8cd60ac
test/aaaaanyw_0_63.png,6cb5dc0adc444cd2e8bf8297a03b3120
test/aaaaanyw_0_64.png,fc9f7b97f0dd457fd7ec66020e806bef
test/aaaaanyw_0_65.png,37225a902a3f45b2c370d61a3e3e9d25
test/aaaaanyw_0_67.png,e4a5bab6b166b4d64bb6ab29687cdaa8
test/aaaaanyw_0_68.png,d3ae275c5ed24ecce1d53f017c4bc3f7
test/aaaaanyw_0_69.png,73f65a9a0e5a9a1e77b6f6ac06508c42
test/aaaaanyw_0_71.png,46fa29733c164bb918f3c17c2483dbaa
test/aaaaanyw_0_8.png,3b006432e8501384e7d262ac722bfe88
test/aaaaanyw_0_9.png,d22f634024bc39b49800213adc396c14
test/aaaaanyw_1_0.png,f7a33b7879f7426293dcaad769cc6722
test/aaaaanyw_1_10.png,3fd55281abf2f2e8a2f9a287b08515b3
test/aaaaanyw_1_11.png,25d5fcbe0633e1ed8e856ac7abd73298
test/aaaaanyw_1_12.png,402a499f5660a3f8476c203c0196306c
test/aaaaanyw_1_13.png,1d7f4e948352a1bd3ec8b4b6d5f745f4
test/aaaaanyw_1_14.png,4d392dfb4eb362e68348840c6f15ca3c
test/aaaaanyw_1_15.png,bcd9f2f33f43a845643a06d4a1464f0d
test/aaaaanyw_1_16.png,c074a37bdcdfa94f6cb21a06bf904f38
test/aaaaanyw_1_17.png,4837219ace4269f8dcf24e0da120ce3a
test/aaaaanyw_1_18.png,c624e693c1eb15c8b72c98b5b1e32c52
test/aaaaanyw_1_19.png,ae837e1b3f9b350c68d0bb6b95cfe489
test/aaaaanyw_1_2.png,8767f1d8d2bc71fa6fb216204cab4ec9
test/aaaaanyw_1_20.png,e89f5ff7e1adb8bf810016268c61e472
test/aaaaanyw_1_21.png,39a72ac391c68d25143cf71761da4f12
test/aaaaanyw_1_22.png,f8a76138aaf11809254fd9d135cb9f1e
test/aaaaanyw_1_23.png,56dcf9ac9d84aa5d13bfc46d125b5eb1
test/aaaaanyw_1_24.png,c86263506235771dfc475b3289299791
test/aaaaanyw_1_25.png,7a97ff9def1cf39c7f01fd9b9d6614d0
test/aaaaanyw_1_26.png,eb660346f51ecc52fee2f06ac23c8a84
test/aaaaanyw_1_27.png,01133ee180e09dc6ab5546c5c2c67419
test/aaaaanyw_1_29.png,8e0555aa80c6764f70fe66eb86e7cbc3
test/aaaaanyw_1_3.png,4185021a722b1e4900f64150d324f2ae
test/aaaaanyw_1_30.png,f37b1e31d97869cd95a7be35655ca882
test/aaaaanyw_1_31.png,9d7b021c0623ace0d855c32b702537ea
test/aaaaanyw_1_32.png,c11a0f8d8335a0835255d01353f7226c
test/aaaaanyw_1_33.png,963edb31833404a024794ba1d4b0ac4a
test/aaaaanyw_1_34.png,83dbfc1e77ea9aeef2e46f67ec480ccd
test/aaaaanyw_1_35.png,20dde06a03d877df9721011b90132698
test/aaaaanyw_1_36.png,68a1556b84e8c60b50487806cc670f73
test/aaaaanyw_1_37.png,3a2d400e748003278ebdc65630be2474
test/aaaaanyw_1_38.png,9e7a61731714273a6ad3ccbab8365210
test/aaaaanyw_1_39.png,c712dd53067d472fc9d3327fa5481730
test/aaaaanyw_1_4.png,dd5c74073f05763f0cea193a3d72d8ac
test/aaaaanyw_1_40.png,aa436f33107f1650ee6f2e2b250e320d
test/aaaaanyw_1_41.png,1c0ba5b3ebdb4401483e7ff8c6ffb576
test/aaaaanyw_1_43.png,3633b86f5dd1a64c38e36874f30884db
test/aaaaanyw_1_44.png,7260b4e17d450900db80877b94a4b56b
test/aaaaanyw_1_45.png,cc58b108d9b46f556198e15f75977931
test/aaaaanyw_1_46.png,b9cdf6543076b51e699e74bdadfe6f33
test/aaaaanyw_1_48.png,ab61cb75b83ad471825987095342b42d
test/aaaaanyw_1_49.png,1ade2dc3d7297dfc12fdd6af8265bf40
test/aaaaanyw_1_5.png,586021d9718970668db50a2b046fce58
test/aaaaanyw_1_50.png,2d49fb6e5e115418be703cbe6dc4b10b
test/aaaaanyw_1_54.png,aa6177cf40586559388f27476cd7545c
test/aaaaanyw_1_55.png,224c7b9887cbabfe3d2f672ab456054d
test/aaaaanyw_1_56.png,55f36394977a4fd81f4dfb162490e8d3
test/aaaaanyw_1_57.png,26cee1a20332520b321b18e37cea6d45
test/aaaaanyw_1_58.png,cb5d51f871a5680152ea0645893f7c35
test/aaaaanyw_1_59.png,496a60c4dab03b1897cfd49e82ec2498
test/aaaaanyw_1_6.png,fba50738f4d12c0d62f8729157d3c65e
test/aaaaanyw_1_60.png,ac25e0ddc0e614595177170d2bad6566
test/aaaaanyw_1_61.png,6a621b98d6dde7e8eda09a7f444a7e3d
test/aaaaanyw_1_62.png,88427521098fce9247a2facf98e2a4f6
test/aaaaanyw_1_63.png,0b5a951e5cdbe1a11d35ff1564f24495
test/aaaaanyw_1_64.png,03d4068d30139cf44a94e676814b0db3
test/aaaaanyw_1_66.png,4150e94fae0b843e8ac879753adff512
test/aaaaanyw_1_67.png,3af67942a2a696b9e516e07cb3ecc326
test/aaaaanyw_1_68.png,e0429716ca9d20b7611e4e7f6e719c0e
test/aaaaanyw_1_69.png,7b6b64afcc69dacea1490950cddb5abf
test/aaaaanyw_1_7.png,b3ed5292eb0c12c2b1b47e7c25fd1a88
test/aaaaanyw_1_70.png,8f20126ec5b84abaffc495bd6e60189c
test/aaaaanyw_1_71.png,cba31f1b5aa19f3ba3f7003fa39ff3c0
test/aaaaanyw_1_72.png,1dcbee7292e5ad00987f3306a3b4a3d7
test/aaaaanyw_1_73.png,3ae78b9eb1cdf8b0c53fede5803eba17
test/aaaaanyw_1_74.png,4c024bb58b6f2d02981111d726b3beef
test/aaaaanyw_1_8.png,fca4fae29e8c20f4c5cec227513530c8
test/aaaaanyw_1_9.png,0bd767f4dba54c3aaa0551d5e6eda5ac
test/aaaaanzu_0_0.png,31c574b2af1ab1a8a1367c56d70a7c25
test/aaaaanzu_0_11.png,257b67ebff80bd072bd8ecc86917c36c
test/aaaaanzu_0_13.png,7a403759d39695fff75049f8ecca30a8
test/aaaaanzu_0_14.png,e9cd50727211c7cd90b6347a45f0a22b
test/aaaaanzu_0_15.png,7af3e2eb7909346c037ff3f82253f0af
test/aaaaanzu_0_16.png,c1c7d6970e45389bc78b9dd9d31f71ff
test/aaaaanzu_0_17.png,b994b9877d66fd743053cc3b0f29fee9
test/aaaaanzu_0_18.png,d96c07d7384f3aefcd7e56e36b1e634b
test/aaaaanzu_0_20.png,c6e7edf26ecf59ba81d8dd6d6a36900b
test/aaaaanzu_0_21.png,6f9c5e00283895acfc076053d9917818
test/aaaaanzu_0_22.png,83e053d729549a668c0f1ca75ce36214
test/aaaaanzu_0_24.png,e11da25845135028a483a4c3c13ea1ea
test/aaaaanzu_0_27.png,fb4a9aac409a3d4c8e42b43e3aaee117
test/aaaaanzu_0_28.png,f867dc4d04187f2989800652ca366468
test/aaaaanzu_0_29.png,8e3b79908fe07cf191635a02a453498c
test/aaaaanzu_0_31.png,ae978cd8871b4f9fc1fcc2f124153f58
test/aaaaanzu_0_32.png,4fb9ea52bcd351088f7e1229a98ace01
test/aaaaanzu_0_33.png,530c545c91a480aba7185f8bc615d29b
test/aaaaanzu_0_34.png,24850254e66e93f140a6490a46f315fc
test/aaaaanzu_0_35.png,43694c44ee9a396116617a6dad5b8e64
test/aaaaanzu_0_36.png,b7938eaefcb302251abeee2e03ab367a
test/aaaaanzu_0_37.png,386e2ed5206186376215b152f1427905
test/aaaaanzu_0_38.png,648dd09f926587f46ac4221ac849a8e7
test/aaaaanzu_0_39.png,67f52257b42f8b1289690d46405e689a
test/aaaaanzu_0_40.png,b78b9b8fa55a2f8176a7978e0e9891b7
test/aaaaanzu_0_41.png,0fbdcf1637ae140f79b45b9847940c5b
test/aaaaanzu_0_42.png,17300f53ebb063edbcce814694a8504b
test/aaaaanzu_0_43.png,1285171f53791ccfb35f68621e87acfc
test/aaaaanzu_0_44.png,01d3fd571f73c1bb6a108f9012484c67
test/aaaaanzu_0_46.png,ead2b8b57f5c4b529540de3f42653b6f
test/aaaaanzu_0_47.png,4d7ccf7e0e5c6fdaa217ffd0885ecca8
test/aaaaanzu_0_48.png,596592277a61c785ecffb7c51341e223
test/aaaaanzu_0_5.png,fba8098fb67ed023f9cb0f65c8cb73cb
test/aaaaanzu_0_9.png,85b253064996a74933eb09f651575e4b
test/aaaaaobi_0_0.png,3c09279f88bcf0b3ff919455d0eed29c
test/aaaaaobi_0_14.png,aa51946d40d5b3eb86869f5239b04b74
test/aaaaaobi_0_2.png,60db1728561c2330d5b542f1d978bbc8
test/aaaaaobi_0_21.png,8d8b77ededc54ee39fd96fdca6fcb86a
test/aaaaaobi_0_22.png,4b7420e0d8989a398328035530fcf4bf
test/aaaaaobi_0_28.png,9adb2c6f63ebfb8c179ec82e3f8b9dc8
test/aaaaaobi_0_34.png,e64e7c283ec6c067509150a5627a3d21
test/aaaaaobi_0_36.png,d26613bd5913b767776b28aacd482597
test/aaaaaobi_0_37.png,67f603985122bb22007213319b7b1a4a
test/aaaaaobi_0_38.png,30d54806abe5541920245fd9c82dadc0
test/aaaaaobi_0_39.png,5f2f6515134d8f777e79537b53f0a930
test/aaaaaobi_0_40.png,0acc656f559c8c45f21e23edc89e669b
test/aaaaaobi_0_41.png,e3a83fbb4199774f45f43f75331b08f6
test/aaaaaobi_0_42.png,def22837137941591b067ac3bb068848
test/aaaaaobi_0_43.png,0f960d00b7ecfe6eed82fa89499c70ef
test/aaaaaobi_0_44.png,befa3f3beac0239dece5282a8761d841
test/aaaaaobi_0_45.png,7a7e7ed7dd7e967cf988b8109e08405e
test/aaaaaobi_0_46.png,d613fd64d2f1b5b34818cbdb6e47c7b9
test/aaaaaobi_0_47.png,f5ce104c7371c8605b633c42bde9e049
test/aaaaaobi_0_48.png,a60f4e02ca0cdb850d81d0336cd94600
test/aaaaaobi_0_49.png,8feea315ba934dc7cbb39dcaafe5cb74
test/aaaaaobi_0_50.png,7a0f06bebd1344736d9c379953911a6b
test/aaaaaobi_0_53.png,90e76d5d799616731818b66f2ca05b50
test/aaaaaobi_0_55.png,f8a754d8813b5bde6d49bc0ffc371623
test/aaaaaobi_0_62.png,8319c5a817036a0f8069d19679d99508
test/aaaaaobi_0_7.png,9998e12072b35f9164887639b2c11c4d
test/aaaaaobl_0_0.png,b06cc02bb328049a9c7a64fffed09b0d
test/aaaaaobl_0_1.png,a557732890776f09b239fc097ad6c026
test/aaaaaobl_0_10.png,11002a15aedf37f61f7eff09086bc9f8
test/aaaaaobl_0_11.png,420e06702e63dcc6043624ae4b9c0b8d
test/aaaaaobl_0_12.png,c050bb35eb20b9a094d731a4f7e7733f
test/aaaaaobl_0_13.png,c7cbc04a705b5512f5554d83de2cc0c2
test/aaaaaobl_0_14.png,490c0e49ae34a9a14a6d76d77bd9a59c
test/aaaaaobl_0_15.png,7806422815a58cd39ed2fea2cbfa3db1
test/aaaaaobl_0_16.png,3f248986020d78c1615944754413809b
test/aaaaaobl_0_17.png,2741a2765f31e95c6cf27a498959c3f1
test/aaaaaobl_0_18.png,b0c77f0aeb3d884c53812f253f12105c
test/aaaaaobl_0_19.png,1ada020bf4fb9d1a1c826f6aa25ce312
test/aaaaaobl_0_2.png,0e2f0890d80a84c13f84565fc428bf5e
test/aaaaaobl_0_20.png,bb37f2648c65e69de4b53e29b823e034
test/aaaaaobl_0_21.png,a010399151bbccfc08cbffcc11040015
test/aaaaaobl_0_22.png,83bbe243f7428e5d4fbf63dcf254b6c0
test/aaaaaobl_0_23.png,4fc16e639e5f2b282261a08341e33e3b
test/aaaaaobl_0_24.png,c2d206bcece8e8d040b8a52e6650d242
test/aaaaaobl_0_25.png,e2b6c2b4dae4e2d828124d8f83a3a1e1
test/aaaaaobl_0_26.png,224afa3e4f8c1cd64da5d28b6b283013
test/aaaaaobl_0_27.png,55cee0c891fdf0bd5a1a0e4d6384be6f
test/aaaaaobl_0_28.png,07cb45a2f7808aa3971197b418a6d98d
test/aaaaaobl_0_29.png,10411ebdf18967cab41b2a193fd5e8d2
test/aaaaaobl_0_3.png,4e9a00601b0e486858a952f3981e3734
test/aaaaaobl_0_30.png,82c0db46be1e7a89b91f94f6ec7786ab
test/aaaaaobl_0_31.png,e3551a1fd8b43f51c21dab03c66ab759
test/aaaaaobl_0_32.png,dc18a59ff4d55168ee37c6f85bf197b1
test/aaaaaobl_0_33.png,25ec5d76898b4b1a1a8077151f9ce02b
test/aaaaaobl_0_34.png,c2939eea193bad3e77da0a97723d0955
test/aaaaaobl_0_35.png,072eff4ec39236a326c8b18f378edec8
test/aaaaaobl_0_36.png,514bd14fa4be5dbe0ff669c5ad12a528
test/aaaaaobl_0_37.png,b55d39ea7537fb41e956bc5dc62bf842
test/aaaaaobl_0_38.png,1b4bb0c200f9237d638d92226e7f73a5
test/aaaaaobl_0_39.png,a9a43c68d575dfd5661aef043279889d
test/aaaaaobl_0_4.png,6b12d47ca49b5d7d4f8ddcfe919dd69f
test/aaaaaobl_0_42.png,7aa48c8e1183605bca084317ed306cf6
test/aaaaaobl_0_49.png,cf964a1bf6a1d31825c531fff3a24d30
test/aaaaaobl_0_5.png,93d483b8371c8e1fce300189d5993eb2
test/aaaaaobl_0_51.png,7d01041a5ba78566b215b9f8b6453eba
test/aaaaaobl_0_52.png,b4c955069fdfee1c548ba6df5987c8da
test/aaaaaobl_0_53.png,2afe81c514df7f018fe08fe0f1561bf4
test/aaaaaobl_0_54.png,dab311bc6465a54b185459323f9e54de
test/aaaaaobl_0_55.png,86cc37e75d43046dee543de4a5144cb6
test/aaaaaobl_0_56.png,b70a256df43534d2dc093a18e72a3e9f
test/aaaaaobl_0_57.png,c961a7f209dc69ab0ad2bee5b2dc6230
test/aaaaaobl_0_58.png,ed4b72d117bd1e82222e3abf6bbbc994
test/aaaaaobl_0_59.png,2cf7a1b03268a0b2c0fe488e16c28bc3
test/aaaaaobl_0_6.png,9659cd2abe83286cc3412b95fea73564
test/aaaaaobl_0_60.png,8f105583e09e39038813cabb89ca4b96
test/aaaaaobl_0_61.png,79112440497a3a280940e756ef831e54
test/aaaaaobl_0_62.png,f80108f78650a28bb3b57cff793a7d46
test/aaaaaobl_0_63.png,61ec6012bbc3882e5c74197bbea3fce7
test/aaaaaobl_0_7.png,45da2d10f722650f6141354cb9a48ae8
test/aaaaaobl_0_8.png,05b0ab6b7084decc9d7ba1a00de7f157
test/aaaaaobl_0_9.png,ca72dda3d054d7b17b6be39c33a4acc3
test/aaaaaoda_0_0.png,9d655381a051ad834745a07a08ba0bda
test/aaaaaoda_0_1.png,6ae5ab7ceac184472647c2025112337b
test/aaaaaoda_0_10.png,5081cd9c124ead6b3bf2eeb2d93b6738
test/aaaaaoda_0_12.png,470593ffc0754abe92e90df0764c54b5
test/aaaaaoda_0_13.png,3ce2307d7b8535dbed5f7db10f325c0d
test/aaaaaoda_0_14.png,99b8901a2e778323422cfb98fdf0a2d5
test/aaaaaoda_0_16.png,64f772825ed747ec2c31e17008d2de29
test/aaaaaoda_0_17.png,9749bca2d50931773b435028e8df47f2
test/aaaaaoda_0_19.png,a34798abd90667823d538896f51a82b3
test/aaaaaoda_0_2.png,4cc23202af1d6b2e0c364052a7cb9c09
test/aaaaaoda_0_20.png,79a63e4123b78b5e7dca019a02405e53
test/aaaaaoda_0_21.png,5fbbcf83e9b178c34180ff3cc3bb6817
test/aaaaaoda_0_25.png,6ba21eeb7634570d4d18180cec320d3f
test/aaaaaoda_0_26.png,d7e9d70971bfef772318ea1e7ac49df6
test/aaaaaoda_0_28.png,1aa694ae62b7c1bb8485e0066007f97c
test/aaaaaoda_0_29.png,adb605ee5f6cabfd41d6b2ba8461316e
test/aaaaaoda_0_30.png,2b1c52db43f80f21eb7ec322d620b00b
test/aaaaaoda_0_31.png,c777b76e1f2f1cc23bb64138ddf5d209
test/aaaaaoda_0_32.png,517e8a19fb7bc882f387b82c1f9a0747
test/aaaaaoda_0_33.png,d9cea8bd83a25c551174a92b5ac25609
test/aaaaaoda_0_34.png,fec3874d1d82720708c536a7b63feeda
test/aaaaaoda_0_35.png,784dc4fe78d0a5f11350ee86f2aa05d8
test/aaaaaoda_0_36.png,073a6ce5a984f380c184ed72d5b35a1a
test/aaaaaoda_0_37.png,9de11abac5ae07a2ab61288367a97e9e
test/aaaaaoda_0_38.png,92b99f7de470adc2e8db9a8c997a368a
test/aaaaaoda_0_39.png,66c2775a17a488efcd6fef5e1d222137
test/aaaaaoda_0_4.png,db1b7724c890038f316908534a432bb5
test/aaaaaoda_0_40.png,e7533b1f022d3867adf87f3849f6741c
test/aaaaaoda_0_41.png,84bc6be9b574a6dc661c79e5157e8a75
test/aaaaaoda_0_42.png,933980fad15ec9b01af3daf014b2560a
test/aaaaaoda_0_43.png,981c251424ded1c248dd1e85db45fccb
test/aaaaaoda_0_44.png,4ef902105f52d1587198c1cd95eab80d
test/aaaaaoda_0_45.png,65aeb7bc9658205be7f79fd723c1f143
test/aaaaaoda_0_46.png,6005630e6a3cf8b17a98e14aed52b9ec
test/aaaaaoda_0_48.png,499e5817ff79aec46dcb5a54188c2bcd
test/aaaaaoda_0_49.png,b7a74b8640329097a290e2ada4b1e01f
test/aaaaaoda_0_5.png,bc9a7c489f8f891c6b6bfee5c89b4c8f
test/aaaaaoda_0_50.png,a08817742485d6904074b1e227e2837b
test/aaaaaoda_0_51.png,318aea12b5bcc33ab6c504ef9f387b6c
test/aaaaaoda_0_52.png,c8e44dfba7fc4000d8605d889e8b1249
test/aaaaaoda_0_55.png,72f37fbfa4125f5a44bda25eee53e0fd
test/aaaaaoda_0_56.png,fe008bbf15330a09f5854e7b7ded7721
test/aaaaaoda_0_57.png,92abe8d2d5928188ec750315ce611ce9
test/aaaaaoda_0_59.png,a50a1785a44f016f1455849bfaa9e12c
test/aaaaaoda_0_6.png,6ba1347f534e9e856bd417653dc3ceee
test/aaaaaoda_0_60.png,a4bf3eedfa6aa04f64f5af330cad7cc3
test/aaaaaoda_0_61.png,91bba576b6da16dd38012f7ef5e3c7bd
test/aaaaaoda_0_62.png,4c0d7223e15f244171455cbf99cdfd64
test/aaaaaoda_0_7.png,d29f65735e3757d21b6806d9924e628c
test/aaaaaoda_0_9.png,fb831966c0d4555e79c3ebde35951baa
test/aaaaaohr_0_0.png,88aaad495516f641c4e9d202a9f05e53
test/aaaaaohr_0_1.png,9c0e62e7e59afca6db07ebf4c5c0a51b
test/aaaaaohr_0_10.png,544a65f4c57696941b58c6248a8e3912
test/aaaaaohr_0_11.png,8ef7c62aed3425f08e1d153d5dd8c490
test/aaaaaohr_0_12.png,5a9795e0b84e351dc3616d38e998c3d0
test/aaaaaohr_0_13.png,fba6955635bd8f0a9f29d21c96c971dd
test/aaaaaohr_0_14.png,23026ce4dd0e89bbb917a7af6811512f
test/aaaaaohr_0_15.png,24145fc43af205fc09645d62cb9750a1
test/aaaaaohr_0_16.png,7f99a679081d99341600da61139ff5f6
test/aaaaaohr_0_17.png,9bf02352fda1569f2bf5b3ad76f7854e
test/aaaaaohr_0_18.png,a7279763405ea9d966da46162e23e9b1
test/aaaaaohr_0_19.png,add1b02f1d4c8912b4a9ca27a7622ec7
test/aaaaaohr_0_2.png,ae08d3dc860fdd0faa5b8aa8b2938aaa
test/aaaaaohr_0_20.png,58cd458749da124f7581a19863ea2726
test/aaaaaohr_0_21.png,fb03d8e78ec6570c0fb2922dae49da9c
test/aaaaaohr_0_22.png,7dae3e50ce9feed9d4c3cab0aa055bea
test/aaaaaohr_0_23.png,671601ae59014693a7b9b6c5c8222044
test/aaaaaohr_0_24.png,555f2b32c69e96642a986063893a4e9a
test/aaaaaohr_0_25.png,cdfb0e555273438a74477c149dd0f200
test/aaaaaohr_0_26.png,3f3249c956cebd0f7593d0f468125ff0
test/aaaaaohr_0_27.png,befe06ef55accf726c34b2608bd7dc71
test/aaaaaohr_0_28.png,9bdb7050b7a64702a532e477438322d3
test/aaaaaohr_0_29.png,c66f320b103f332d12172d2e1f17f48d
test/aaaaaohr_0_3.png,8ebdb3148f5b8ee259a2bbd5338b2893
test/aaaaaohr_0_30.png,15c8af6b393e9c2c4a4b5c7e4a0da5eb
test/aaaaaohr_0_31.png,ae80d1b2481df7b8c195dba12cfeefe7
test/aaaaaohr_0_32.png,f1d1b8721a4d8a90e94a5a1cac9af7dd
test/aaaaaohr_0_33.png,0d1296be11cd8c2416cfbd5785e8fb26
test/aaaaaohr_0_34.png,86f1e43469467fecc81600f78b8017e8
test/aaaaaohr_0_35.png,505f264f22df87c9d853f7cf29129000
test/aaaaaohr_0_36.png,c4706dd7884e5005532c5232d43054fa
test/aaaaaohr_0_37.png,6ad0e7836dceade5c61a1503f2d5a8c4
test/aaaaaohr_0_38.png,5d70b560f270cd75c26eeded48e465b1
test/aaaaaohr_0_39.png,2baeac2630ff1158118fc947b849f51f
test/aaaaaohr_0_4.png,3dbcb39d14e72eed07f032082a1f7aa3
test/aaaaaohr_0_40.png,ff2af76d88b277bc4bc138383d3acf32
test/aaaaaohr_0_41.png,9c298c011115fca60a7a332aa33b69a9
test/aaaaaohr_0_42.png,6c799cc9bcb87e7354a7dd3449598c14
test/aaaaaohr_0_43.png,3e5c79c71ea0e81bb822ab575bfee862
test/aaaaaohr_0_44.png,6521991d15c50417fb596d45b0ab1dd2
test/aaaaaohr_0_45.png,c27221a934eafe6c6bc0c6a25aedf68f
test/aaaaaohr_0_48.png,2f0b556cb67ab38d0c639226f72cebca
test/aaaaaohr_0_49.png,b79669ffeaa17fb42e60f879c836c430
test/aaaaaohr_0_5.png,8c4a946b15127323930e26d1882d05c7
test/aaaaaohr_0_50.png,b4df33247b6de215908395e6ca01e387
test/aaaaaohr_0_51.png,883e425e41b113de1a8c72463f979c93
test/aaaaaohr_0_6.png,d946833a5342f379aeb846b1f1aff7fb
test/aaaaaohr_0_7.png,a8a2606ceba3a8f592c12e1f68e7ed58
test/aaaaaohr_0_8.png,26c356f217c5cde4c5e4fa4386da2fef
test/aaaaaohr_0_9.png,b0220a286ad68eec93443614034a22bf
test/aaaaaoiv_0_0.png,f4b39dfbf0076d3f17e9e49010000c74
test/aaaaaoiv_0_10.png,dc2bb913565e133e837dbc45ea56e095
test/aaaaaoiv_0_11.png,eef91c4dd34f875ad0a1828b835ef927
test/aaaaaoiv_0_12.png,dc885787b08933205509ad4f0ae294bb
test/aaaaaoiv_0_13.png,b8b1cba899273c7d7b8e19abb0e7b512
test/aaaaaoiv_0_14.png,4c651b60299363d9a52d019f70e4df2d
test/aaaaaoiv_0_16.png,c5a1a5631db83ff9c2cfa89a0525d897
test/aaaaaoiv_0_17.png,5ad2550cb7718fc7fe7e6718ba7de579
test/aaaaaoiv_0_18.png,c8c4698245a83f8581d4a36662595fed
test/aaaaaoiv_0_19.png,60da923cbb22c86408f5768c1a55b3d5
test/aaaaaoiv_0_20.png,f39e8292c78effb0a940025385b68118
test/aaaaaoiv_0_27.png,4ced29ea96d99cd966b3f456e0a450f0
test/aaaaaoiv_0_34.png,8e40969e7f1e1639091f222fcdaaf635
test/aaaaaoiv_0_39.png,a085002683b6d144d73043628f0bd2c9
test/aaaaaoiv_0_40.png,fa6ac91be0d3dadcfcda2e3cbd0c6a6e
test/aaaaaoiv_0_41.png,38e3082e564a24c2951839bfed7af36b
test/aaaaaoiv_0_46.png,ab01c2df3d728ee46e5af2381c5ba3f0
test/aaaaaoiv_0_47.png,a338446c07e270893a172568c7ffe903
test/aaaaaoiv_0_54.png,7939d5609cbca550742d2fd3d653e937
test/aaaaaoiv_0_57.png,a908ec07027673a2ea4c79418dfa5601
test/aaaaaoiv_0_58.png,bdab5385814054edb7c944aaa2aced54
test/aaaaaoiv_0_59.png,1aafb6cb8df0ea211a8d6477f423b6f4
test/aaaaaoiv_0_60.png,ec443184f9e7532ca3b86c55f2be56f7
test/aaaaaoiv_0_61.png,302f27d70dca4f64ac5a7c525e4f6ca3
test/aaaaaoiv_0_7.png,34d655704a4be5113ef91338ffcfd682
test/aaaaaoiv_0_8.png,1f593e660a55a48a332956ba941797e5
test/aaaaaosh_0_0.png,8786713d6d54f7b87d94599fd8a7da1f
test/aaaaaosh_0_11.png,8efaeb43d6f5ab81b12e9f0a20daadb8
test/aaaaaosh_0_12.png,db3dab427437f66155f94b0dc65e0b9e
test/aaaaaosh_0_15.png,7b6c88d1fe337d6721a87de7db30b022
test/aaaaaosh_0_17.png,e36f6e5fa6eee90bdd42d24969c8b8c4
test/aaaaaosh_0_2.png,c29a96789b8ff4d1c6f749cf8205207d
test/aaaaaosh_0_20.png,7ad08c8c103832770d3df4c46a674ddf
test/aaaaaosh_0_21.png,e9987c08850fdffe100b533c1fd00093
test/aaaaaosh_0_22.png,e36bde24f8485c8a17365542a6bc396e
test/aaaaaosh_0_23.png,157bc440f23b83291867c618d1f54ccc
test/aaaaaosh_0_26.png,b2bc10d4aedc7d01b4cf9efffdf99dd0
test/aaaaaosh_0_29.png,71e12414dabcf324ce029d3a37a7205d
test/aaaaaosh_0_3.png,dfbd8fe963dbc918037dbc2f5a5c9bb8
test/aaaaaosh_0_30.png,74f1c3123e8da714d77f08653aabe50a
test/aaaaaosh_0_34.png,391e2bf6b7c6bd42b703a1a5d77ff983
test/aaaaaosh_0_36.png,213283d7bd98cd0e4dc5ce86f7a06de8
test/aaaaaosh_0_37.png,b7bff5bd2645e72b27ea07012d4acdfd
test/aaaaaosh_0_39.png,e86499a531733d4451f071b5d119b748
test/aaaaaosh_0_4.png,4a200558290f03199d68a397a0649ca1
test/aaaaaosh_0_43.png,d6dd8b13b3f1a4877fc03c879a05198e
test/aaaaaosh_0_45.png,956cdfdbb634df04accf1454477140fa
test/aaaaaosh_0_46.png,9b5632740bb59e00b74ccbcd545d03ce
test/aaaaaosh_0_5.png,f29438cf4c36477a770c7dc11719aafc
test/aaaaaosh_0_50.png,f8616436ad1c863d18235deea79f37a1
test/aaaaaosh_0_51.png,13904420894d800c709cbabce1b10bee
test/aaaaaosh_0_55.png,32ebe137d9b437f76823ac37866304db
test/aaaaaosh_0_56.png,f0b9648f3f72a78f38b27beaf3d923f1
test/aaaaaosh_0_57.png,c123b7c1c3875f6d159b5018fecd72e9
test/aaaaaosh_0_6.png,10326e312ac6a378b32dda133ec842cc
test/aaaaaosh_0_60.png,0b4420bb88aadc35bf01bf2e7d7a8d7a
test/aaaaaosh_0_63.png,9ad9fab3a6a4eb2ff2ca1e6b6ca9b298
test/aaaaaosh_0_64.png,f1c1e23b8bfdbb8760b7af9ad1718679
test/aaaaaosh_0_65.png,af6633dd3bd9f247b6ad58eedf253dd5
test/aaaaaosh_0_66.png,5b68a7be4b780c8b4e2a693e2cfe18d8
test/aaaaaosh_0_67.png,5c2e327f52856f1bb29c41da10a1e860
test/aaaaaosh_0_68.png,f04b58ae4b093dfb577810177cf9a4a6
test/aaaaaosh_0_69.png,a425e5787172d5c594a10d0aca5af282
test/aaaaaosh_0_70.png,f7a96c556a7ad155082defc17e2a2589
test/aaaaaosh_0_71.png,6490d0300875dd394dfcd8aa1f96bcbb
test/aaaaaosh_0_72.png,64735b76d6b609154b3446ffa00b9035
test/aaaaaosh_0_73.png,3d085195d2364ae9d6a267bc8cc768cc
test/aaaaaosh_0_74.png,c756e8b0a8ac6dcd845eed7547ce0744
test/aaaaaosh_0_75.png,aa7219999d4827b53fa3256a14a1bd56
test/aaaaaosh_0_76.png,4aca0cf1b8e157ffa9b9beb023e8e153
test/aaaaaosh_0_77.png,9225499c1c3f6fc9e32dc232ba0c50ec
test/aaaaaosh_0_9.png,230ab46dc5fc11ae1b5be1eae0baf7e0
test/aaaaaouk_0_0.png,d8d0f0ba8a3164046148ab35db03ecd9
test/aaaaaouk_0_10.png,ba132c60d572f3e0bfe8fe551c2278ba
test/aaaaaouk_0_11.png,88c179ddaeff6460041d63b89fb53d52
test/aaaaaouk_0_12.png,11508b8775fb644bf42332315b9b86d8
test/aaaaaouk_0_13.png,ef64785de25ef772bb93f1027c191d02
test/aaaaaouk_0_15.png,d247f7006e3830d0dcd0f3710b84056c
test/aaaaaouk_0_16.png,42522be2b1214c034633d98ba529efa1
test/aaaaaouk_0_17.png,695d3efcee63ad80cf7c102fd09ffce4
test/aaaaaouk_0_19.png,5ce0beb6d6be7d938a87aa69385f9d26
test/aaaaaouk_0_20.png,5becd5eed19417e2d1868b5b14c50c18
test/aaaaaouk_0_21.png,40830312c34c7b97054b4fdd935a737e
test/aaaaaouk_0_23.png,9ea47865016f6cf284158191f84da51a
test/aaaaaouk_0_26.png,2699d188afd9c82a7a13796183131ccc
test/aaaaaouk_0_29.png,9525b49514abc72b1514771680780feb
test/aaaaaouk_0_3.png,06a777365faaeba1302803a6efdd7eda
test/aaaaaouk_0_30.png,617236e69074c0590d8a43ded462df5a
test/aaaaaouk_0_31.png,a68f7c7093ad33d26a7df75cb4cab405
test/aaaaaouk_0_34.png,05c8ae1c03e54a8d14d6c7b87650fe35
test/aaaaaouk_0_36.png,f692cbd8c975cd6e6efbb8e8bc2867be
test/aaaaaouk_0_37.png,1d53c8ddb4243671ee9ff7e2620b3157
test/aaaaaouk_0_38.png,f1c4b713303290c6369fe4248c0319c1
test/aaaaaouk_0_39.png,9fc8ae5e9dd39aaa724515ec698d6424
test/aaaaaouk_0_43.png,6ac0d6d52b33fc90e7aee402f281d398
test/aaaaaouk_0_44.png,7f88c21653fc081bb2eadcb7909f56a3
test/aaaaaouk_0_45.png,f8a8b19b18ca7f22d140c98dc11d7519
test/aaaaaouk_0_46.png,4f801f958d931950eafe1118b8f03583
test/aaaaaouk_0_48.png,eb98fed2d7c4873361f15717a86338fb
test/aaaaaouk_0_49.png,713c664da371b0f5949d60cba1ec4a86
test/aaaaaouk_0_53.png,73d68aea675413bc7760270d99f809fe
test/aaaaaouk_0_54.png,0e510db20c3eb1a0153300e874bc5638
test/aaaaaouk_0_55.png,29ce52aef67e9047d0d99a7a3952c478
test/aaaaaouk_0_59.png,d43bdb8cf1843d586bba9d4861716780
test/aaaaaouk_0_60.png,c36ede4a85f2b18f3154476124fdcd50
test/aaaaaouk_0_61.png,a86387f2ba22179767264463c14d43e2
test/aaaaaouk_0_62.png,8700cf979d87e219bd64d413b0e4cd0f
test/aaaaaouk_0_63.png,84dc7858edbb9b46684d89c100486160
test/aaaaaouk_0_64.png,e9f0191d1718b19bc14801d97c69b07f
test/aaaaaouk_0_65.png,092a4871064c36c2b79437a95cbc1487
test/aaaaaouk_0_66.png,15b80fe43c2d3d861d1668d711ee6ddf
test/aaaaaouk_0_68.png,79ac95648cba14f9b2ddd1eb47b652be
test/aaaaaouk_0_7.png,548c5c187b226e6235bf00f2431bd167
test/aaaaaouk_0_8.png,84fb44d9b40e24a5ffe39a48cface64a
test/aaaaaouk_1_0.png,1d2f7cb4b178a585a5f8d8f3950c3a52
test/aaaaaouk_1_1.png,3dc9b9b1b11ba0c91fa62e490bf2876d
test/aaaaaouk_1_10.png,3bbd20d3b7089e862deb26de2216b630
test/aaaaaouk_1_11.png,e60583859664bb6ebd6d2129347db1fa
test/aaaaaouk_1_12.png,22978917f785a79b525780a7141d95b4
test/aaaaaouk_1_13.png,573a89f891bbebcb52371723915ed116
test/aaaaaouk_1_15.png,f369d0dc65b904f36c1cc0489796ce10
test/aaaaaouk_1_16.png,dd0ace8543c815b6498b9198ae782a12
test/aaaaaouk_1_17.png,fd6a2b88f6ce126dae94ef568dcef352
test/aaaaaouk_1_18.png,cfbf6b3526292394eacbc0727a77ef9d
test/aaaaaouk_1_19.png,8bb979bac58fe65f522b028b5cec9e2a
test/aaaaaouk_1_20.png,9003d8609ac1eaca6ba38aed05245a35
test/aaaaaouk_1_21.png,180fd9ea070fa7567005c54cd804e413
test/aaaaaouk_1_22.png,8216960ab0e202773d43dbbde02d6575
test/aaaaaouk_1_23.png,f0d8061d7239b626666f144468f247b5
test/aaaaaouk_1_24.png,29bb3bf47bcfc0652f57fb02ad32b9b0
test/aaaaaouk_1_25.png,54b4cfa33020be331cbd6f670fc0c893
test/aaaaaouk_1_26.png,fe4a6d3195c53b0f7c51327d97080794
test/aaaaaouk_1_27.png,256767272dfa7d079c88c95c1e51cdd0
test/aaaaaouk_1_28.png,159d0b62c06e70857e42d79f9c1e3881
test/aaaaaouk_1_29.png,2107957dfe5a03759718e5a15fc21df0
test/aaaaaouk_1_3.png,eb65c1d6491f939f8664259b7a71693e
test/aaaaaouk_1_4.png,ed2bb0ed82777417fd57a675637ae9d0
test/aaaaaouk_1_5.png,562bcbbc714c0db838c379fa729621ba
test/aaaaaouk_1_6.png,c540ce393f23bbd76b13d7dbaf5b51f5
test/aaaaaouk_1_7.png,7600c9e70f3997f51be4360d6ad90a95
test/aaaaaouk_1_9.png,ccb8e6aaf242353c35d9e45973192bec
test/aaaaaovn_0_0.png,db586d1e5e1734cc733e834981396b10
test/aaaaaovn_0_1.png,4c29e4d500d6b50e6c8dd9b49ace015d
test/aaaaaovn_0_10.png,5c987588887c23b5193f3bbd796f72ad
test/aaaaaovn_0_11.png,7e7da287a20a290a5024caa7c5fd58d4
test/aaaaaovn_0_12.png,ebdbfc1e778cd76468c8b0ecb8061c0c
test/aaaaaovn_0_13.png,4942048f3628674eb6b98b6c186633c8
test/aaaaaovn_0_14.png,70e9916c52b198afa6e699372087314f
test/aaaaaovn_0_15.png,16e29390fc9aea3e5466ea642f64a2df
test/aaaaaovn_0_16.png,df639942b7e77b38f84acf37c9362cd7
test/aaaaaovn_0_17.png,645e57ddc521e790ead671ca2b25fc25
test/aaaaaovn_0_18.png,17dc0c187c1485555f311234cf2178bd
test/aaaaaovn_0_19.png,938a2559cfd3c792bb19e7e9601e7c45
test/aaaaaovn_0_2.png,feba43138a9e159cf63c1eb246903648
test/aaaaaovn_0_20.png,55a130e32c9d42c77f1fcf15246312ff
test/aaaaaovn_0_21.png,dabe22a738ef6d91b09793fa41acb62e
test/aaaaaovn_0_22.png,ec59a094c5b89e4bba1ff51c10a4fa61
test/aaaaaovn_0_23.png,0f2e3435f1395288a95717008319abc3
test/aaaaaovn_0_24.png,886382fe25ccc0b0a17d9fdcfb6b88ce
test/aaaaaovn_0_25.png,3b083062496b42ed730c4a3c200c8b9b
test/aaaaaovn_0_26.png,815158c07e465e637ab75ba02c456cff
test/aaaaaovn_0_27.png,e0c48a8b91cbef8182d1281b5cf8d49e
test/aaaaaovn_0_28.png,58b2275de459b94587f609159e5c5550
test/aaaaaovn_0_29.png,a8a9fdb649d9133112c4d34921e0390d
test/aaaaaovn_0_3.png,4bfd483f3fb426085f22b3ed7ff5b708
test/aaaaaovn_0_4.png,c0a6a68bd8f53422e24b1e3125ce82dd
test/aaaaaovn_0_5.png,e9d5734ffe097b7cbdc5b6eacb4b46ff
test/aaaaaovn_0_6.png,15fc5965847f57583c7fcb14caa41285
test/aaaaaovn_0_7.png,eefcc99ccf7bf62101e6c0392e689415
test/aaaaaovn_0_8.png,dd6294d188405b319de049f67fc3c119
test/aaaaaovn_0_9.png,f74bd0e45e171ddc6542e5fc559bac1c
test/aaaaaovo_0_0.png,a1501c4998141d69e07fa4e2967a322e
test/aaaaaovo_0_1.png,8c7548bd70408da9a1a52788f19dd90e
test/aaaaaovo_0_10.png,a99572e82401ceaca5b0c186b2ae6aa5
test/aaaaaovo_0_16.png,a83616c01c5e214fb6338c359dee594e
test/aaaaaovo_0_2.png,4d425411dab3b863434d35f90c850a35
test/aaaaaovo_0_20.png,f0ee8cd41c844a8d25ddd3963d97eed4
test/aaaaaovo_0_21.png,0d075d1df6561728ba48ab4bc574eeda
test/aaaaaovo_0_22.png,52cfa01871da564c2107812b9a1b613e
test/aaaaaovo_0_23.png,42b3e4be789b25cd15c3d6d1d79e4457
test/aaaaaovo_0_24.png,9fd943a78f2f4f670bdfaf7ced5276fb
test/aaaaaovo_0_27.png,f37002de38b930a2aab3acae1e3db5e0
test/aaaaaovo_0_28.png,3ac74cf0cc2cc4c2253536ac3c850f88
test/aaaaaovo_0_29.png,e0ebb2e87cf353829893471438fa494b
test/aaaaaovo_0_30.png,32475c5bc1dd157c972d1ff1cdb71405
test/aaaaaovo_0_31.png,b566fd60972c64c5ba6a023a7920c79d
test/aaaaaovo_0_32.png,fef10c7db5607e95803abffb870876e3
test/aaaaaovo_0_33.png,3a5c0cde9eeb1beb851127cd446aff06
test/aaaaaovo_0_34.png,1a6c5fdeddd3f7c00e0466e105437004
test/aaaaaovo_0_35.png,9a82ce6f43713bde10678aee5b3ffdd2
test/aaaaaovo_0_37.png,59a17b8bf1ca518d01751c0853218e37
test/aaaaaovo_0_39.png,0d39e59c11b9175d761d5c4a2a2c7e66
test/aaaaaovo_0_4.png,7ad5a73ac6757cbd7f81e1ee7443c4e3
test/aaaaaovo_0_40.png,426b15d405dd1fc7d33e11fc4f78d5b8
test/aaaaaovo_0_41.png,d18c2e8849d98c338ba6b8db35652373
test/aaaaaovo_0_49.png,5f204b59957e711baa5fb019701f50bc
test/aaaaaovo_0_5.png,80b5db19729b2a6d5dd22f6ac50ba778
test/aaaaaovo_0_50.png,dff73cac805b771a309c788b0dc907d3
test/aaaaaovo_0_51.png,491806a8e0b966dc0f5044205e19c6d7
test/aaaaaovo_0_52.png,d4286f0e9b7fbc43eee9b4b6baaa52d5
test/aaaaaovo_0_53.png,b68b20f0100f394d5743c4dfb88f71d7
test/aaaaaovo_0_54.png,a3e0004bc27dfc6f7f21df227c2e4cda
test/aaaaaovo_0_55.png,aff69fc8d679206d7403174098c0f31b
test/aaaaaovo_0_56.png,1acae193fcae7b5820a2a1502cdb72a0
test/aaaaaovo_0_57.png,7afbb1feb7b5a8a6b6438e09bd3b2d86
test/aaaaaovo_0_58.png,55611ed7c6f37d51429a721163122c65
test/aaaaaovo_0_59.png,9d8a78dfaa2a2e9e58355e9c93568c08
test/aaaaaovo_0_60.png,60b4fe84d54a348a7e4277e1b86cbf77
test/aaaaaovo_0_61.png,86159cf3237889923fe44e99590e8fd1
test/aaaaaovo_0_62.png,64fefc7bb527883a53ef973672f4dae5
test/aaaaaovo_0_63.png,c7b7c43a7c3567fc791c4e49013134a3
test/aaaaaovo_0_64.png,79a06f16dd4db4587f39e7fb637d34ba
test/aaaaaovo_0_65.png,c80b78ef51ec31ebc9ed0271d7016f68
test/aaaaaovo_0_66.png,1999413de27d1630722adddb8c9fbd80
test/aaaaaovo_0_67.png,a234e26ee8fefbf42b58f602679de395
test/aaaaaovo_0_68.png,949a184d36cb47fb3f1565ebc3c50f28
test/aaaaaovo_0_73.png,5d7d97aed5afaa46993a0c26439bc121
test/aaaaaovo_0_8.png,175a80809eab38601ae60b6a1258123f
test/aaaaaovo_0_9.png,8dc0da99bf836e715ca49e3ef352f2a0
test/aaaaapas_0_0.png,004d0c0c1d749441ef61138933514bf8
test/aaaaapas_0_1.png,d57a4ce8e9b91fda499b1de0e20d883d
test/aaaaapas_0_10.png,2920b46e88e80eaacbaecc1c001707c2
test/aaaaapas_0_11.png,cc18dd37485da639232f882c252530a7
test/aaaaapas_0_12.png,d0c789bf1e622d3a67dec763b736d69b
test/aaaaapas_0_13.png,1f8cd8d6c5942157b4bf823cc0c5b70e
test/aaaaapas_0_14.png,f5eb32a75fdb6ff448740cf7f2385cb8
test/aaaaapas_0_15.png,5c6f09681e75d7cefa1372d6f31e2ab3
test/aaaaapas_0_16.png,be2a924ab12c3ad1aad13618f06b4d44
test/aaaaapas_0_17.png,b50c7cc373c8f296c6fd236ee0bce7ad
test/aaaaapas_0_18.png,e1bdfdcb437551a650014417beac2cf2
test/aaaaapas_0_19.png,46456315cd3d4c1493a51951a12161c4
test/aaaaapas_0_2.png,35ba230c63924fef1038ed14a5a60734
test/aaaaapas_0_20.png,8d2fbcac40ec16172f41817d2b27736d
test/aaaaapas_0_21.png,49b14f4adb444545d1a1dfd93d91c768
test/aaaaapas_0_22.png,d9a6a802a85d886b8e2318fc3785cf52
test/aaaaapas_0_23.png,fce3cd3fce4ffc68884689b11774d1de
test/aaaaapas_0_24.png,007b750b6033fa8efa1e1ff901eb1561
test/aaaaapas_0_25.png,2790672b40331a49de5db68a75bda83d
test/aaaaapas_0_26.png,229fef971a83ce189eeb275050d7066f
test/aaaaapas_0_27.png,b4010cde3d4c3a72832c232661e887ee
test/aaaaapas_0_28.png,d541f6abc32194a94b13ac1e1593197b
test/aaaaapas_0_29.png,744db08090c7f9bc81088f6634fb9e55
test/aaaaapas_0_3.png,c198d50c61a2e7aadc130159818cb93e
test/aaaaapas_0_32.png,590319d746ea46c634fddeda189249d8
test/aaaaapas_0_33.png,7a78d2a46a5acd6cf7c15912dbe96e7c
test/aaaaapas_0_34.png,ebeb938d96177d9e783f7b4c5bdb2a69
test/aaaaapas_0_35.png,6b1ffd14fd6f4fb4c7f5e14a884d7a91
test/aaaaapas_0_36.png,855b293f2e256514d6ffd596bb72a810
test/aaaaapas_0_37.png,83b82175287b4b1806a9853e23bfc26b
test/aaaaapas_0_38.png,ea7128537dd47fcb5cca40e011f06710
test/aaaaapas_0_39.png,e19c69b0966ba07be828b9d8d8427bd1
test/aaaaapas_0_4.png,673d1d7220ff25329fbadfdafbdc1916
test/aaaaapas_0_40.png,470ea6623a1779c3ae24697193f7dee4
test/aaaaapas_0_42.png,8fcbc5c21ce0068c86524dc153d23f9e
test/aaaaapas_0_43.png,185e9c17dc03c4e6722f5b1fc364ce02
test/aaaaapas_0_44.png,8ef7f5d5adb05e2c6febb33ae3f2a0e1
test/aaaaapas_0_46.png,eca73ebe84c52ce87089daa2c546bca6
test/aaaaapas_0_47.png,0896e5c3ded6bad3b35a6e96a518034b
test/aaaaapas_0_48.png,c3af82d2aa3fbc8d3aec15c874890a68
test/aaaaapas_0_49.png,a203680cca56d2f9290708aef15a3596
test/aaaaapas_0_5.png,38265a297e31a9517a9565b3c8fabd56
test/aaaaapas_0_50.png,85b6c416efb6460ebfd6f563fe8b76fe
test/aaaaapas_0_51.png,f8f9fa855207a0ecc125e4ec16575b24
test/aaaaapas_0_52.png,a806db5ffcbde50a9d4fc8195b06c39f
test/aaaaapas_0_53.png,d0e765dd72976b9eb96fcad3f6677c3a
test/aaaaapas_0_54.png,d2e6aa787e10ace35a7c0c25b0615f87
test/aaaaapas_0_58.png,bcab1725b55930c1032782349f720775
test/aaaaapas_0_59.png,f8802ccd9625cfd21479a9a693bb8d9c
test/aaaaapas_0_6.png,790fe62ae50f59b59b4145f963e8d24e
test/aaaaapas_0_60.png,fb590ee399e5d90c8ea14d1d91168a98
test/aaaaapas_0_61.png,d5f555c94d7e41d73d7d50b6ad652b11
test/aaaaapas_0_62.png,734541dc477de6a2bc8bc19c45c51695
test/aaaaapas_0_63.png,d64d8a5941795d77926b54031cc9e9d0
test/aaaaapas_0_64.png,64b2bdf2fb33fc2ae4fb57f52fddfa23
test/aaaaapas_0_65.png,62de0e51ef73ff90fa8a8de829bc5948
test/aaaaapas_0_66.png,d02426b5505c7169037d5e85b0272cae
test/aaaaapas_0_67.png,ca292c92b5da4a44c8309bee13c5036e
test/aaaaapas_0_68.png,88f8920a449c374e57efd5ded43671f5
test/aaaaapas_0_69.png,5b193db88ef856dc7120be68727f7dba
test/aaaaapas_0_7.png,687d519193481fd5eb09993f8c085aed
test/aaaaapas_0_70.png,03598aadde62b7d6a5a3bd9d1df7ac3c
test/aaaaapas_0_71.png,886cfe3e482a6d856544a32d8623dda5
test/aaaaapas_0_72.png,a5ee8af8947f7c0a80b7c8753e8d5411
test/aaaaapas_0_73.png,663fadac05a1727b4663d99efd5d474d
test/aaaaapas_0_74.png,bd2cb9dfcd4b613ba8e2247117911a9f
test/aaaaapas_0_75.png,d59a7d2872f119ff37805bb5fc1502b1
test/aaaaapas_0_8.png,86445d1bed4223d45ca17ab8b2f158aa
test/aaaaapas_0_9.png,3e0084a226f14367393de71d40761a7d
test/aaaaapas_1_0.png,54584dc8fb959b775c067f571d4e9c28
test/aaaaapas_1_10.png,d7c86fce4719b10e416cc2dee0ebb152
test/aaaaapas_1_11.png,830314cbee78c4edef010325f24f5f82
test/aaaaapas_1_14.png,ba70fd100b4bc158d46bcf3a7c280e40
test/aaaaapas_1_15.png,a4fa50dc19dba51f14823ddddb451242
test/aaaaapas_1_16.png,bb16555527a33d726ed2f348ab00671a
test/aaaaapas_1_17.png,9e313f3bd567267f7729167dad229cb8
test/aaaaapas_1_18.png,68364a56c95851e7e783111b97d8197b
test/aaaaapas_1_19.png,203c8089f0bfc8daec0c0e60f1c6ea14
test/aaaaapas_1_22.png,304acda16a5ceb9437f4c93060546304
test/aaaaapas_1_24.png,7fb338e2e5d929c5ee224181ad640e1e
test/aaaaapas_1_25.png,6cef3b8268285c155651f928b6965e01
test/aaaaapas_1_26.png,788466315438ebfed18dd4c29bae51b1
test/aaaaapas_1_27.png,0293846bd2b336a13ddeaaec0f84a143
test/aaaaapas_1_28.png,24a421d5e943eb6120a358b8aa76b4b1
test/aaaaapas_1_29.png,27def63c9f303c4ef6b5f0d61b93e166
test/aaaaapas_1_3.png,00dbeb2c683a05cedd7691288a318819
test/aaaaapas_1_30.png,3a73515a9f7c5e1cc3ddf9177d2df22e
test/aaaaapas_1_31.png,04760d56c959714011a9747212c02f81
test/aaaaapas_1_32.png,a7c75c05c4d137d0bdc287ddb614b3e8
test/aaaaapas_1_33.png,15bbbb4c27cc1abd9d7ebf00ce44646b
test/aaaaapas_1_34.png,3c8273e18bee76307c281c2d9b8e9694
test/aaaaapas_1_35.png,4709e19e84306efff47c951bc53bfc23
test/aaaaapas_1_36.png,b32f045cd8027257297656f67a1bd8a7
test/aaaaapas_1_37.png,421dcfa5471fd6574bb9e234b661f09a
test/aaaaapas_1_38.png,507832dfa9b421c85228686aebb67ade
test/aaaaapas_1_39.png,3d82c5276dfffaa9960bb6bcc4e69cc2
test/aaaaapas_1_4.png,d3fcb172c1ed0fbb3c431311fb8e499e
test/aaaaapas_1_40.png,14be0cb71fb93bb3748842a74c2d2442
test/aaaaapas_1_41.png,d05c6abf9bbac31ab7b93959b26de15f
test/aaaaapas_1_42.png,ba696679e93d692cf43025d854d06541
test/aaaaapas_1_43.png,38f183c337d7e1979e83b393410d1516
test/aaaaapas_1_44.png,88c0f1873cbe2f8942441ff761ff0c08
test/aaaaapas_1_45.png,f64297fd61b8dd5dc46acaedcd7b9bd1
test/aaaaapas_1_46.png,a27b7882f01c64b55ffa84877ed2a43b
test/aaaaapas_1_47.png,3095042713696ceb872080cce910bc7f
test/aaaaapas_1_48.png,2f1a8668414fec3a6316e6fc3cc896a7
test/aaaaapas_1_49.png,9dd2ff44fac912ceb5f3ef426fb0efa7
test/aaaaapas_1_50.png,7d8a63e30d4e39c3addbd60d68b2307f
test/aaaaapas_1_6.png,1eede843d33360e1ed16f4e89c12b4a7
test/aaaaapas_2_0.png,fbb14df85bb65f0a50e972b6aa2b9499
test/aaaaapas_2_1.png,32507068af8b783a8eb3f0965790af92
test/aaaaapas_2_10.png,b35a4452204b37ac7a22e2859ef04aee
test/aaaaapas_2_11.png,b7ba639304e60d9471e0cae2d8c94dfb
test/aaaaapas_2_12.png,7cb8d17bcdc6a3c3c488bf21ff8ee222
test/aaaaapas_2_13.png,2d56297579b332f66e905bbab11168a4
test/aaaaapas_2_14.png,e067aeb920362ea84740a78839fa33db
test/aaaaapas_2_15.png,933937c18f4214519e047b070a8a26b1
test/aaaaapas_2_16.png,b46cfc805bf1b7f38d835019f5eff659
test/aaaaapas_2_17.png,46bd94b8c24e3c4ec3105d159edb0651
test/aaaaapas_2_18.png,2ad8a8f2f58e9b2a4bc7d9d4cc70ed30
test/aaaaapas_2_19.png,fd07685bcf45768e852a6a3a68b1e17f
test/aaaaapas_2_2.png,fd7babc81269fd7025229ccea5100bb6
test/aaaaapas_2_20.png,83867b49fbd495d41b48d60cd1308b68
test/aaaaapas_2_21.png,9dee6edf15c79560d90391947e9db857
test/aaaaapas_2_22.png,9055e4923ad8c6192b75caa07bb71295
test/aaaaapas_2_23.png,6367bdc84eb3543037a5b2bacfbd1223
test/aaaaapas_2_24.png,c194542b6271825c3a3cb7b4626f707e
test/aaaaapas_2_25.png,2441508124fe74aab5679f73959ec096
test/aaaaapas_2_26.png,6bf0a9a73bbe411c5e2fe975917d9cfd
test/aaaaapas_2_27.png,b9cfe8fc83a511dad53342859b07a6f1
test/aaaaapas_2_28.png,3c80918eba47b1b7b182684474c1cdbf
test/aaaaapas_2_29.png,72821653c62cbff4a24548e6d1d99955
test/aaaaapas_2_3.png,b24e0fc90f793d78ac7b71cfe080aec6
test/aaaaapas_2_4.png,01f6ece055a5a31cafe4c09b2dab8dc9
test/aaaaapas_2_5.png,4d29a1b7808ba1f9517c941dcf29302b
test/aaaaapas_2_6.png,c45b03d8de9c89b9ddc827a97f4ece3b
test/aaaaapas_2_7.png,e6e6c82b675f0867f33c582267ad45b9
test/aaaaapas_2_8.png,2ec34af83e06cc19a4e3c15a217f0fd7
test/aaaaapas_2_9.png,68d5332c42d5aa4033de252221432ba9
test/aaaaapas_3_0.png,f41a8d86f636fba4a4a04e4de08c9db3
test/aaaaapas_3_1.png,0122005b4452f8235b807d7b9d85349d
test/aaaaapas_3_10.png,ca2a6400ef941fe0d9e099223c461f60
test/aaaaapas_3_11.png,7c15fe255fdf62dbf2b413ceeb74ac59
test/aaaaapas_3_12.png,bb49b59a80ccbad42a49092419a6c1b9
test/aaaaapas_3_15.png,a5b25690349a31ec6db514957eeffcda
test/aaaaapas_3_16.png,38b68a439a98597433895c66ea6c4ca3
test/aaaaapas_3_17.png,5f8db05a4096c997acedf863c7c0ba8b
test/aaaaapas_3_18.png,9f838c96d605e45052940ce4ddc7288d
test/aaaaapas_3_19.png,80c59a2a4ca1831b1283bb8369552411
test/aaaaapas_3_2.png,9dad0b8cc19a3b2b49b6adb9895fb3a7
test/aaaaapas_3_20.png,20f11c930211e585e3184b905baebb39
test/aaaaapas_3_21.png,da2f98eef7496835e3f2f15181dec1cb
test/aaaaapas_3_22.png,5ef1a98b1c178c38f88e089cb593d491
test/aaaaapas_3_24.png,292f39a60169b44abb759feb85a3d61f
test/aaaaapas_3_25.png,a1a48e02ab99fe611338d6cee902e2e6
test/aaaaapas_3_26.png,115bf3bd42c44bbc42da5b43cfbb1640
test/aaaaapas_3_27.png,71ded73f36637b61a9e530b69bfeac0c
test/aaaaapas_3_28.png,f6b8c8a379fe0a16ee386b02d8a4ba58
test/aaaaapas_3_29.png,9b730323c8648d96d97a65584852633d
test/aaaaapas_3_3.png,3374468696bfbfa1f5d13f03c08f85aa
test/aaaaapas_3_30.png,310db5dcc761b519f9d836dda018ee89
test/aaaaapas_3_31.png,63544555fd57935d4aed6e25265c62a0
test/aaaaapas_3_32.png,78f8eaf1e805e9d93dfc2ae144666dae
test/aaaaapas_3_33.png,2c99df95fe82162350693a95d4b5c988
test/aaaaapas_3_35.png,ba65a92b3999efcc681da996aba71a1f
test/aaaaapas_3_4.png,6b9433751339a35ebd323d6366cc452c
test/aaaaapas_3_40.png,56fe55fc4762f0636a06c85ab56047f5
test/aaaaapas_3_45.png,a6f61b2acda94942946425ef2ed12dd7
test/aaaaapas_3_5.png,14001fd8867550779f30d403f42b64e0
test/aaaaapas_3_6.png,8c3f819f6575139d0719b24e8b92ab4c
test/aaaaapas_3_7.png,adf61ebcc2021a9fc85e66b4c8502ec3
test/aaaaapas_3_8.png,3bc82d9bf3d5829f25fcb83b9c6c4365
test/aaaaapas_3_9.png,4c9a3a89a5c0643bfddeecb1103d9e00
test/aaaaapas_4_0.png,c9f143d8a9733da33ce96b5e48f5e1d4
test/aaaaapas_4_1.png,3e32891f191ffeb4f8c5652bdfd63787
test/aaaaapas_4_10.png,03d24469a3078df1bd007abc18aa075a
test/aaaaapas_4_11.png,9de144db25662bafa7654fd9ff9f6ba5
test/aaaaapas_4_12.png,2fa223858bfd378dcd8805bec6f1639e
test/aaaaapas_4_13.png,bc2c98e1896af1cdd957fb7ba8ca1c9c
test/aaaaapas_4_14.png,8f50e68a55048ae687f22656a20259f4
test/aaaaapas_4_15.png,56a7178ea8adadc6a54914514649639d
test/aaaaapas_4_16.png,709a07e30cb51a464aca10aaf7bf8b45
test/aaaaapas_4_17.png,00b653e768a58d6fea1342e5b99471d0
test/aaaaapas_4_18.png,73da6f8f9f3a15d134b38ad6c75358b4
test/aaaaapas_4_19.png,4766d6cb9517caff0b3732d313a615aa
test/aaaaapas_4_2.png,bbdc2af32ebeffaa623e48c15079788a
test/aaaaapas_4_20.png,762de215851d92dacfc5a57fd413a5bd
test/aaaaapas_4_21.png,2ca17a6a492b267e05115b4161536269
test/aaaaapas_4_22.png,d25daf740b7763d7ea0b40eaa5a0b5e7
test/aaaaapas_4_23.png,cab85cac245937d3bc986faac1c9f40b
test/aaaaapas_4_24.png,8b8e908ccc353e9cbe73c45c79a2984e
test/aaaaapas_4_25.png,7ec5cb24ea1e8784ea876dcdb887ea88
test/aaaaapas_4_26.png,f216e0b49a9d6b4f8d20fa2498d609d1
test/aaaaapas_4_27.png,db9a22007f9365400c1f5650465e40f6
test/aaaaapas_4_28.png,d144118b8ced9a7fa8962fe1fdbae289
test/aaaaapas_4_29.png,71cd27a04b7c55ab25708c2151065940
test/aaaaapas_4_3.png,e609df5dddcd8a94b869fbccf18f79ff
test/aaaaapas_4_4.png,8b7f48cca08784ec5dcf8a8c84c5abe8
test/aaaaapas_4_5.png,e3b2b90997d9c23cb68e08350097a4ae
test/aaaaapas_4_6.png,58de4c7aaf8b76e92b9cf8999ef133cd
test/aaaaapas_4_7.png,78a59dd2dc4ded20433d1199fbdde8ad
test/aaaaapas_4_8.png,c6f31970ec1673f728df313abdff6a0a
test/aaaaapas_4_9.png,341d6dfaf08bc0e165d6a0ba304f9f80
test/aaaaapas_5_0.png,a8ba9b6e502fef2fe2f968621db63526
test/aaaaapas_5_10.png,a6acb5feb8f029e775c3f475f6511ed8
test/aaaaapas_5_13.png,94cb6b70991bb99e7c1ede474ff1c8a2
test/aaaaapas_5_16.png,7ac2e9886fa52d9f64d0009b091affd1
test/aaaaapas_5_19.png,47ee3f7cca5fb95919622b6c6b1b5af0
test/aaaaapas_5_23.png,f08956cbf511552c4afc09947686c1a5
test/aaaaapas_5_24.png,95fb7d8fdda30502fb290e9ce2c9c6aa
test/aaaaapas_5_25.png,b1774cec758a301f2f1a1232d480b990
test/aaaaapas_5_26.png,0c4bdb5e4e388ecff705e5679fe838c0
test/aaaaapas_5_27.png,fea381cac09f3ff0cc144a6f09595b42
test/aaaaapas_5_28.png,abd1d7271d37d0171d281a36fc296fa1
test/aaaaapas_5_29.png,af188066dba6874384b02f137696a7d9
test/aaaaapas_5_3.png,12551cf0eb54456bab7fc268ce111028
test/aaaaapas_5_6.png,87b4b76ebf759561badc084ea3a052b6
test/aaaaapex_0_0.png,fab1ec66bc6852233c9966b11d156b6b
test/aaaaapex_0_1.png,d27fa371ba5d375b7070a58732bde17d
test/aaaaapex_0_10.png,86db97aff74c4737a35c783b2b8ab688
test/aaaaapex_0_100.png,fc4f847e92e93f884ed56ff5f9769580
test/aaaaapex_0_101.png,2f7da50e80c3f4ddcd24dbcea919f970
test/aaaaapex_0_11.png,7f1852fc05b16179e47b702110ce522f
test/aaaaapex_0_12.png,88f44924409baf9e96b6b3ef428c96f1
test/aaaaapex_0_14.png,3d23e6f7c59755a927f601d90f10358c
test/aaaaapex_0_18.png,f8f53839c65f49929c50f3964c5ccec1
test/aaaaapex_0_19.png,61dc23ab52c32921da835c7e39137d54
test/aaaaapex_0_2.png,55ae084617922ff25d2d2bd44a4d17e0
test/aaaaapex_0_20.png,95fab3639e8803e0bb2d2282eb47e7aa
test/aaaaapex_0_21.png,d0a8b879896ee52b78c363a5200000a7
test/aaaaapex_0_22.png,ee300134823c529fb62891dc19e396e3
test/aaaaapex_0_3.png,b170eade9e9ca318705f9a55f4c92b43
test/aaaaapex_0_30.png,f0ce9a3413e4edba45f896de5e619851
test/aaaaapex_0_31.png,48b16760cf8a225e1d98b7e0c31f8936
test/aaaaapex_0_32.png,7d94405e2c39ca31929203b754d33cd6
test/aaaaapex_0_33.png,e6babe54a8e177eade5c293ed3ba2fc4
test/aaaaapex_0_34.png,382494661e19d6aa5dd7eeac25313c98
test/aaaaapex_0_35.png,bcde3de925f60eac571f8500bed7d3aa
test/aaaaapex_0_36.png,c133009e9c1c53b3201c0b0292082917
test/aaaaapex_0_37.png,4fdbec462aa2c20ca81cc69ff600c340
test/aaaaapex_0_38.png,d7651607bcbed146793a6fa86e9727bc
test/aaaaapex_0_39.png,ecd4b68a3c9fff52bc03f3e8bf82b23a
test/aaaaapex_0_40.png,8449f1f98101e032c3c99c13b67b7f20
test/aaaaapex_0_41.png,c957053af90bcd7bbf5602f7ac986be1
test/aaaaapex_0_42.png,efc2eb034f21e3f2a04c5064e5192da4
test/aaaaapex_0_43.png,2082fe6682b5da5fcb2c9bcd6ee17b50
test/aaaaapex_0_44.png,f876f0cd7172b5fc013c99d5dcc4dccc
test/aaaaapex_0_45.png,01a216919f0b0fba1b5b56d4b89f3cb2
test/aaaaapex_0_46.png,b05e17766a2da6ba14b9a81d497ed122
test/aaaaapex_0_47.png,4098f2254f867d261e50d66dab0615c1
test/aaaaapex_0_48.png,5da026569de08b25c1692e39217dbb49
test/aaaaapex_0_49.png,7bfa10d289dd3960c0c6c8180b5e2865
test/aaaaapex_0_50.png,d1faff576dbab0a2009f8459d6d0e907
test/aaaaapex_0_51.png,8873269ff4262bc5703894ce3012b008
test/aaaaapex_0_52.png,dc44018291116f1ac49e47eae65acbba
test/aaaaapex_0_53.png,181aaaa4b6bf6d7939ac62b2e83798c7
test/aaaaapex_0_54.png,f44e40c0b9ba74e5c21b5399d193302c
test/aaaaapex_0_55.png,a858b83a793949ad71b8725c2ea8eba0
test/aaaaapex_0_56.png,10ffe1d2926f2e5fe2859ab19498639b
test/aaaaapex_0_57.png,72fc76129fe978135c8e6123701514eb
test/aaaaapex_0_58.png,1f1b54c55b692eecdc370c03ea0d70d6
test/aaaaapex_0_59.png,f9f25526cdddad755750c6f3ec7c27f6
test/aaaaapex_0_6.png,06d7245db056a15647cadd0fb2cc1b32
test/aaaaapex_0_60.png,291add8ebe9687b791c43fbdd15be0ba
test/aaaaapex_0_62.png,eb9d1690ea361a0c07b10de8a505e82a
test/aaaaapex_0_63.png,daf4cf9af901cff59b700e73184dbec0
test/aaaaapex_0_64.png,9cde10c9f660006f0e0be788bbb8f06f
test/aaaaapex_0_65.png,c4a65edd614c9f92c265363e84b625b6
test/aaaaapex_0_66.png,aa2a7e62f969bc812633e89c7a848592
test/aaaaapex_0_67.png,7adb85834d647896b27a4035f3c3a249
test/aaaaapex_0_68.png,82bf60c913f8ea249df3b044ca4f311c
test/aaaaapex_0_69.png,ad63a2e6817e1be34186335f07f6cad3
test/aaaaapex_0_7.png,b5fbf2efcee21619ac2f7e378422d1cd
test/aaaaapex_0_70.png,7c62496053375ffe9d31c92046a93fe1
test/aaaaapex_0_71.png,030ab3ad890294eb8cea07edb3f92545
test/aaaaapex_0_72.png,322171fafff6b08d252e04cc060d295e
test/aaaaapex_0_73.png,86639d4ae5afa5a762e6ec094e12e7ec
test/aaaaapex_0_74.png,b77225247149c56131c66eb5bf908d0e
test/aaaaapex_0_75.png,bce62fd192584447e3f603d21e2cf469
test/aaaaapex_0_77.png,0e4c0e47a45134032b3df4b5e175107a
test/aaaaapex_0_78.png,1aeb39582e92eacc8c5d45262de6524e
test/aaaaapex_0_79.png,5cb3005d8db95402720148cd7c6de1df
test/aaaaapex_0_8.png,915325bc59a5df64cd51ae5efaf2ac13
test/aaaaapex_0_81.png,c915db82e925099eb8516c463bf129c9
test/aaaaapex_0_82.png,b90d4c2f9bbba39b00adb8a0461cbbcd
test/aaaaapex_0_83.png,811e31b9f8931c10a81cd1ec1b74d10d
test/aaaaapex_0_84.png,b9cabccf6f21db9c211d9f83e1638631
test/aaaaapex_0_85.png,b094f5a2d9c1dfaac527feab658b1eec
test/aaaaapex_0_86.png,c20046672225c62a99bd56afbcdf533f
test/aaaaapex_0_87.png,92c0fbc27a9537bf0d7eb4f1304ba3b4
test/aaaaapex_0_88.png,1a014fa4faf791026d1ce948891b46f8
test/aaaaapex_0_89.png,e2c5e409ff204555954a6000f4dff4b4
test/aaaaapex_0_9.png,d00c9a255df97efc50e15de4846ad934
test/aaaaapex_0_90.png,9190f82bfa489f88dda491991430f3ad
test/aaaaapex_0_97.png,8c16232dbc21ec15d169dfc2fa895bb4
test/aaaaapex_0_98.png,bdb927f6e2de017345732d2e11a4be74
test/aaaaapex_0_99.png,baca418567cdc93378d9dc29f92402f7
test/aaaaapks_0_0.png,d80a10c87ee68abba1de71c0cb4c8bd7
test/aaaaapks_0_1.png,70f9f9f738149193e563e3cccecca3f7
test/aaaaapks_0_10.png,8fec4651c39ce60307ba0ca6f87a8b60
test/aaaaapks_0_11.png,83c1384dd64b616791299f82a8c72f87
test/aaaaapks_0_12.png,6c2875751a34471c34893a25ae31bf22
test/aaaaapks_0_13.png,074f661d10896713a534d3dac6f070d2
test/aaaaapks_0_14.png,e8636df4fe02d749a46808c568991f48
test/aaaaapks_0_15.png,4ed26589a4401e98c524a937b0f1ec9b
test/aaaaapks_0_16.png,6d97c2fefcb2a3e4739176023c8fc6f1
test/aaaaapks_0_17.png,f9b68e201ca076f5d64df95b78b598b5
test/aaaaapks_0_18.png,c394939fbb426d7ce24e7e18b6f41b07
test/aaaaapks_0_19.png,9dfaf0c32bfbf7b656cd20d94d9cbb7a
test/aaaaapks_0_2.png,0b5e01fd1d6f4149b6ececfe4ebf3876
test/aaaaapks_0_20.png,04ad7ca4a139f1066afe9ffd17894f4f
test/aaaaapks_0_21.png,b556af1590900144b5b321680ed78e80
test/aaaaapks_0_22.png,d2eabfaebf18bbeec6716a8ed1ecd60d
test/aaaaapks_0_23.png,611475ec2582eb235a92e8a7b79054a9
test/aaaaapks_0_24.png,d085a4ad45a08b0a0526ff4271e72012
test/aaaaapks_0_25.png,589e8eeb9d5f01a19a38e802d3c6ad42
test/aaaaapks_0_26.png,f933ab41ec38b6ce290507b514c2e0d3
test/aaaaapks_0_27.png,4c2e668650d377d50482a038a7d3ae71
test/aaaaapks_0_28.png,eed07c8b51c7117072b53424f62d9ea2
test/aaaaapks_0_29.png,ed4b81f22d52c0bc3b5fd458db066ed0
test/aaaaapks_0_3.png,f266deda52d15be8637242a066ca4662
test/aaaaapks_0_4.png,452b9d503a0699e817d6b32b72141a4c
test/aaaaapks_0_5.png,08732798db10b7a835157c6269c6237f
test/aaaaapks_0_6.png,fdabaacdb01b2fca043e249496a9ff25
test/aaaaapks_0_7.png,207924c0e604eb9dabbd63540a90b0c9
test/aaaaapks_0_8.png,837f39ed83e6000a0b8b83ddf7453fb7
test/aaaaapks_0_9.png,f8c54d41c889504e6369c0e34b38a92b
test/aaaaapks_1_0.png,3429f7db18fadb9f21fc7437b3a50a27
test/aaaaapks_1_10.png,5486e2b1a4224c01ad76eb460b02dae3
test/aaaaapks_1_11.png,3aa4d1c5d9b3366dd977e231c911a1a7
test/aaaaapks_1_13.png,d98e56726e6f06e907523444b3a3ea1a
test/aaaaapks_1_14.png,dd5b0e60ecc4cf236467d9eae13cf3ca
test/aaaaapks_1_15.png,140ea7c27c10cff6fcd8acdf0bc1da6e
test/aaaaapks_1_16.png,6768a03918758b6b5df9f3b36aed6934
test/aaaaapks_1_17.png,8ed0b48766fbaa993ed84429d72ed20b
test/aaaaapks_1_18.png,d3c63c403f1eeef4a496efb8a85bd3e3
test/aaaaapks_1_19.png,1c6f17a5ae433ca7c13abce2c35be73b
test/aaaaapks_1_2.png,ffae627c12435cabf4213d4ecf6752b6
test/aaaaapks_1_20.png,c69447d7379bfe018c67324a7b8dfdae
test/aaaaapks_1_21.png,8d0df49ffad0566f1269a57982459394
test/aaaaapks_1_22.png,ab7daa5381a6cd864eb69b02b9f9c7a6
test/aaaaapks_1_23.png,2c9407e642e601fe4543735948543f2a
test/aaaaapks_1_24.png,6d9922cac413094d40a5635616eb9362
test/aaaaapks_1_25.png,a75a330a699debbccd74a9ef314a22bb
test/aaaaapks_1_26.png,834d691122577f7bfc4caf640f689f8d
test/aaaaapks_1_27.png,e0938c1d89995a99db61c7f24c6823dc
test/aaaaapks_1_28.png,d1a4a5e4b1b7a9188f3035b28add5cd5
test/aaaaapks_1_3.png,28823eba7b6e075cd561ceedb7243463
test/aaaaapks_1_30.png,7f0a41de780636d348a00f3bafc3ee5a
test/aaaaapks_1_31.png,115d0806392e92d975699004805a9d08
test/aaaaapks_1_32.png,2bce892040d296d11382a04cc204b950
test/aaaaapks_1_33.png,7fc19e7cd981444306d95fe801c8f7d0
test/aaaaapks_1_34.png,af0f28724baca5ecb19ba6e758ce3af3
test/aaaaapks_1_35.png,ef78dc656b6c74fe00d0f686c4893027
test/aaaaapks_1_37.png,0a8e4cf8e6dc7445ae1d3fa68346ef72
test/aaaaapks_1_38.png,a451d0bdc5c330a65ee715044dbd115c
test/aaaaapks_1_39.png,7d32892e239f7f891ff974918e0389ea
test/aaaaapks_1_40.png,be5e9ef851db1eb11cd17b205bc9ab37
test/aaaaapks_1_41.png,c3fedb13626b5c1756118b1c180c2242
test/aaaaapks_1_42.png,af765358f10e173ddaea282f87ce8a5a
test/aaaaapks_1_43.png,4e64909bea74a7c7b6107e5add8387c6
test/aaaaapks_1_44.png,e30512f6d97dc303cd993a9e8bf1144c
test/aaaaapks_1_45.png,fd927d01e64116d75b95da581a670c1f
test/aaaaapks_1_46.png,e466d94cd3c79de4963e12619080be1a
test/aaaaapks_1_47.png,f5585ae3934929c303583100635a7c42
test/aaaaapks_1_48.png,47edc1b23697e898dcaf29a1f89d9d45
test/aaaaapks_1_49.png,3d3a50f5646c8aa7fb86d717185c9999
test/aaaaapks_1_5.png,bce443c97f12bd8aceaea11294695767
test/aaaaapks_1_50.png,5d407da029d81c79a9106708d1e5b986
test/aaaaapks_1_51.png,37fb073f71d2c0d96bbf466432852817
test/aaaaapks_1_52.png,48c675e9dbab990ebb29df0d8b605e91
test/aaaaapks_1_53.png,ff4ff3c333964be6cc637f35f3115d09
test/aaaaapks_1_54.png,d318c57b5abafe788d7b407a8be4dc46
test/aaaaapks_1_55.png,bc56b2073347945327f0c128aa1e9bc9
test/aaaaapks_1_56.png,ad0a1b04eeeccf2a81b874d0ea7092cd
test/aaaaapks_1_57.png,dfcdfaa5598cfe82952707786a1607f8
test/aaaaapks_1_58.png,21e7f3716606a47aa264a775f1887dd5
test/aaaaapks_1_59.png,454be081f272cfdbf0131fc63b51bd08
test/aaaaapks_1_6.png,d293d5eaef2a90280088a5c43d098f40
test/aaaaapks_1_60.png,50df83491bdb874a83fbfbbed5697b26
test/aaaaapks_1_7.png,e49c70924c6c8ea0f5a02ca1340ed20c
test/aaaaapks_1_8.png,6cf5757837f424c23502740a2995b360
test/aaaaapks_1_9.png,db583a519b347538a7c06239d7984eaa
test/aaaaapks_2_0.png,1d6bf26911cd2d52d35efb0379a2ef37
test/aaaaapks_2_1.png,34eefc1deac364c545d39cb72d148427
test/aaaaapks_2_14.png,064f07f2a4f42857f78eda591ed767f9
test/aaaaapks_2_17.png,c4ef6a5543c9b4c8e316fea9913f580c
test/aaaaapks_2_18.png,d5bf4e418d5b8eeab84def89a62ad57b
test/aaaaapks_2_19.png,2ca8944c523963ea08aed4726cd1f48d
test/aaaaapks_2_2.png,dc2f95b619d508f0cf42afd7d8a7336e
test/aaaaapks_2_26.png,3f8df7f20a693a19ed7d238416af7c06
test/aaaaapks_2_3.png,de89fef80ca7c8e79f78275eac02abbe
test/aaaaapks_2_33.png,f24dbf11a1e69a356ed70dc71eba9b93
test/aaaaapks_2_34.png,bf5cfdc5bc36e8443d483e97babbb414
test/aaaaapks_2_36.png,25a6e165df38f6bfe3b143001a509b9f
test/aaaaapks_2_37.png,427fbd2b365d6578a3e55769586e90c7
test/aaaaapks_2_4.png,ae2df11460616f2f2e80db72a5af44e9
test/aaaaapks_2_43.png,acfe4e7477aef5a056643ac06fda0840
test/aaaaapks_2_45.png,4b3cc8983953b6262b4a05dac5b3f206
test/aaaaapks_2_47.png,9994b8d9c649ac6045362d64df236c26
test/aaaaapks_2_48.png,8af1ec73d5816b0b974a6296672479c4
test/aaaaapks_2_5.png,4d80631516def9c468fdf8b2243de5e5
test/aaaaapks_2_51.png,edaa3612f205842a751a079751dcb7ff
test/aaaaapks_2_55.png,f5f41eabf7b3744568b8f9ac8400dbbb
test/aaaaapks_2_56.png,d417dc00cf9b7b400cffa2c5e331b131
test/aaaaapks_2_57.png,9efd0375332281613a1997c4a29e210b
test/aaaaapks_2_58.png,f877b6c8a602255206e35daff24aae75
test/aaaaapks_2_59.png,dcf8d95f0f5813f1685aea2ecccf2620
test/aaaaapks_2_60.png,3e9ce1b7f19eb34372ebf13363fc974a
test/aaaaapks_2_67.png,a9399768510e762929100507ecdb756d
test/aaaaapks_2_68.png,75ba034d703df148fb40342a97531923
test/aaaaapks_2_69.png,e4dd762f0e499a219368234096767449
test/aaaaapks_2_70.png,9e40140b00645ad0fd5ac26310fccd03
test/aaaaapks_2_71.png,420bea9dec0ffbc53c4323b21cc1128c
test/aaaaapks_2_72.png,54c6620fb21e0836d02d474a8a3c1f3d
test/aaaaapks_2_73.png,dc60b91fd136e2a7a86bee52d6a424b0
test/aaaaapks_2_74.png,c5a8954e25eabff0e91716f945224a8d
test/aaaaapks_2_75.png,c03d14e179307e644e9c56dd05866b66
test/aaaaapks_2_76.png,f5bd32200b0adde0b3f273865ea20228
test/aaaaapks_2_77.png,8e466baccf2a6822ac1bd64ff99d8c1f
test/aaaaapks_2_8.png,4c6076a7dd75614693545dfa36762ae3
test/aaaaapks_2_9.png,04ad1973f6d42c355139505dbda17873
test/aaaaapmp_0_0.png,da4787fa98f36664fac968112df19f14
test/aaaaapmp_0_1.png,46dc667dcedeba3691aabe9d9048ad05
test/aaaaapmp_0_10.png,804df294f77bef4fd1c454c485377338
test/aaaaapmp_0_11.png,10b7764a8240bf4a9fb6b750eeb2f648
test/aaaaapmp_0_12.png,97fe313f1bad99dc0f4405da95132e52
test/aaaaapmp_0_14.png,9153ebdc1e49df0536abe9f74efb6b28
test/aaaaapmp_0_15.png,f82c0095b9e6f8aedf580f85ed49ef92
test/aaaaapmp_0_16.png,bc2561ecd99cbaeafba5408ee471d62d
test/aaaaapmp_0_17.png,2d7973c954a2c9ee4d0ab54850da56bf
test/aaaaapmp_0_18.png,09a4d93a57d5f1d4f58c2b3394579c71
test/aaaaapmp_0_19.png,b892c1b59d64859061d116dc7ef1e0c1
test/aaaaapmp_0_2.png,678ddd6aef16881a737152e7ebd5cc89
test/aaaaapmp_0_20.png,6243485bf591c81a5f58544d73ae19b8
test/aaaaapmp_0_21.png,062e22be988eafbc353fcf0f8ca8966f
test/aaaaapmp_0_22.png,b4f6daba3e7d5cb8f07b382bf854ebe5
test/aaaaapmp_0_23.png,94a5a31d23800ecd39c05c8d403ff0f6
test/aaaaapmp_0_24.png,1834d4c44e222e8823b926a2425a04e0
test/aaaaapmp_0_25.png,1f5dd2a6f8d80fdc87701800c49127eb
test/aaaaapmp_0_26.png,cfbcf1340c5662b279a5c3acc4093587
test/aaaaapmp_0_27.png,5c2b2a25e3ed45987432e8a3cf0aad2f
test/aaaaapmp_0_28.png,9bb3b4e9ed6fa99d6e8e1e235f21816c
test/aaaaapmp_0_29.png,5665909bdb91d12c9f84e0fb580072c6
test/aaaaapmp_0_3.png,d04ed3c24e9c506d52cd4222fd84be49
test/aaaaapmp_0_30.png,7475ff60125723d53faa5aaf2b8a3526
test/aaaaapmp_0_31.png,47fe8642f9f46391aa112c40baab9a78
test/aaaaapmp_0_32.png,25a066d0aff1a21738a8c1e088172341
test/aaaaapmp_0_33.png,fd0face54e6442a2cd1b79a967fb2eaa
test/aaaaapmp_0_34.png,521867362dea49479695b18ef9363211
test/aaaaapmp_0_35.png,e87ad82583326d81f964b84d8b3e980f
test/aaaaapmp_0_36.png,f8f48723147d63273d528b92ad6a361a
test/aaaaapmp_0_37.png,986c48cfaa300a2151b78a4aaa0cdf78
test/aaaaapmp_0_38.png,0f9f4323779bb8a0f8d6f08f7593579b
test/aaaaapmp_0_39.png,0789663d2bd38be6827e08711a5858ea
test/aaaaapmp_0_4.png,6bf9818d56f711f5a54d981547aec82d
test/aaaaapmp_0_40.png,0da4142f832a2f5bf8e2df4e672e7eec
test/aaaaapmp_0_42.png,c981b6313e6ad7c754e4bbf0bb8a7597
test/aaaaapmp_0_43.png,f2d45d8165d56cf3e7909aed605f1df0
test/aaaaapmp_0_49.png,78ee207eeb0f713c0b80231ef839ffbe
test/aaaaapmp_0_5.png,30817cff69878a1975da7e7e39e0f1d8
test/aaaaapmp_0_50.png,b8b8cd981f233d408eb1f089f8fd7ba0
test/aaaaapmp_0_51.png,0667fff562d464423712799f3a2f317b
test/aaaaapmp_0_52.png,eac40a24d1723ae2136035e8cbeeb07e
test/aaaaapmp_0_53.png,f14f8c2e6cd1ef48144f15ba931a8f23
test/aaaaapmp_0_55.png,fdac6f2196d938040e95f839348c7f1a
test/aaaaapmp_0_58.png,a79b144d3c1808731abe80b75de26530
test/aaaaapmp_0_6.png,3ec7658d3d029505be67db44213e4f77
test/aaaaapmp_0_65.png,69977933aafa09b6f4ab4fe477729162
test/aaaaapmp_0_67.png,4b8544c9f6a04f4a97790e1425205f56
test/aaaaapmp_0_7.png,be07dce539b623bc259d743c2a3e7131
test/aaaaapmp_0_71.png,cb345559100356b60a6047fefef53bed
test/aaaaapmp_0_72.png,f9882b196f523f02475e7925d068847f
test/aaaaapmp_0_73.png,bf74394dc9eb71662b3fe7c8dfd2fdb3
test/aaaaapmp_0_75.png,34ddfdaa718e0c8a7d053e3e3312048d
test/aaaaapmp_0_8.png,fa29f73f76414a8b324e7a59b280474b
test/aaaaapmp_0_9.png,09c150f85685fbdb91c40bdf5ba4a492
train/aaaaaaju_0_44.png,9cfeacafde4e19e7ed5a2d535ccbe008
train/aaaaaaju_0_55.png,45f46bc7d5de0fce0779a7ab89fa6daf
train/aaaaaaju_0_6.png,3e8d33a3408e4367cfbc4913b4755459
train/aaaaaaju_0_7.png,93e4daefc0e747624fbcffb68ca0b91f
train/aaaaaaju_1_0.png,028c15300b845731315f10b9dfcb8940
train/aaaaaaju_1_31.png,0de8f4a67e06c523e397dea4f6e3caba
train/aaaaaaju_1_49.png,7a0fed4fa1d17e50a9f4172ebd2e4af0
train/aaaaaaju_1_59.png,fa8b08c2152d5c6c33dd00da953b7219
train/aaaaaarq_0_12.png,29063657297a6cf42387ad8dc8a327c4
train/aaaaaarq_0_16.png,a26180d37e504cf624ca179e8aa7c58b
train/aaaaaarq_0_48.png,6b2aec02f866d176347200824be3df56
train/aaaaaarq_0_8.png,f197a57d1d6dcb19f4bc4d36ff48702b
train/aaaaaayg_0_16.png,13e9d714be1eb0e2c91e6825d84e4af9
train/aaaaaayg_0_2.png,a015f2da42aa2b5e96d4a47c021d9377
train/aaaaaayg_0_24.png,2101c69f9d33b8e7f2a71187f7957843
train/aaaaaayg_0_4.png,1278ce5d2a70a7c6f792e21768e06c47
train/aaaaaayx_0_3.png,1d0735f2edd81a74ecb5ffcc7977c51f
train/aaaaaayx_0_30.png,017f269cb931029f7290d3b8c62210be
train/aaaaaayx_0_38.png,c2c1d40a55a7ea1c24291cd68bdc08b8
train/aaaaaayx_0_48.png,d5553345ddeb5dee215470c81bf3196b
train/aaaaabbn_0_1.png,74c22d107d0f80b35524a11eb0c4575a
train/aaaaabbn_0_5.png,113aa8ec072f24ce50d72d2ad1882cae
train/aaaaabbn_0_6.png,fcf310453bdfe0ac55d7b9a5dc4efcb4
train/aaaaabbn_0_8.png,e6b13cab547a15d7ed47d10c7fbbcfad
train/aaaaabbn_1_11.png,c33001f23df64cc29b34be229d1126dd
train/aaaaabbn_1_2.png,c992c7eee584edcfd605e746791450ae
train/aaaaabbn_1_7.png,054f0fae9146192de4a92a77b22df230
train/aaaaabbn_1_9.png,8ad932ac2d3fa883e9561b48e474598c
train/aaaaabbn_2_1.png,577ff7f39b823618df4d5992c99017f8
train/aaaaabbn_2_14.png,bae08b30a4fc197191758ce2ae97d9fe
train/aaaaabbn_2_5.png,ec434930284f0b1f73264c00a0e6184e
train/aaaaabbn_2_7.png,68ae797c1f664e9fa6b0fbb817868f59
train/aaaaabbn_3_11.png,1fb106409e92da5b7bdce989cebcf5fe
train/aaaaabbn_3_3.png,5238e96354a86bccbf686091be106a9a
train/aaaaabbn_3_5.png,f016ee231d82e47a5deae85ee26962b2
train/aaaaabbn_3_6.png,ebef4f47e88ac74de05a20d6fefa6bde
train/aaaaabbn_4_0.png,4e6959a21372c9ae75abf7f2f8a7bdb2
train/aaaaabbn_4_10.png,162961f9a6258481e0728a7b70d7a07a
train/aaaaabbn_4_11.png,2a2a2e3176d53111da08f776b4f1eb53
train/aaaaabbn_4_3.png,d10d4a9d8c9657e10c18b45ab53ccd83
train/aaaaabiw_0_0.png,c6d9a3a5659b4c27504aad6c63f04e8f
train/aaaaabiw_0_2.png,cb02087f81f4c22765f25ae3c27b0e0c
train/aaaaabiw_0_20.png,695d2879b07711e46b3c285615c11129
train/aaaaabiw_0_27.png,9d0c797f3b4ced8ec303c1bee60dbbc2
train/aaaaabiw_1_17.png,d05d6c0c646fd26b20a9b42059c5a0c5
train/aaaaabiw_1_21.png,64a31b59404de7b22f83035d68f6d9fc
train/aaaaabiw_1_22.png,19b9b59034b0d49f39d37834df9b06c9
train/aaaaabiw_1_27.png,4f0692577ae26a65fcf460e941eead63
train/aaaaabiw_2_1.png,73fc506660236c8131abaa697b9dad3c
train/aaaaabiw_2_2.png,8bec66076a5caab5d1ff29c5f0001d99
train/aaaaabiw_2_3.png,9904259b404fa6773325470b9b352058
train/aaaaabiw_2_8.png,d5d13b8ce4003808b81dbe17d3997647
train/aaaaabiw_3_10.png,5f8f3805e633ca6367180e2dbf701e0d
train/aaaaabiw_3_18.png,f0b8f674d0a7da1983c66b25db1a9709
train/aaaaabiw_3_4.png,69074596874178f04e59baef57b87e7f
train/aaaaabiw_3_73.png,2a412a0f36f346270b2ffe499253ff8a
train/aaaaabms_0_58.png,7de4ff429ecf28da2b5ea3f9e622273e
train/aaaaabms_0_67.png,36f1fe5759884e2890e76b8f746bbb20
train/aaaaabms_0_77.png,5fb76758b42a8d5d34b94b42f7256cfa
train/aaaaabms_0_81.png,ee58ca21fc4377369ffc20b3c02e0699
train/aaaaabsk_0_0.png,9d32d96e1748bdd80cee1fde8df56cc7
train/aaaaabsk_0_14.png,47ad716d998d1f92833e8dec2254dc3f
train/aaaaabsk_0_18.png,7c23a6dc07dec3427ae071a36fdd06b7
train/aaaaabsk_0_37.png,4b22f2a960ed7989c5520984b8d5b47d
train/aaaaabuv_0_11.png,0d0bfb29826111395dcc49f88fb742ea
train/aaaaabuv_0_26.png,5971a635de8046b159a5d5f24c50d522
train/aaaaabuv_0_5.png,4a14ba8edc3fdd13d134e750183962ca
train/aaaaabuv_0_50.png,31f090f64ba6dfc5cfe0292e4cce3a8f
train/aaaaacad_0_37.png,0def1a334135faa5d4bbcbfc5ee63b36
train/aaaaacad_0_45.png,3de4919b5420ba0fe9420bc5366413c4
train/aaaaacad_0_46.png,1a5931e714f2100beb2229ce53fa458b
train/aaaaacad_0_61.png,a284db2e303f10bee8ac9f5105c41ca3
train/aaaaachj_0_0.png,3a8849050c42d5085f33b0c75f75df65
train/aaaaachj_0_4.png,718630e56c189e8bdc8a3c843d136873
train/aaaaachj_0_5.png,99343c110b88260453ea478097d0d76d
train/aaaaachj_0_6.png,e8223d36346d50d4dad6cf4a6e098b2c
train/aaaaacyf_0_0.png,3d5826702905373fe262d113f7835a39
train/aaaaacyf_0_1.png,65ba99353c9e065fb0b0581953030519
train/aaaaacyf_0_4.png,84a12ab61c518d7d792a8e7266e94032
train/aaaaacyf_0_6.png,0f115b9ef5fa126176a03878949924a6
train/aaaaacyf_1_14.png,b05bed575c9c0f7d1bcd89b935bfc275
train/aaaaacyf_1_22.png,135fb651c9189b84e367c7d628184ed8
train/aaaaacyf_1_27.png,cdd3a6f23f45ae551a43a93e6e4511df
train/aaaaacyf_1_6.png,66b3f058dbbb37a733ac4ae1e9325cb5
train/aaaaacyf_2_1.png,7d7f1b69b57817ed5f131e74971c1e6a
train/aaaaacyf_2_2.png,08bed6da599fb13c21e9baaa7c7245ff
train/aaaaacyf_2_20.png,ea04574546baf789c54bdfb04799534f
train/aaaaacyf_2_22.png,14cb31a7ba5dbbbd8b8d67d1566c78e0
train/aaaaacyf_3_14.png,1885461710b588583b8fdc7710db02f7
train/aaaaacyf_3_15.png,7a6054b519acb6c46e3c90c90c2e8571
train/aaaaacyf_3_25.png,c274e6164d3476f3dc0ae28511245e02
train/aaaaacyf_3_7.png,47d18a48cec341caf5369314227379cd
train/aaaaadao_0_1.png,84c9af95689dec777059060460998490
train/aaaaadao_0_11.png,e507796f76afc00249a560778dd5a765
train/aaaaadao_0_12.png,3eeb4636284fe98f8346b6dd163a9874
train/aaaaadao_0_3.png,99098c2f5449ca2aa5f4c4ae96b57ea6
train/aaaaadao_1_4.png,fca95113093ec7eb480a00e6ebc9acf7
train/aaaaadao_1_5.png,d301344274e633e4101c9743f50aa175
train/aaaaadao_1_6.png,6be3b8ddd52f17af5090606c2c5c3bc2
train/aaaaadao_1_8.png,ee8ab376aea33b063b24368dceed3fc3
train/aaaaadjk_0_25.png,f8d07e32578cd22b152312694a3a6ed2
train/aaaaadjk_0_35.png,530513ae809f6c4f640c265738262201
train/aaaaadjk_0_59.png,afbc995636d2e516e911489700b41f1d
train/aaaaadjk_0_7.png,acd345324bfede204b345a6eabcad78a
train/aaaaadmi_0_0.png,d4abffd86adc983f7f38be0d550cd098
train/aaaaadmi_0_11.png,3ea81c409236f68e0fa8d0b047b5e63f
train/aaaaadmi_0_12.png,e662fd9b5b1024eb1687bbc5e916539c
train/aaaaadmi_0_18.png,3285bdb68d6c1ec5c5b7021940704b62
train/aaaaadmi_1_10.png,bb7e7ab0837a625f8cbd6d68bc81bf7c
train/aaaaadmi_1_3.png,9d69176ba714911646e30240e28b53fa
train/aaaaadmi_1_4.png,d34e3311bf4b8c49879e873d8bc76661
train/aaaaadmi_1_6.png,08615951338d9a46d51df452b1012f56
train/aaaaadmi_2_20.png,061c2a51d22435eb7b9feee1b448d51a
train/aaaaadmi_2_26.png,124ea8f5ea459ba0a94a3a0e802b9bbc
train/aaaaadmi_2_39.png,39a153911932ea7948980b8bf33986ea
train/aaaaadmi_2_4.png,fcb2528610bef5e0034ad43dd34999ec
train/aaaaadmi_3_1.png,326f5c9256fc47a98eb9a66aef09f6d3
train/aaaaadmi_3_11.png,5c24007f181867a0b050d7d7cf233c92
train/aaaaadmi_3_20.png,c29add53afc2c7f3a113245344de6ecf
train/aaaaadmi_3_57.png,ef2b80722ce3877b8f1228e6dd0ca743
train/aaaaadsm_0_14.png,ea35419254449d17a14a012577f5908e
train/aaaaadsm_0_19.png,09acf5699ebb5cf3c355d5c4760f6294
train/aaaaadsm_0_47.png,7b19e5e7ed98d5b848721eb290716a58
train/aaaaadsm_0_50.png,698f1bba806ff501334e9e5c7a480805
train/aaaaaeab_0_11.png,3b145236df75b128d4d3e075089b27b2
train/aaaaaeab_0_44.png,f898d0b7d153bcb896ef8836ce93c74d
train/aaaaaeab_0_51.png,16993597d41eceee7d3d749c6643c056
train/aaaaaeab_0_6.png,48c411281e79e64a33498b9dce54eacb
train/aaaaaels_0_10.png,874505a19a50c4125c1d35c47b2f49d9
train/aaaaaels_0_13.png,a9adcea35d3bab32e8f02bb902dbe220
train/aaaaaels_0_14.png,4ae9456d7d42c15e578e40ba5d8b586e
train/aaaaaels_0_23.png,f52ef3f9886de48c12e2db2a1b06e8de
train/aaaaaenq_0_0.png,40b468476f180649c9be002b8e34c13e
train/aaaaaenq_0_1.png,a18025c776e83a5ec447f9e6606500ab
train/aaaaaenq_0_2.png,1242920b24781e2091ddcc686269b04f
train/aaaaaezj_0_25.png,dbbd9e82650a9ba856f269f775d851e5
train/aaaaaezj_0_28.png,288313fa0512b2fef7a12342c16aa77b
train/aaaaaezj_0_5.png,18bd41fecfb0b80687177f87986f38d9
train/aaaaaezj_0_6.png,ffcdedd846d5bafadf2648b44f510ce9
train/aaaaafcf_0_13.png,151a87b6d7736ab1431cdf3a7e931277
train/aaaaafcf_0_16.png,4da733781b84561a7715cccd22a214a1
train/aaaaafcf_0_20.png,05fc92eb71daca71e9b87c621d1d1d8d
train/aaaaafcf_0_24.png,ae3311c0b8cfc1e4fafeba6382ec1a2b
train/aaaaafcf_1_10.png,fb7e872d094d00fefaf703af5a95d6ad
train/aaaaafcf_1_11.png,d7db363b75613e8c058aefc9e068bbcc
train/aaaaafcf_1_12.png,e511d9ee25c2229f434dfc1efde5442e
train/aaaaafcf_1_14.png,1175fd451daa32abc66fcd6d19edc7a2
train/aaaaafcf_2_10.png,4e092f20ecaf89a8043087aff0824bc2
train/aaaaafcf_2_11.png,ac5084120be910221827582ff7d87cf9
train/aaaaafcf_2_21.png,a53c44c090c57457402de78c1978f70e
train/aaaaafcf_2_26.png,aa567dafb55755fe244ad7c9c20fc23f
train/aaaaafdh_0_19.png,80001833e9db1dd0aafb626e035cc1a5
train/aaaaafdh_0_22.png,87288ce70f2d0d5cc947512332fd6102
train/aaaaafdh_0_50.png,c79a6c3cb2cb2173ef7ff75afc7891fe
train/aaaaafdh_0_56.png,0fe57319f3ddf2a7b72414c52aec4184
train/aaaaafsb_0_0.png,34e6a6ed45a15df80017633de64fc64c
train/aaaaafsb_0_11.png,7adcf1b1dd49dc3e7ec8932e19bbfee1
train/aaaaafsb_0_34.png,66c2a404e7d3e5fb615a51c9576bac9e
train/aaaaafsb_0_48.png,9a13d183ee6bed32e70d02cc317a648d
train/aaaaafwz_0_0.png,60fce044d1dbcc4f53a98e99e121baf2
train/aaaaafwz_0_12.png,65ed03b8c9d5eb1ecceb8e8994bd0eff
train/aaaaafwz_0_33.png,6f723f0aa0e15161e76fbb804cace6e7
train/aaaaafwz_0_34.png,20896c84f7db705ab0bfae606d334cc4
train/aaaaafwz_1_10.png,e06a4fb8d8f914a309542c471e0443e4
train/aaaaafwz_1_11.png,995ca8f28b3a620e4b3f9269fd98739f
train/aaaaafwz_1_13.png,ffe65d1439c2c59f277a48b21c153035
train/aaaaafwz_1_18.png,0dba2932108bbac13b5a5ed032be170e
train/aaaaagqb_0_30.png,622ce8b5e2a75cfcefeec692fe1c8d53
train/aaaaagqb_0_5.png,00adb8dfc86c1421a5391567c02ed379
train/aaaaagqb_0_56.png,7667b6c4e5363b54e252fbf692291e2a
train/aaaaagqb_0_59.png,c54beccbc98c3fb59ea93a6dc70872a0
train/aaaaagqb_1_20.png,d8a9a325f5f232ee5c38c09ee130b539
train/aaaaagqb_1_22.png,a239e8b197c5bd3206821b67a6d5b190
train/aaaaagqb_1_49.png,1466d91876fbc8e73b6068f65661037a
train/aaaaagqb_1_59.png,5161dbf99114e7752020390511581a7d
train/aaaaagqb_2_0.png,5ca5b0b90660e01a2ad6008ca6fc6df0
train/aaaaagqb_2_23.png,8de11f699407f726823b38004c6443de
train/aaaaagqb_2_25.png,70b6c3efa0e9abe551b78e86a4bd5f24
train/aaaaagqb_2_37.png,4c1bd6d13f1d7d2957488d40e9bee7e3
train/aaaaagsc_0_29.png,176c4577469d2f69a8b488e8210cfbfa
train/aaaaagsc_0_3.png,8d9890f13f17c5aa2221b849419f87b9
train/aaaaagsc_0_40.png,1c3c8baafda7580b66097b63d39e1039
train/aaaaagsc_0_63.png,540905c543674bbef9aa39f42c8aa6bf
train/aaaaagsc_1_12.png,2ac8d1438d5b6acbfcf0b9c4b857b09d
train/aaaaagsc_1_17.png,0230378c7e9acd217391fc8869e69c25
train/aaaaagsc_1_42.png,37682eb15a3d532aae87f0602f8fb531
train/aaaaagsc_1_43.png,558f558526af1e0ace3c26d9d21b4a9b
train/aaaaaguk_0_15.png,7989f80bc4d93da16970568236bdde7e
train/aaaaaguk_0_26.png,b02334a09f581fe56829648ae46ca9a7
train/aaaaaguk_0_3.png,18ba8c7e5ad70465816d8452486ffa85
train/aaaaaguk_0_6.png,557debfd7efacb2a6bbb3a28f62a2308
train/aaaaagvx_0_50.png,c819aedd715044da9dffb2ccd762bf60
train/aaaaagvx_0_58.png,85b5472831c9fe9cb4120ff9877134f5
train/aaaaagvx_0_63.png,dfe55c7105952553254e41f030ddbc3e
train/aaaaagvx_0_9.png,932b011efe69ac1dba4e43084f81cf08
train/aaaaagxr_0_148.png,93395ce34d4bbbd85001d9049c228257
train/aaaaagxr_0_243.png,3590b64cec31d519868f51628df657c3
train/aaaaagxr_0_261.png,f7cd84e9772ad4fe8ac80159e855fe8b
train/aaaaagxr_0_486.png,1dcd11b9ef77c97a0d01af0e699f5750
train/aaaaahzs_0_11.png,ededf3e26495d4e51a27aa4f7f630fee
train/aaaaahzs_0_25.png,651bf5dfb7bd22a2a7a487d5654ac29f
train/aaaaahzs_0_40.png,d3498f7e35f55e717acb98912a3d8317
train/aaaaahzs_0_44.png,39434dd0086e5ff3a581afde9c03a27c
train/aaaaaiae_0_0.png,9d20c69a8a7dc81d47495c9d8755861f
train/aaaaaiae_0_13.png,0f056267cebd7f0c4a401a98475eccc7
train/aaaaaiae_0_49.png,4acd150e2b860bea2df768d9118ad0f0
train/aaaaaiae_0_57.png,59b9dd074e3952d7600c87d69a51df9c
train/aaaaaiby_0_18.png,44fc4dd1c23102802ee0fb826325bd48
train/aaaaaiby_0_27.png,ccadda1ca32050775f8daf4d9aa67d7e
train/aaaaaiby_0_43.png,c7bf59386ba5b9d728c059dcb9369e74
train/aaaaaiby_0_52.png,f03584cc970461a1af9e4a85de200a96
train/aaaaaijh_0_120.png,f4c2bc8d083e990bb8ada2b8d522ebad
train/aaaaaijh_0_130.png,5fa29386f838ba57f39afb82bf184d42
train/aaaaaijh_0_31.png,f248cbb5b8b67fdf652b4d4f6e45909e
train/aaaaaijh_0_63.png,92ab70209ce2d02cc4eb899ec26ba957
train/aaaaaike_0_18.png,fa737dd389838e475ce8ecda0d3fccd5
train/aaaaaike_0_34.png,6e9fab84d5bf178e6ea5bce1aeabb55f
train/aaaaaike_0_55.png,f1929129506b3ca3f1e540abc63bd4af
train/aaaaaike_0_62.png,c8603fdf465001e645c43bc231976438
train/aaaaaiue_0_17.png,5e28512f32614e3ef1b61362e2dc8a5c
train/aaaaaiue_0_49.png,8bee792e1207a34352b72873e627cb36
train/aaaaaiue_0_59.png,833ae7e198f12ca9d3e9d2bdee748183
train/aaaaaiue_0_75.png,d1244625a75e460f6d8dbb50d30adb3d
train/aaaaaizu_0_13.png,c08e235074c98a3a34dcd2449148a5d1
train/aaaaaizu_0_35.png,2df55505074fa4912e08a3f1bfcd0e3f
train/aaaaaizu_0_37.png,3bc536b686db16cb2b9c0d5b0375d62b
train/aaaaaizu_0_40.png,c5d2509ac2133277e5bf4edae9de912c
train/aaaaajah_0_137.png,365707705b240f99bd5eb0d150cc6241
train/aaaaajah_0_6.png,266f8e536cb64a723ba5b279d1897ca1
train/aaaaajah_0_65.png,7c603bb0480c775e0c7f34349d38aba1
train/aaaaajah_0_79.png,4b1866c87c43182c17076977b6864aeb
train/aaaaajah_1_0.png,2b97227ffba6ec6a87df4273cce788b5
train/aaaaajah_1_43.png,47ff5876723fd726da96ebeb17af49c6
train/aaaaajah_1_56.png,6728d6305623e968c72472c10ba954d4
train/aaaaajah_1_71.png,29253f039127b8f3158830a5b5c8371d
train/aaaaajam_0_10.png,b62549bc430ba41f93007a7249497daa
train/aaaaajam_0_22.png,375b680ba0fff4cdfde7a9b60f96ed60
train/aaaaajam_0_33.png,e6e1f1f11f55bfaa308b690e0ea11e16
train/aaaaajam_0_43.png,345a273bf2587cfdab17ab631d0fa1dc
train/aaaaajfk_0_1.png,3b5173d1e4a9fd465b20b13cb736b73c
train/aaaaajfk_0_18.png,9f2739d0dd07324874ecd852d85f8f0d
train/aaaaajfk_0_52.png,19dbea5b04c96a0aa1846a249fc3bb23
train/aaaaajfk_0_54.png,623b7803d04a846197a775921d23afed
train/aaaaajjb_0_16.png,0307fc37785f44f7df7007537356ec1f
train/aaaaajjb_0_24.png,a59df40ee734eafb7252c091df688daa
train/aaaaajjb_0_52.png,4fd409642742b1ac4e94e0081c46258c
train/aaaaajjb_0_6.png,373bf50bb09be810138fcf80c4d00f29
train/aaaaajns_0_11.png,d50d0e7c3fca0e4e38850d5c42f0f6b5
train/aaaaajns_0_35.png,8720cf94bf0da5adc83d7cc52ebdfd9a
train/aaaaajns_0_62.png,397169afb024758108e4106fe310002e
train/aaaaajns_0_63.png,50cb7c6b91b24a9e6a0726bd11436341
train/aaaaajns_1_16.png,51aec8aff9191570d07c26f0dd9ab99b
train/aaaaajns_1_17.png,a76020306067b19d7784669698ef17e2
train/aaaaajns_1_27.png,b5cd9558adc98e1bc4dc6ebaca519dfa
train/aaaaajns_1_5.png,c9e4c27862cc9a20752ca95838f2724b
train/aaaaajns_2_22.png,247cd9525c6c9d826a6e4439d8c63219
train/aaaaajns_2_24.png,851b7cf0d1b8ae80077292b17badf9a5
train/aaaaajns_2_4.png,ec7063309bd08bcbe469965341f6b22c
train/aaaaajns_2_5.png,0e07bf9a687bd73e0d95359e9eaeee4b
train/aaaaajns_3_1.png,1e1c3e756321282291c48e82a1021a13
train/aaaaajns_3_24.png,dcb82a58a4a124021b53214fcfa6c31c
train/aaaaajns_3_28.png,2f088a910648a794171d73855382118f
train/aaaaajns_3_3.png,f3d1ac269fbcdc87e1bdb26e572c0b59
train/aaaaajns_4_11.png,28502160d2a6c0d5008869392906f432
train/aaaaajns_4_13.png,7a0493cca481b32fc22031b377434361
train/aaaaajns_4_18.png,179c65f5ac3920c65219b4b7f14b3a46
train/aaaaajns_4_28.png,7fa1c14c98ee85e79113214edb91e52e
train/aaaaajoo_0_1.png,ec4f409b09458fd2bab11b3b33daad52
train/aaaaajoo_0_24.png,1ffa594863e2e628aa92780771f38909
train/aaaaajoo_0_29.png,f03e53040b5195ba4303e054ba091800
train/aaaaajoo_0_8.png,48ef07da8fc21a67ec1e36cbc787fe4f
train/aaaaajpf_0_19.png,3251c00f203bbf92c7f343055a3d7cb9
train/aaaaajpf_0_25.png,2d9014e02649bd7b804863b441df0936
train/aaaaajpf_0_27.png,4acd7b9dbf6492fb5c3cd10713f16ea1
train/aaaaajpf_0_40.png,ff27327c6b5674903395e9ec9f006346
train/aaaaajqb_0_12.png,e159ced174ae5fffe86f6fbcca60921f
train/aaaaajqb_0_31.png,1e2930d4d75596df349d1963af8c1b30
train/aaaaajqb_0_41.png,b0fd5cc205e8639b4bd6d59a24f2d56e
train/aaaaajqb_0_52.png,a4b2f08fd6fae5dabd9b993cc00f3c50
train/aaaaajqh_0_30.png,d9e5840d764d28d26f7f6ce4ba187187
train/aaaaajqh_0_32.png,8707407b5063acff4f9dd6c78f279526
train/aaaaajqh_0_49.png,15fac88d06f1fbf91ac61646cd21cb95
train/aaaaajqh_0_50.png,01f3088ca6dc26cc38afc10c775dc71d
train/aaaaajqk_0_1.png,83a4ba17f6f0be604bd3080a4d883867
train/aaaaajqk_0_24.png,30299245708f5db0e1fbbe20f882e1b4
train/aaaaajqk_0_4.png,9fa28a87902ee50958ad87b2b9bd51c7
train/aaaaajqk_0_41.png,efee704e19aef9afd120dc46a46314e3
train/aaaaajqu_0_34.png,7134af4a847c6e7cb66ac1a7543cd011
train/aaaaajqu_0_50.png,368b530e5f83600f084f0fd0a490ed10
train/aaaaajqu_0_52.png,f826efdd9fad055a3fa8240d48b72672
train/aaaaajqu_0_59.png,a39a137a31c4b36256b06a3ccd7d1114
train/aaaaajqu_1_13.png,309607066c62e3009addf1541edffc34
train/aaaaajqu_1_14.png,cb8f5d1c830e5cd8725bd33647638e95
train/aaaaajqu_1_54.png,85fd06fa35f2b1a625d7d07707d418e4
train/aaaaajqu_1_81.png,ebb89c2296e03c7877191c0fda834bd7
train/aaaaajrf_0_20.png,dc849d32b6499306f6533bc05e9c328d
train/aaaaajrf_0_25.png,93841adf408cf37d837029da249dba70
train/aaaaajrf_0_31.png,ef0a74575097e9007e340284b05996eb
train/aaaaajrf_0_36.png,e7a678028575940656815f6e48f3d627
train/aaaaajrf_1_11.png,34048b108d3562241d3c73c19c0171f1
train/aaaaajrf_1_29.png,8591db56028fa76fb783ecbfc7fdab1e
train/aaaaajrf_1_32.png,6bed17634308c82357e523b268f4059e
train/aaaaajrf_1_7.png,0904344693a430e72955fa1ccc23ba77
train/aaaaajrf_2_32.png,fc1b2e2919b6990cfd3ebcef8e9e8549
train/aaaaajrf_2_4.png,f8a2cf14c4c1050c53e00280bc89da3d
train/aaaaajrf_2_47.png,ee9a1f0e6adbe1c60afa3e31e4a69d77
train/aaaaajrf_2_50.png,089514f5a9adc03af2f208442e371d1f
train/aaaaajrf_3_12.png,09a8536e53b1ad98ae7e5eb7a5e60908
train/aaaaajrf_3_15.png,4d782279295d00b25a61df8c45dec88e
train/aaaaajrf_3_28.png,97a27d85e4a5400c2c6cf80617dc6a36
train/aaaaajrf_3_31.png,32576f2a8b686e070fcf6aa78d24d257
train/aaaaajso_0_14.png,f5a8aece50ab217b7d32816b3cb8797f
train/aaaaajso_0_2.png,86a3634bb72039ab0a199195a54886b4
train/aaaaajso_0_34.png,71619dd87563bf90ad572c7e0c52ba71
train/aaaaajso_0_58.png,a624b181adc6c8d9771f3464b33e2ac0
train/aaaaajys_0_26.png,2b014a09f9f40823100dfbb7a5e20067
train/aaaaajys_0_44.png,0e8d688fb8b634ff6da2609c490b4c17
train/aaaaajys_0_49.png,f5213cdf8ef10db4d72c83136591288d
train/aaaaajys_0_55.png,d2d165028c32393f52467a6b82dcd1c5
train/aaaaajzm_0_2.png,d2ccb213727604e1e919c94757e1eb0a
train/aaaaajzm_0_20.png,8dc043ac6d70867de63fad0f40600f47
train/aaaaajzm_0_4.png,2231a716fcf7bb338917f55cd9d233c5
train/aaaaajzm_0_6.png,7a5fc45022641b522656509329ac04f3
train/aaaaakbz_0_1.png,e57a23cae9598224b75bfabcebfcaa91
train/aaaaakbz_0_22.png,a93c3da7da64728adf7ee628bb48cbb6
train/aaaaakbz_0_45.png,ba1caea929f5bf8d38423d62f4b3545c
train/aaaaakbz_0_58.png,24b9ab3ec0c93bf444495bd74119e8fd
train/aaaaakbz_1_40.png,025014cd9746ac1cd13edf82491a5dc5
train/aaaaakbz_1_5.png,80d96d621bea17f28dfce151975a90cf
train/aaaaakbz_1_58.png,a3a67bee40b3193e0e5f70dc558ae7ee
train/aaaaakbz_1_62.png,b1ea2e6fe548f85e11910c54c9d4db0f
train/aaaaakbz_2_20.png,209e077373997aa0012932d0b836c752
train/aaaaakbz_2_42.png,7e54b30c6515953ceaa74b6b010a922a
train/aaaaakbz_2_47.png,1a37914bce6c65bb68b22e6632246ac7
train/aaaaakbz_2_8.png,a2fcdc2500e74dc3697f612e4c52a0d6
train/aaaaakck_0_10.png,6ca31b033032b563a5e1e0cd7b75c227
train/aaaaakck_0_12.png,ae47849c0f9fc615d3a206332eaf748e
train/aaaaakck_0_16.png,5b99c6b7e6357cb3f37283c7d910769b
train/aaaaakck_0_21.png,785047fe3375402bf6698116bca11061
train/aaaaakcv_0_2.png,ac660c60ced29516d19b68ccccbf94da
train/aaaaakcv_0_4.png,efc6e218866d3cb132100ce48548ca40
train/aaaaakcv_0_44.png,d347951223ba17f3abe9e53622e9b21c
train/aaaaakcv_0_46.png,ca348eddad16d9ca000b0064e5d530de
train/aaaaakcx_0_10.png,a1d77cbb0cae53be20fb338ed7db043d
train/aaaaakcx_0_2.png,884ba86999278f5824cd184110b6b23a
train/aaaaakcx_0_33.png,b076968a27d37f4c320ceb00b0a618f3
train/aaaaakcx_0_51.png,9c6d8aa9ff0a1285c13ea97e56a27010
train/aaaaakcy_0_40.png,c8cb5fc2b2f53f18fb83306200c76b36
train/aaaaakcy_0_43.png,650deed426792d66a3d1ca0b863b66f4
train/aaaaakcy_0_44.png,0ef4c3598649451758aec4d9cc4a15eb
train/aaaaakcy_0_61.png,104ce604b5ba9ea853aa37e178c02da9
train/aaaaakdj_0_21.png,6eb7ebe7c982ee11ccc820cc1c1e69b4
train/aaaaakdj_0_30.png,3892b555c5116f0f22d02d64d607688d
train/aaaaakdj_0_42.png,84ad37c1e181c14fa0c5fad6fe132344
train/aaaaakdj_0_47.png,3fee0abbef511b7a32e10a4257432161
train/aaaaakdo_0_45.png,2f4676d1d1a1cf984b954c6e5ba39ffe
train/aaaaakdo_0_49.png,7140834773142628d16279616c134161
train/aaaaakdo_0_6.png,d3b65025eb72d4e373e3383bc006805b
train/aaaaakdo_0_8.png,84d6cd84f5cc82d0179a35827961a23d
train/aaaaakeq_0_17.png,00656040b24b0cae65c854031f219cc7
train/aaaaakeq_0_38.png,996d532c6e562f353118f8eaed7a8a65
train/aaaaakeq_0_54.png,e214f2837f9328027402a1912b398cf8
train/aaaaakeq_0_8.png,6c50776b98510cebb59a356f8a0beeac
train/aaaaakeq_1_13.png,cadb961aa77ddc1c3d44a18b0c71ffcd
train/aaaaakeq_1_40.png,442f1efb54202b5bee48a0ce88f231b6
train/aaaaakeq_1_54.png,289ea75b55bce5a8ae0572791fbf63fb
train/aaaaakeq_1_8.png,04879393742f675d78d40c7ec4b0e319
train/aaaaakeq_2_17.png,0aae113af046d8103a5ebd319b5afc8a
train/aaaaakeq_2_32.png,b1cfcc9d8c4f87701a9852b6a0f91d20
train/aaaaakeq_2_37.png,6abffe41ed5d2dee1a97f6c9a0d01dab
train/aaaaakeq_2_47.png,10f5bc5e1958ba1aa53eef7016fda866
train/aaaaakev_0_19.png,b64afa98899781b4d9002120073292cc
train/aaaaakev_0_25.png,01be2b2e3341621c976ac3d8f897ed6c
train/aaaaakev_0_3.png,626337b27c767b545c67098e93bce02c
train/aaaaakev_0_9.png,2fb0e5358def20e88ea8288f2641945b
train/aaaaakfq_0_1.png,980a17973ac36ac82f05ca9dd9f9d98b
train/aaaaakfq_0_3.png,306aebcb5cd73143c5627407434d88f8
train/aaaaakfq_0_41.png,43aeb8bce22d4f36621b4d9ca1b2746d
train/aaaaakfq_0_54.png,4a4451ba2429aa19fdca1d71e3ea9b66
train/aaaaakft_0_16.png,79433f8b919578bffeffbb8e210ac2f3
train/aaaaakft_0_56.png,a51978d53c4f3f2f5806722092dad9a8
train/aaaaakft_0_62.png,158eeee839ac67bfd0302eaba604f107
train/aaaaakft_0_8.png,3aee49d0dc861bde91f529bc9008313c
train/aaaaakgp_0_25.png,218993d43ae2e0a6c51d690eea395b27
train/aaaaakgp_0_3.png,59c0624137a66e1a4d22e511167794d2
train/aaaaakgp_0_42.png,fdf45f1e658767dd7bc57f58d88b3faa
train/aaaaakgp_0_9.png,b7408d99bf764d28e955b8f43deb9f5b
train/aaaaakka_0_16.png,fbd712134163a19060e5b0b0caf6c8f6
train/aaaaakka_0_23.png,5842c4e11698b03d6381c55731b51c73
train/aaaaakka_0_36.png,c212ef5a16bd89c91a2461f1c62ed9ac
train/aaaaakka_0_59.png,23f9cf40f4cfc95ef90c7d4fb1592284
train/aaaaakmg_0_29.png,24c9d725c663d89ec008c8ed0fb87f00
train/aaaaakmg_0_33.png,4a4c04c68066f8ab506c60438f848aa5
train/aaaaakmg_0_35.png,0a6368a9b6b2377ec5489afc7ec0e609
train/aaaaakmg_0_38.png,b4a115048c9d8b963a378bd576e7334c
train/aaaaakqr_0_0.png,8e31336b86b736fd76a2a558c947d983
train/aaaaakqr_0_2.png,341dbb5f729977baf9a274d3c32af451
train/aaaaakqr_0_40.png,ccd571645e19b2148627d013fdd7e3bb
train/aaaaakqr_0_49.png,f0e5639abb54cbd981a1957998634af5
train/aaaaaksb_0_18.png,dedf4ce8ba2866903d12f7291f9023df
train/aaaaaksb_0_24.png,2b6e7a8dc550ca2a5cbad8e9510a9484
train/aaaaaksb_0_31.png,33aa3740f52f045fc7ddd11153653fd3
train/aaaaaksb_0_47.png,9fa8f054b1fcbd9ec61a29679c7064ff
train/aaaaaksu_0_35.png,4cc03fe87a70e03457eff7b1b465c2a5
train/aaaaaksu_0_40.png,5d4e1eb03e01976ca6aabf9c647b8a8a
train/aaaaaksu_0_41.png,ff45d099473d9f3c3669577491980aaf
train/aaaaaksu_0_9.png,5d9dc04a47540ef92c1d0031c2cdba01
train/aaaaaktz_0_10.png,aa6bb204e96d031e86b39eb4c4dd4bd3
train/aaaaaktz_0_13.png,ec9bbf0fb34187c28cd62b9b4ad9ff7a
train/aaaaaktz_0_40.png,1df9071edf02e8b10d2a70f6c259e779
train/aaaaaktz_0_53.png,9d0ae2de0ebfa0d0421be9c8334ba737
train/aaaaalbt_0_22.png,d410b502820d80272c55ec67ad975d08
train/aaaaalbt_0_27.png,0ff3bfae84d333821e4226c40da936d8
train/aaaaalbt_0_48.png,fed5ff820b4d95ffcd159a0c3d2aa7d3
train/aaaaalbt_0_52.png,d007d3434cac55ebbec7437086501884
train/aaaaalbt_1_19.png,89d9ea1ca959eab5cac2ec06bee84570
train/aaaaalbt_1_24.png,ad2d940ba8e9df988e60d295756b66ba
train/aaaaalbt_1_32.png,2a7efb3ac033548a3e6b9c444c42eadf
train/aaaaalbt_1_43.png,6175c4809e9390c639c7bd732ec677f1
train/aaaaalfj_0_15.png,845a0ad7b86c0070f318293b4a44b950
train/aaaaalfj_0_2.png,eae00d93d9fd616e5d0955fa8633a9b1
train/aaaaalfj_0_47.png,7c92d369ee03886cd41f9cd83099e3f1
train/aaaaalfj_0_48.png,a2e883f48a7a23c70bbf0181419b5f96
train/aaaaalfj_1_13.png,96d1401bd020a9f48325f5c5fb25abe1
train/aaaaalfj_1_20.png,c97f04755d7d19a7fd1e936981800079
train/aaaaalfj_1_39.png,55f4686a58dbd568bc805cbaa5765d26
train/aaaaalfj_1_9.png,c298fda38c4884e2cfd5d84434e8550f
train/aaaaalid_0_10.png,442ac94b5c4e6f3f053d85c645fbd9a0
train/aaaaalid_0_12.png,d67de8ef3bb53e62827557f2959cd340
train/aaaaalid_0_20.png,21b79ecbaaef0060385d71c366d5b0f7
train/aaaaalid_0_7.png,85a582cd25dcf4cb8c37fa7b5d38a4f3
train/aaaaaljj_0_36.png,83823c8739311a4037eebbd21289736c
train/aaaaaljj_0_4.png,6ef88f25c90de827b913b0217501fd1f
train/aaaaaljj_0_44.png,93e459d98613c6cf20cc545d855f57d2
train/aaaaaljj_0_59.png,5b9a07448800e7827da652d574e8a521
train/aaaaalmh_0_12.png,b2a443e12975012c12441a454e119535
train/aaaaalmh_0_23.png,79863c71e3451010e2c353ef6b0d4d52
train/aaaaalmh_0_46.png,399487d644e8bf7b4d8746512754aa85
train/aaaaalmh_0_57.png,ed62ed67945820a62fe0e7e9966f6577
train/aaaaalnt_0_38.png,2088b50693854245a26f3fcc8857d131
train/aaaaalnt_0_4.png,9f6538b0cd9fa0b3576f2a853801b81c
train/aaaaalnt_0_54.png,59c778af5ce078f8c232e1074c55cc3b
train/aaaaalnt_0_59.png,a73b54c9d9e630abd5f04a767eabe37d
train/aaaaalox_0_22.png,ad963d561e35fc3d0b137bb2302eabbc
train/aaaaalox_0_43.png,efea35a358e8ffc2f8e286ee61442985
train/aaaaalox_0_47.png,eb87105c92f34e674549b0578a4e020b
train/aaaaalox_0_84.png,341885a680b428fa8cb02b780ba01bc6
train/aaaaalqa_0_16.png,cfdb611371c6f81a2992afc560b74c52
train/aaaaalqa_0_24.png,649012a1e3e1e662502c94e8e9ba2205
train/aaaaalqa_0_37.png,78e10b690d4275c674c614fb6405c7b5
train/aaaaalqa_0_58.png,404ecc0e8fbf714b41704dd4475182d6
train/aaaaalqs_0_21.png,621e742d91cae24af524dffd642df025
train/aaaaalqs_0_3.png,37338a23b773710914d816a5d8e85599
train/aaaaalqs_0_7.png,e4742389d6fa1daf3e9d8c0778d1939b
train/aaaaalqs_0_8.png,9b6fb5d5be9fa5dc80948a96ddee678d
train/aaaaaluz_0_20.png,576124a51feaa25fef006dbfbdc931bd
train/aaaaaluz_0_21.png,2999e9eda4a8e9d81508c43ff04773ec
train/aaaaaluz_0_45.png,17d44d8046a725c611d42e4bbb982e3e
train/aaaaaluz_0_60.png,9f98738d3d381e4e7e32a683d02f3ac9
train/aaaaalvw_0_30.png,b5fdfc7274d20671a97daf39d4b4e9ae
train/aaaaalvw_0_37.png,71e4d4fbe4b41f6d3e58c808ac516f1c
train/aaaaalvw_0_40.png,d284f34bfb50992bf4748e83dba337fa
train/aaaaalvw_0_7.png,e046bccccd781aac56e682318f1fbc43
train/aaaaalxk_0_26.png,ba256c7186642c9f5d11074a52d7938c
train/aaaaalxk_0_35.png,11a8cfefd164dd096c2501ad0de76169
train/aaaaalxk_0_44.png,a168a45930246e7f1e427022269b9284
train/aaaaalxk_0_45.png,347dfaeb59451f502014cf2b8e831cf3
train/aaaaalzg_0_13.png,2e48621204bdf8b001625ca40c42468a
train/aaaaalzg_0_14.png,ad57741be90788b1b93b5888ff1d129a
train/aaaaalzg_0_5.png,7f121def3644f576fa29366509d8cbd4
train/aaaaalzg_0_6.png,3089343bc83aa3b7f76e12ca5c38ad57
train/aaaaalzg_1_0.png,9eb0d77e9c225ad699aab307de5592be
train/aaaaalzg_1_20.png,9bdc4ebbcf678b10016eed36a6365746
train/aaaaalzg_1_24.png,0857c6a10767d3e430fa05ffd114e879
train/aaaaalzg_1_26.png,1c5bdcb55f98c1536e280684d316d508
train/aaaaalzg_2_115.png,5656cfa7d37e2388f421f2c53b829d3d
train/aaaaalzg_2_173.png,01db5762b086375c01e947665ac0b8a4
train/aaaaalzg_2_224.png,0456ea862dc395d52f2a214c95b2bf2c
train/aaaaalzg_2_96.png,f8665553d713bfbeeec073c9fbed5b45
train/aaaaamcr_0_18.png,fff473a0f2f977175b1e1800c484294f
train/aaaaamcr_0_25.png,2a339ef08dbd9d5e82b5bceb7f7cd688
train/aaaaamcr_0_28.png,3bce697db2f6c73b455b5fd935a81c5e
train/aaaaamcr_0_8.png,6eb021cd96a9125bb6536f870499988b
train/aaaaamcr_1_26.png,66ebe120ba86a8b7034bd7bb09d1d8d2
train/aaaaamcr_1_27.png,46c63b540b6ce99640a26a029fab677b
train/aaaaamcr_1_5.png,925c05c24a7a5505b1698d75ebbae003
train/aaaaamcr_1_9.png,8783d91059c6d97a7b82082e23682263
train/aaaaamcr_2_16.png,240dcfe2537c53e882cdd47c0d43147a
train/aaaaamcr_2_19.png,a60ff9b1ff3fc2140a68b4c9d039eb30
train/aaaaamcr_2_20.png,ccccf98eba7c11b531f7057deaaa38da
train/aaaaamcr_2_22.png,0dcb333da5d9ec98a172edf8e18a85d0
train/aaaaamcr_3_12.png,03e56267fdbe09c6032930b838d083c3
train/aaaaamcr_3_21.png,d86c29d5b0a86fa00681c5b8572dc542
train/aaaaamcr_3_23.png,52849d2c2eb130fe7fc4956205500ca4
train/aaaaamcr_3_27.png,f2e0124eb0e7abf87f78412d647b76b6
train/aaaaamhb_0_3.png,288f63f8ccf611ffd53d5d8dcfaa8711
train/aaaaamhb_0_41.png,3389899938d90b76bb52d74751391c19
train/aaaaamhb_0_48.png,d23427b17fd90141695ba1f38ecc16e7
train/aaaaamhb_0_61.png,9db2d8d941166281584df1ae83f225a7
train/aaaaamhb_1_48.png,c0cbfcade7bb38777ebbb6d059c17441
train/aaaaamhb_1_53.png,64bc4e6eb2e9a36ea76d6caedd4e49cd
train/aaaaamhb_1_6.png,53ccc56e4e1ee772c7d623eb64fa1114
train/aaaaamhb_1_9.png,3a383004770fd7f6b111db3ecb97a019
train/aaaaamhb_2_0.png,7dd0ab011216d4222e225eae515870bc
train/aaaaamhb_2_4.png,b2cf026fd6f21b7e1342d41860cdb3d0
train/aaaaamhb_2_43.png,1e647310794b8feb7cadabd956be8536
train/aaaaamhb_2_6.png,7057e75528d2a9f0748d1d7956bc43b7
train/aaaaamhb_3_0.png,6072e246c31f79b7244e05a3d50cd11e
train/aaaaamhb_3_22.png,370683b5826d9c078858a2ddf5138674
train/aaaaamhb_3_6.png,5e12013c2b8b5c4ade32a70a8181ff58
train/aaaaamhb_3_7.png,a27ce74c9c378e3c977dc61859861f69
train/aaaaamhb_4_11.png,3f69064f1323e1689d747f3bde89f137
train/aaaaamhb_4_15.png,a1df349c52768f8d042ef46b236d1a57
train/aaaaamhb_4_16.png,c363351f62566e55798c2e16a4967bc1
train/aaaaamhb_4_21.png,b802f106236b2c32c5c41152533a190f
train/aaaaamhb_5_24.png,81f942e66f8ca1afaa861219de7917f4
train/aaaaamhb_5_6.png,ca73b6d22c51bd3ca024843b94f93d08
train/aaaaamhb_5_8.png,d06da1a6ce1a6f83aaf887371593d236
train/aaaaamhb_5_9.png,dd1e4eb4e9e3fb0a2ceae4da1f8ad070
train/aaaaamhb_6_1.png,317fe6a10a2af2c0bdcd7ca2bb40be0e
train/aaaaamhb_6_22.png,f7ffec0fae42be6a41383278c92eaa65
train/aaaaamhb_6_28.png,4e9ccc20ae53e1ebb446427c68705838
train/aaaaamhb_6_55.png,9b6896e520a99c730d7564da7be3847c
train/aaaaamhj_0_1.png,965f3b3598e26d6946344e77c0a45eee
train/aaaaamhj_0_2.png,c485cb165084da456b6c485d66f941ac
train/aaaaamhj_0_24.png,20591615ddb00d4ba6bffc96bd00571c
train/aaaaamhj_0_6.png,2d542a0a7c882149c615ba4440d0f100
train/aaaaamnq_0_24.png,ab936f9f899cec769b9c2fbcb2a80633
train/aaaaamnq_0_28.png,05ef2e4701afc47e62b23c4e2f645831
train/aaaaamnq_0_41.png,e5dd9a134cd298ad656234ad6d0e746e
train/aaaaamnq_0_54.png,803f6f473bfc8f597aea876a6154baa9
train/aaaaamob_0_70.png,4938284217e1993d336494aa13072538
train/aaaaamob_0_78.png,20410c6c2e2f0223539591fd8603d1f6
train/aaaaamob_0_79.png,0fad83b4918dbc436fdcca629d77d8ae
train/aaaaamob_0_80.png,76a609e8d25365f3401b0af56f3e0919
train/aaaaamob_1_36.png,1a18b662151cd8343bc4a52a9eb5c35c
train/aaaaamob_1_37.png,351730ff448efd43659faa2ff46f0af0
train/aaaaamob_1_51.png,3e6fe021e6f51ceca0ed1c86d2368cb9
train/aaaaamob_1_7.png,63e56c7a019fa752ce9d4c8c402c00c8
train/aaaaamon_0_25.png,811aab7797d7093f68759e2fa6e8d244
train/aaaaamon_0_3.png,b34f48afa5a962999a9004ccfa5270b1
train/aaaaamon_0_38.png,b5fec39ff979d2a9b6332c47052dde45
train/aaaaamon_0_44.png,4e69a010123ef72bafc703499c67e54c
train/aaaaampz_0_27.png,1859b0b378873cf3077105a1083c85b1
train/aaaaampz_0_28.png,219a10199bff0e0827f0aadba64b9b96
train/aaaaampz_0_45.png,7d5568cb9bc5f2f99523af5e6dbc154c
train/aaaaampz_0_7.png,49b817e440e02dc6a25bf5e513794e90
train/aaaaamqc_0_18.png,4d0b7125cece9a21836ee86b7f464048
train/aaaaamqc_0_30.png,db490f1cfc2edcdfc096302d6e9c0864
train/aaaaamqc_0_47.png,3beba0ffbd1723d71836fb4e00e7809f
train/aaaaamqc_0_54.png,adf54e09d35ffa2291f2fcd223bb3388
train/aaaaamsc_0_11.png,d812cea3e06950305e262f4fa2d9c809
train/aaaaamsc_0_12.png,417cbf56e6018b32e25765302c5e9580
train/aaaaamsc_0_24.png,1b748a0153193f8b6f875aa09954d7e9
train/aaaaamsc_0_8.png,a724d9499ac671e80ed1b44fb86407ff
train/aaaaamtj_0_26.png,d36a44170cbf5ab3c1e33e01eb7c64e2
train/aaaaamtj_0_29.png,fee162170eea2ea363b4cc346c638605
train/aaaaamtj_0_41.png,365588c4fd8771188f7826c45aba7257
train/aaaaamtj_0_42.png,42a7a0aa3110b48b4f24a658bb33528b
train/aaaaamyb_0_13.png,7b14eeadff48598d700316f75166cdab
train/aaaaamyb_0_49.png,9c62da34e8747a458aec8cd1e55bb9c4
train/aaaaamyb_0_63.png,8a0087897ded66cfee012ccc6a1d52ea
train/aaaaamyb_0_67.png,ac27e9cf5a2bc07ec5705f5f45460647
train/aaaaamzf_0_27.png,10eea7c0146afa43078d3796b860ce90
train/aaaaamzf_0_4.png,9bcc0745344792dcacb8caf63b40029d
train/aaaaamzf_0_49.png,5f431feedb977415ed508153d4b31959
train/aaaaamzf_0_57.png,57ce30322bcf77b8b0b74ee02b0ed4be
train/aaaaamzv_0_19.png,5a513acb21d91a3e3d86bc1ee007c240
train/aaaaamzv_0_22.png,76e77aa8ca60b075ecf1074326cdec33
train/aaaaamzv_0_41.png,8e9771e582c869aa42e50aa7c7efbcdb
train/aaaaamzv_0_6.png,66ae5a243cd7b17167cca7dc3d1919d1
train/aaaaanbp_0_10.png,cb514edeef5a5337f98d5ea247e61682
train/aaaaanbp_0_13.png,d9165bfcce6ca2552b52b4b278677425
train/aaaaanbp_0_14.png,8a47f37448d91ba2881079c61d446da8
train/aaaaanbp_0_18.png,2cbc13583dd697d04151276688837011
train/aaaaanbp_1_22.png,2481633efef50c1116900f5032465ff2
train/aaaaanbp_1_27.png,5ce3cb0e87702595860e8659fd78576e
train/aaaaanbp_1_30.png,9ccd6bd553ee5dcb36c85c9d5843bb2e
train/aaaaanbp_1_54.png,26822090f7c3ef727b7c053041bbafc4
train/aaaaanbq_0_27.png,71dd904fe7afdd48449137a43c5e09de
train/aaaaanbq_0_30.png,4b085f05088f1bcb2272c031bd2dcda4
train/aaaaanbq_0_50.png,c5071b2aa52ac424c476bfdad15baf9f
train/aaaaanbq_0_66.png,e27b35fa35131027b431d6a0dbcb7a68
train/aaaaangp_0_0.png,fd94fc25d535e860cff2ea821406878e
train/aaaaangp_0_2.png,a72f1a07a0b1b3c1387dbfc40ab7a02e
train/aaaaangp_0_35.png,35b92d352c43f235a3a2e5161b639c2e
train/aaaaangp_0_44.png,8753c5d74afac6914af22edae3ed23f8
train/aaaaanhb_0_0.png,55a5ee12f4dc3ba266a712a3277f62b9
train/aaaaanhb_0_24.png,3ad9a5155ef7f4e049854f17d58aa2a3
train/aaaaanhb_0_27.png,eb77b6a7365f4d87235c9638baec38f3
train/aaaaanhb_0_33.png,f7e352e118892aa570ffdc42dabceb68
train/aaaaanhb_1_17.png,33ebb95d8e1c4e59f6962c59ea2650d4
train/aaaaanhb_1_29.png,3fd8c68db3792a9a524bc7e091e6d849
train/aaaaanhb_1_43.png,2a770b426cca8c2a7378ee0e7778e0d9
train/aaaaanhb_1_70.png,8b7e3eafa2b9ed8ce9e1e74bd1ecebe0
train/aaaaanhb_2_17.png,0a7b1308d7288faec3c891ae36b6f266
train/aaaaanhb_2_18.png,109508174b36aaaac66a46d418695151
train/aaaaanhb_2_21.png,e54e894e215882caaf7d685bea84e167
train/aaaaanhb_2_29.png,7de0e94b5fa2140bfcd73a8078ec7b35
train/aaaaanji_0_20.png,dd1a6c5d4c3ad8a6719a8721045fdc7e
train/aaaaanji_0_39.png,8e7af8e2caf2c4966cffbdf785390b4a
train/aaaaanji_0_46.png,3374ac2e37607fd63e2c5cb09c3fa5ce
train/aaaaanji_0_57.png,451f6f2c546730149cc93192b8457b5e
train/aaaaankc_0_27.png,4f76fdb97d3b5425d71e371bd565d247
train/aaaaankc_0_29.png,fb95717ccefa3bc303eb8fbc5d8365d5
train/aaaaankc_0_3.png,c6779a349f95bcdcbc9b8a7321029626
train/aaaaankc_0_7.png,1c5e2e9186f6c1be6cd6a3d86b1afd70
train/aaaaanlp_0_11.png,b95e1db7e46be516e2f98c332a4b4a84
train/aaaaanlp_0_14.png,81df6ee06adb362f42c74c4b9260cf58
train/aaaaanlp_0_33.png,f9f5428430abfa56105d86f9b5949d5f
train/aaaaanlp_0_37.png,0f3302de934462a8d0c124e5d6a40ec0
train/aaaaanpr_0_10.png,9150233aaa838ebb9db7632f2e151fa2
train/aaaaanpr_0_28.png,0d23eff0c398d3679efda5ee15538cfc
train/aaaaanpr_0_36.png,9c1fab834a619add7873786bdd212a28
train/aaaaanpr_0_39.png,b1435b44955bef7b199990070763cc72
train/aaaaanrc_0_10.png,00015c1dc492058558b34b900ded6845
train/aaaaanrc_0_19.png,383a1b67e8689416aa78a2409f29aee3
train/aaaaanrc_0_23.png,00e24928da14cba41114039997aab354
train/aaaaanrc_0_5.png,d2992e258a8406ef3ec1238db222f06f
train/aaaaanrc_1_10.png,b7b5a0bf4bc10ea22ce6761de40392d7
train/aaaaanrc_1_23.png,5bfab84fb649eba344a035f4cd1d46a6
train/aaaaanrc_1_3.png,ad7329119aa79b2536c4b08d3880019c
train/aaaaanrc_1_8.png,24c85dbd6eae065254f9fadffb46cc2d
train/aaaaanrc_2_12.png,930f02f37e383e6538cfe25d7bb5dac3
train/aaaaanrc_2_2.png,72133f20cf4387c4d3efab46338db428
train/aaaaanrc_2_3.png,c814ecea0ebc4ff5aa4a916baa3d33d3
train/aaaaanrc_2_8.png,5393d0673be403189f39ced3df23a26a
train/aaaaanrc_3_16.png,af70f121d8b4045796a1335d46cfeec4
train/aaaaanrc_3_19.png,7f6137083f3614761348ead783af93e6
train/aaaaanrc_3_24.png,bd40caa6b2a7d55e1537afcb7b76c827
train/aaaaanrc_3_25.png,e3abbff1468fbba1b7fb3570a9fa939b
train/aaaaanrc_4_1.png,ce872e2b39223586041ff2424a932de3
train/aaaaanrc_4_13.png,849b847651d5879acb609e5137b51178
train/aaaaanrc_4_3.png,cafcf46d7cf675cf80ac2ab676493065
train/aaaaanrc_4_7.png,7b4e8d91d82a6c9012d2d5841b5799f8
train/aaaaanrc_5_0.png,a4d825c11b60a4fe37a979d6302249a5
train/aaaaanrc_5_2.png,572274cf3acb16359e8ca562d6b5f1e9
train/aaaaanrc_5_28.png,0d9e14b4d0d860b96bf357da6f103931
train/aaaaanrc_5_8.png,b7114be7eecb57c5f151ab09dcbef7e8
train/aaaaanrc_6_0.png,a152acf6ea436355a7021fa57a7b451d
train/aaaaanrc_6_1.png,ad787154095f201ce1ead32fa0421c40
train/aaaaanrc_6_12.png,9ca4921b879154136e466f8688ce10fe
train/aaaaanrc_6_6.png,382b43841ff90f03c5cd97386ebf7a61
train/aaaaanrc_7_11.png,6c8a257bb0e9210e9c662cf68ec20654
train/aaaaanrc_7_12.png,fb0a2570e1111882b6c7093111ff0948
train/aaaaanrc_7_5.png,efdbabc64153d84ad5b6a9b4628f318a
train/aaaaanrc_7_8.png,0f8a0d9321ff4ed72a5769fe0d57e36c
train/aaaaanrc_8_0.png,17eb479e5c32f831570292badba05fa4
train/aaaaanrc_8_2.png,7216e7a160eae67798ba85d4102a5461
train/aaaaanrc_8_6.png,fb1d266db5119b0a0ab61ba23e921f14
train/aaaaanrc_8_7.png,09ae823b413e7ab795ca68ab7a1f1b2f
train/aaaaanrc_9_0.png,676f1a4afd6c60164bd7ba3ceed27ebc
train/aaaaanrc_9_18.png,482256245080315c312805b7f4713db5
train/aaaaanrc_9_35.png,d2c8ab228b8d6550112b12970710dffb
train/aaaaanrc_9_39.png,0ac8a73ff0f9baf4b400ac819338c2ce
train/aaaaansj_0_15.png,c5599702957130bf8621774fb8fe7a71
train/aaaaansj_0_36.png,748bf06a08221cb8cac2abca35e375e2
train/aaaaansj_0_45.png,007f079be3a9cc9d0f3de5caf7565f8f
train/aaaaansj_0_6.png,f32fddce1be46629f719e0669be11c29
train/aaaaanta_0_5.png,d5947190dbd695c3852a0ff8db297447
train/aaaaanta_0_54.png,a463629dc324b26227abd97ae5902320
train/aaaaanta_0_65.png,6275c06aeccc3a579afad488ceba1350
train/aaaaanta_0_7.png,c6ea3fd57afacbe0345a5413a784ab63
train/aaaaanum_0_25.png,2e29ecce271c40239a8ca16c05c5850c
train/aaaaanum_0_34.png,9943fcf39b84ff208d1dae793c0991d8
train/aaaaanum_0_41.png,16d39e26b30db4e1218595a7e9d7bd8e
train/aaaaanum_0_59.png,d60089829867bcf98840cb12ee1644f4
train/aaaaanvb_0_17.png,c3b8346772e5a8944d92aa545043180b
train/aaaaanvb_0_24.png,94c99fb257dc2676d35266b3db864c8b
train/aaaaanvb_0_54.png,c2b6d3e592339841156f390d2ea3d00e
train/aaaaanvb_0_77.png,8f12a7cfd296863e1a6949917bc11ed1
train/aaaaanvg_0_0.png,aa09e956a5f237fe8bec5f8028cf762d
train/aaaaanvg_0_10.png,e979f6ada122c1476bc86f5a6e3e6458
train/aaaaanvg_0_11.png,6410cb339d6b50dd6a8ec3c5c06ec9c4
train/aaaaanvg_0_37.png,13d388a9e3483f5eb8861bb120948a57
train/aaaaanvw_0_24.png,3f0fc74a626fadf2d22cb70979007ff9
train/aaaaanvw_0_31.png,c257528ad3a910538cb201712474fe88
train/aaaaanvw_0_34.png,f173de9d45bfd0cfeece523a35958573
train/aaaaanvw_0_44.png,a623fa567df197ecc027ca0ff0422e80
train/aaaaanwc_0_11.png,8c2dadd7d1a6b79ff3007095cfb887e3
train/aaaaanwc_0_7.png,a112f4eac007c144791fd4bdfcef59b0
train/aaaaanwc_0_77.png,c2c27c7d30734128e62c7a0c5d70505b
train/aaaaanwc_0_80.png,a142a03e6d07f9f551f28c80c5cf77fd
train/aaaaanwj_0_2.png,9e0f2f241f59d8c7043527d87a6a7436
train/aaaaanwj_0_28.png,c0ca9e88b6d2c8b874894d06af47413a
train/aaaaanwj_0_44.png,0c0dac93cd0055183358deb556a5bdf0
train/aaaaanwj_0_54.png,67ff3ab5f9439f60bdeca39fa861fbc2
train/aaaaanyb_0_102.png,70415f52eb6f262b02f822326524c24e
train/aaaaanyb_0_128.png,ba3ac7e7359dfbae113f027d37bc13c8
train/aaaaanyb_0_2.png,4c8b1a4439b3d1da18550de7cf588c74
train/aaaaanyb_0_77.png,3fc0523833187c46ad50a0de08b9158c
train/aaaaanyc_0_27.png,baebfd8dd1c359af8597d6785d094492
train/aaaaanyc_0_31.png,3da78ee09bc056b952e2bc44fa51f52a
train/aaaaanyc_0_53.png,cb12655756fd4416c6a7c5fd08bfd7f1
train/aaaaanyc_0_61.png,8dee1fd4fef882af47ae2781f22edabd
train/aaaaanyt_0_12.png,07d5c17f8d749d81d83b1389be538af5
train/aaaaanyt_0_16.png,e16e7fb698d82338fa57e9af94c70ff0
train/aaaaanyt_0_4.png,d1053c906c4c7e17907b1a44d3001cb9
train/aaaaanyt_0_40.png,2bd2ce313e72853572540a3e6c65e20c
train/aaaaanzh_0_20.png,b52c81879a5bc0410004f65f413d63b6
train/aaaaanzh_0_21.png,19469b727efc1f2fca020687b5c628ed
train/aaaaanzh_0_37.png,f4378ad927dd332304c9519ceb968151
train/aaaaanzh_0_50.png,dee7ae9574417ec7709144a80b1c6a73
train/aaaaaoav_0_10.png,f92c1cb7d4477bac335ec8bffa5d46a7
train/aaaaaoav_0_13.png,97336e2e5731a57d55a11cd85e9ef966
train/aaaaaoav_0_14.png,daadb2ea58d133c9bbef88be7d030975
train/aaaaaoav_0_41.png,d967166754378ccaa702b9ee365de9d3
train/aaaaaoav_1_1.png,72d47946ddfed039eb35772e55a834ae
train/aaaaaoav_1_37.png,5395cff5cc7a5e08bbda114afe8eccf8
train/aaaaaoav_1_39.png,b5a7cd5b4e01be76d0fc7a477f2c9517
train/aaaaaoav_1_41.png,8f18d12261b1ed4a745785f74590e3a2
train/aaaaaoby_0_24.png,70338a52ac594d4e66b3245d3eb02ea8
train/aaaaaoby_0_35.png,9695120c23bc4facd538343d6d99d49a
train/aaaaaoby_0_39.png,5749cb289f659d6c3a5b731cb1cf186b
train/aaaaaoby_0_47.png,31b0bde8f6a7e1e1557ba73a93f1561e
train/aaaaaoeg_0_1.png,b026475c0921b955335b4fd6c2c51be1
train/aaaaaoeg_0_3.png,d416cab9485cc96cd66d891f819c4911
train/aaaaaoeg_0_46.png,529fc25676b50ee403e139adc1e300bf
train/aaaaaoeg_0_59.png,3f48745d9e24d7acc83424b0a7f239ea
train/aaaaaofj_0_12.png,76a64ae238abd4287aea5b14fc04393c
train/aaaaaofj_0_33.png,e68dc5c778b44efb471dec64d44804ea
train/aaaaaofj_0_35.png,877680aa8ec801831be9c0260d7443e7
train/aaaaaofj_0_43.png,df703cf3f1d18bb248ba0804c6886bd6
train/aaaaaogd_0_12.png,d67802dd50f5ce52cc5018a8eac91e41
train/aaaaaogd_0_17.png,de2aed480252897a841d06879933d5c3
train/aaaaaogd_0_29.png,f022334599a4af0388e74fe497936bd9
train/aaaaaogd_0_4.png,81ed3777646d93185a54ba868b18bf3e
train/aaaaaogd_1_1.png,ddee3bd80ccd5ad7ccee1e0956eef845
train/aaaaaogd_1_12.png,a5789a1c82723997ba7b750e984a038b
train/aaaaaogd_1_13.png,1e7c05023130c3ceda702e6b8f25073d
train/aaaaaogd_1_14.png,5c2ac8df5be9815d91401d550edf25da
train/aaaaaogd_2_23.png,95bf2304743824e2c6243aef5a501586
train/aaaaaogd_2_25.png,6ee1a63b567c192653b773f9bca91d18
train/aaaaaogd_2_53.png,1ea4fb41d0dce85d98f1899ba15b0806
train/aaaaaogd_2_58.png,201fe46af415add4be745e445b212841
train/aaaaaogk_0_12.png,21b9d1eacb513327221aaedca1faa30c
train/aaaaaogk_0_16.png,941fc7d441aef15a219ce1d20cbabb6c
train/aaaaaogk_0_21.png,e0e57cb275206fee11ac772450cefd0a
train/aaaaaogk_0_24.png,f8e6b8f706e1e437c5e530c4c2331417
train/aaaaaogk_1_36.png,40205e6f4b4ff5841ec1a0e2249c7488
train/aaaaaogk_1_42.png,30bd0b537021ed522bad5d209456b400
train/aaaaaogk_1_62.png,d874b4cacf351da4faf4083660c5874d
train/aaaaaogk_1_82.png,20f86a68ba577b125548c286ceeff963
train/aaaaaohw_0_0.png,5ab3fe4b5e53137851e4511bfa736e9f
train/aaaaaohw_0_16.png,0f23e7ba287979202534c4aaafebda55
train/aaaaaohw_0_44.png,1f96a1a2b0bcafe1c5810ca3de1b9863
train/aaaaaohw_0_6.png,3e15671c1f7e40615f739f12cb672c9e
train/aaaaaomy_0_13.png,a205c1863a81c160f3b7712b588bb067
train/aaaaaomy_0_30.png,90f9e2749394044fd29529df107bfdc9
train/aaaaaomy_0_35.png,1a00073ef99339ee4e53d4e07edfcca9
train/aaaaaomy_0_44.png,501670d6925c0d94c2ebb05ed3fd53a7
train/aaaaaons_0_63.png,5d7342f19935320408c8030281fa60c7
train/aaaaaons_0_69.png,af94f8b2ffa8b414139e125331e2572b
train/aaaaaons_0_71.png,74f2a74180f315055fc11ae64aa867ca
train/aaaaaons_0_72.png,4465a77d82a44190b3016d058e560f36
train/aaaaaora_0_25.png,f2a6dd0a4ab53e8dc28794f2ebcdfcc1
train/aaaaaora_0_30.png,1b9427e16fc9eb3a616229b428b450f0
train/aaaaaora_0_43.png,cb286fce12156013502a792c2f54c537
train/aaaaaora_0_65.png,22c3efb0c8a10fe8efcfd127ce292fa7
train/aaaaaosa_0_1.png,b1f1d18413040be461b30b23998125f1
train/aaaaaosa_0_39.png,57ccf091a28f50f5e3a32ea4aabdb660
train/aaaaaosa_0_44.png,a2a7aacf7bca490a1e38218acc9ca921
train/aaaaaosa_0_55.png,f309e5e7efa22ba740296f136a2f5908
train/aaaaaout_0_11.png,153a3c1a4e7759f2f19397713e8a9896
train/aaaaaout_0_28.png,80cb165dd1a395ff2f22998d48e4d32a
train/aaaaaout_0_41.png,331c672b5ea5fa1cd2e4ca725b60a39b
train/aaaaaout_0_50.png,4aa0fe423b4baff7723366972d0777d3
train/aaaaaovl_0_13.png,dd1b12460375e718fb40146bf0a85356
train/aaaaaovl_0_20.png,1923145c6796e482d896f98985c5d5ab
train/aaaaaovl_0_23.png,03843b327ac78c08bfcf92f01cef2035
train/aaaaaovl_0_49.png,78b6272df96a1ac94775c831c8aea5a7
train/aaaaaowf_0_27.png,e4ca645e84e484058b584dd67d7686b7
train/aaaaaowf_0_47.png,fa64a04a1be946f701b402f4db4fb1d2
train/aaaaaowf_0_7.png,1e07e91143f2649555653f44fdc043c6
train/aaaaaowf_0_9.png,7ba05a2467fcc29002083918e5a748c9
train/aaaaaoxr_0_12.png,e548df9c59bf3ed0a879e79eb37a282c
train/aaaaaoxr_0_14.png,1d3d493af5d91f2aaac05370ea8d150c
train/aaaaaoxr_0_28.png,4920338ff393501719d6226c9382487e
train/aaaaaoxr_0_6.png,5699d7a1efc189dabbfac35c3514fb05
train/aaaaaoxr_1_17.png,e1de62014014ba73792c76ff4c0b4a83
train/aaaaaoxr_1_20.png,36882bcc9ccb3c4f24022bce8a8c1622
train/aaaaaoxr_1_28.png,ff1645a69525e72c91700919a2a749e6
train/aaaaaoxr_1_9.png,d15afb2d67269c9de001f2d6706aaae1
train/aaaaaozv_0_13.png,5d3a914d904699cd2f1c1b211d16a667
train/aaaaaozv_0_14.png,6136e7331dc97f04ca1e59e19ee4e8de
train/aaaaaozv_0_6.png,7bb941ff174aa11fac53982e10db9188
train/aaaaaozv_0_8.png,f483dfd284f2437629cea8646f808085
train/aaaaapar_0_24.png,17f35131b99e647c978d0dfcde17b0eb
train/aaaaapar_0_26.png,fd39bd8a02f7762ccfc6194ad6f882d4
train/aaaaapar_0_5.png,3d6c9319b80db703b70d3f63c9f59e7a
train/aaaaapar_0_59.png,1a232abba886e4586f2e969e00ed6fe7
train/aaaaapcr_0_0.png,5c7da4bd95e28ef8635704f5ca5982f2
train/aaaaapcr_0_12.png,58c50be1567ee4df9eb378cb4e0e15fc
train/aaaaapcr_0_13.png,2cab6eb9f54e5b84bb80b1214c0a41b9
train/aaaaapcr_0_4.png,6d4f80e4812b7647dce3965375b32a45
train/aaaaapcr_1_17.png,e07c33eb674a7ff738aeacb3cdf85c16
train/aaaaapcr_1_19.png,bddf9dfa49b69da6d47a51274217c386
train/aaaaapcr_1_24.png,cc851af0b8a47e7059d80bbbca4e478a
train/aaaaapcr_1_5.png,07c00feb8556dada6f62007ca79664e3
train/aaaaapcu_0_104.png,7a6916e51f0ac3981d9f396d60f46d6c
train/aaaaapcu_0_27.png,a82d121dbd3c53ed3b4ab9732942a1fc
train/aaaaapcu_0_80.png,b584b777edcea3ba17aff646b66e158a
train/aaaaapcu_0_91.png,de35315240bf2d1bf0a1d8b22013484d
train/aaaaaphs_0_52.png,d05e084c0b7187c4d6ce944a7bf558fb
train/aaaaaphs_0_59.png,267c07454b22eae3a81c01a45816beae
train/aaaaaphs_0_75.png,f827e0a7a773a72ec624a98dfddfe919
train/aaaaaphs_0_9.png,5273d73173e5881881d72ab95b804924
train/aaaaapkv_0_17.png,5c33e66377ccceac9c63be808d5a83a4
train/aaaaapkv_0_28.png,eaed518ce000c7b10a3361156c317946
train/aaaaapkv_0_6.png,9fc9517b86ce58cbab86fe8cdc7d0f4f
train/aaaaapkv_0_75.png,f3f1e4145236e055f45e8e54accf0c41
train/aaaaapkx_0_12.png,87af073b3bdeaf7fb5c40f053dfdb4b0
train/aaaaapkx_0_17.png,a66bde88de361f02446ee92bff60a9f3
train/aaaaapkx_0_37.png,dc9f0e1995bd086b91a8896f886bd550
train/aaaaapkx_0_5.png,1adef594f4baa62f33e5a100fd3cbeef
train/aaaaapmb_0_21.png,6bd7a3bbb137ac5f7e805aeb5b3b2345
train/aaaaapmb_0_24.png,54cc0f9cc1e29d7fa2a287dbd040ba2a
train/aaaaapmb_0_40.png,57c156c1b65f0defc8eac281e411ec4e
train/aaaaapmb_0_8.png,7928bdab02dfd69d8f364cfb1ba8a2f8
train/aaaaapnl_0_20.png,1cff87029ff70ac8415c295182a22aa5
train/aaaaapnl_0_22.png,97c7118c1ffda280440717d51bced567
train/aaaaapnl_0_25.png,7d609d15a7a0a2df57b869d79be9967c
train/aaaaapnl_0_29.png,93d1193b040369b60b44ef8cc8365b08
train/aaaaappv_0_10.png,1cb6ecd0d794180bf31f007e7238e7d3
train/aaaaappv_0_22.png,ffa649697955c1a02d0bdbfa44b399bd
train/aaaaappv_0_24.png,ff9bbf7e0b58365c74d14f781fbc892c
train/aaaaappv_0_4.png,36d5e767579d05a1e9bf19a7bce07658
train/aaaaappv_1_1.png,597d180555ab2730f91e074ed06158f5
train/aaaaappv_1_12.png,cc13292bc5509d63a16a66040fae6478
train/aaaaappv_1_13.png,9757ce20a2ac888008afd6a8322e6929
train/aaaaappv_1_7.png,06fb8ccb4c8c9f2f45e57749f53d35d5
train/aaaaappv_2_14.png,81e2e57f81414b991699d71fabdd0e9d
train/aaaaappv_2_2.png,ca6a7baffbf56c017373902586a8df23
train/aaaaappv_2_6.png,29fe25d28b019517c324bd5e6ae150d5
train/aaaaappv_2_8.png,25b9a93c96e72c2d70ca73eb2652f0c7
train/aaaaappv_3_14.png,64f245f921b2efdeeddbecc45610cdbb
train/aaaaappv_3_17.png,6a42a08ca5c6768259d427619ada343b
train/aaaaappv_3_8.png,4266c1992df48ed962e44cc6d0cd655c
train/aaaaappv_3_9.png,d752873c791b079758028670c9eaf58a
train/aaaaapqh_0_0.png,195fd8cc01fb34f1e5a01600f43debd1
train/aaaaapqh_0_12.png,68a48639ad743af6408ec51e33f54472
train/aaaaapqh_0_14.png,4a5f9143b5d86d96c463ac7c4533f900
train/aaaaapqh_0_5.png,d45b945fcd38857a13d11091030660a9
train/aaaaapre_0_0.png,a2f1655430ac543090876d766971bf4f
train/aaaaapre_0_21.png,0ccfdb20e9b17659874e46957c7ba905
train/aaaaapre_0_27.png,8a16821c98fb451b132a4b19e180d499
train/aaaaapre_0_4.png,61a3d935b65af7e790f4c03c9f10dd06
train/aaaaaprj_0_27.png,79b7636a227656a2109adcc322a14094
train/aaaaaprj_0_39.png,03820bf5fa2c8d32bc654ba1b18444ad
train/aaaaaprj_0_53.png,984d0b68bd9838e92aaf998276bb3d13
train/aaaaaprj_0_56.png,d53f9fb142f01b9d924e1609d7d919df
train/aaaaaprj_1_0.png,e58fa7549f9db8b8009e1d2dffa70284
train/aaaaaprj_1_11.png,9d22a0f944dbd53bc3ef67326ea8cf1f
train/aaaaaprj_1_5.png,2ca8f18f2e0e3677e961d870bb18842a
train/aaaaaprj_1_6.png,2f2664625e3dd8ca99a6921029430508
train/aaaaapxk_0_0.png,0e95371508b160470eae7bccb58d5d27
train/aaaaapxk_0_53.png,07f6496879722a844efc12e6a730c20e
train/aaaaapxk_0_57.png,d2628f6edeb98bd051af43b1dcdd24b2
train/aaaaapxk_0_61.png,e575ae49d97abfa088bd0d66c122590e
train/aaaaatjz_0_0.png,60e6a72a4050f1c9649b9069298b04bb
train/aaaaatjz_0_20.png,3d24b8f078f686485fd988e85a200dae
train/aaaaatjz_0_45.png,adbdebfc95d4d21296c4ab1f27095a4a
train/aaaaatjz_0_91.png,0943db669ed6f53eb1c66c501bc9eb99
