path,md5
test/001_0_0.png,d8235cb5cc16976a7b3be6b847b2ed28
test/001_0_1.png,f0bcb35737f778a2ee44c8cca810a8c4
test/001_0_13.png,0d47c8638bb28eb9f55a5c7fb3256f70
test/001_0_17.png,ded94bdd5a96e099df29496d863bc960
test/001_0_18.png,d2ee5c5442af5b6d5ca51f55a7b3537f
test/001_0_2.png,ffffd074068b6522ffe8bcf261fa2904
test/001_0_20.png,8e30d3feab169a2e1bdae31f0f563909
test/001_0_26.png,c126c675f35239e619ec613553900f67
test/001_0_33.png,af4ac614e389157d305b86e1f41ab4ab
test/001_0_39.png,3d232211ef3b6928839dd4e1b0ab397f
test/001_0_46.png,09cd28f0cea035da418408a3254173e9
test/001_0_5.png,a384c3b2d70f01479950dac7ac7f2996
test/001_0_52.png,489aa83aba8adb1814a3f7ef462f3a25
test/001_0_59.png,9ae3d42439fe66fd1dfa9ebd229d00e6
test/001_0_7.png,004e290b95ce48814108623ff0af7383
test/001_0_9.png,5329b69fb98a527014cdd3f2be4c293a
test/001_1_0.png,7f518a958c56ef5633f2271c4b72e2a7
test/001_1_1.png,0761c900b21985e066cb37914dae3a10
test/001_1_11.png,53f6ce750ec3a9d00f9fc002109cd241
test/001_1_13.png,918a4503de5601174c8ab7ee95443a9e
test/001_1_15.png,4bea6e2aa71cb4f1f8175b27f6b3dd38
test/001_1_17.png,488ceea7e332d64add1b619292b6884e
test/001_1_2.png,36a0bc3bdb7e797d3b300e173782dfc6
test/001_1_4.png,14f39fd9e214c6bcfb581cd9e1051400
test/001_1_6.png,832290426a2ab0abc902346c35185948
test/001_1_8.png,86d9db8aa829ed63d3f9829864767119
test/001_1_9.png,9fd85595edc5a26e55a226021807b929
test/001_2_0.png,e42fe76820b1bf2bac2a7f7092559697
test/001_2_1.png,15629847f3a093771a39c796fc6f5174
test/001_2_12.png,0e4f263ea8bef859013eb65f286a835f
test/001_2_18.png,24c6320f9b5b3710b8ba824748f0566c
test/001_2_2.png,342cf6ac95801fc7e18bd535b32aa6f9
test/001_2_24.png,8741b09c5812fe125d6188da15a0ce5c
test/001_2_31.png,fae6522ba65933ad770a652f27093883
test/001_2_37.png,8ed9e908fadd8ac70cb89a1f7fee7968
test/001_2_43.png,548db91ec4ae34265a4b4b9128d07449
test/001_2_49.png,bb2f308bbd96367014b79683cf410046
test/001_2_55.png,beefaec6840613ea3a58cacdd75a69c0
test/001_2_6.png,b4eb3b619c4debd79bf6fdf1cfe83efe
test/001_3_0.png,5056ff5ec56311ea6c04f75344177449
test/001_3_10.png,ce32dbd5b835d3dd07bf75af09e46c3d
test/001_3_12.png,2cc5420b85d75e9d34b3d839d1157880
test/001_3_13.png,68b8b96275980827a7e947b633c190ff
test/001_3_14.png,7a3bdee3213edcf79a97a91a9e07d518
test/001_3_15.png,d1e29cb682fb823137dd31d315486746
test/001_3_16.png,ef527e2bb7e5fc0936492f41d858ca23
test/001_3_18.png,184cda53b3bc05907c252f31357e25a5
test/001_3_2.png,11c75aeed70c96412e191b5e6c9f5e23
test/001_3_4.png,8860a706e75d037eac96a9aa110e52a0
test/001_3_6.png,4f8346920dc06e03560fc9766b91067d
test/001_3_8.png,b5bf10a8fdec2c9c1f0f7393203cc071
test/001_4_0.png,c78fa78a5ddb063ef3cb604ec7caf4b2
test/001_4_13.png,d7df58ec57a8a271872fdb21097a17fa
test/001_4_19.png,96c92083ee2e87c046de342b8ad111c8
test/001_4_26.png,d6a7f121e6d4b194fddd2e04d4f4422d
test/001_4_32.png,be62aa60a19d046b097b0dd59650da3f
test/001_4_39.png,f4b702d3c0f89eebb86c79d2624b8002
test/001_4_45.png,e62a290054ba2120b8308276d613e482
test/001_4_52.png,2d4cf5bc0ecb58213e69ecce3b8a5e4c
test/001_4_58.png,4ecdca40ba3d51719bf463f208f2181d
test/001_4_6.png,225883438e825c306636d774f8e04bd9
test/002_0_0.png,cb9e4d18c1d3446bd3e95a13eb352b57
test/002_0_1.png,0acec384b9850c00e32e7ee69830353e
test/002_0_14.png,014c84ab3cf6f03dead6021306ae164f
test/002_0_2.png,4ad8a71bf5411ced5912c8e9e8ccb6c5
test/002_0_21.png,010e87246ac41d9e2d4bf594e3290cb8
test/002_0_28.png,46b0c55f0ae7d4fd450590f959c80329
test/002_0_3.png,3460de0ca8d6b8d7372bffe592bd7e15
test/002_0_35.png,ef2bf8eb230487894bec8b6b09a26bc0
test/002_0_42.png,c870bef60c463047148f38136037e349
test/002_0_48.png,cc6da2ae5e17b76f9798570d2618b1fa
test/002_0_49.png,ce7607d18618e70a139ff546074ad8b3
test/002_0_56.png,8a6de4edb9e30f34fb7b6d0a6a48478a
test/002_0_63.png,afd7dea9369fd61a653a07f6ff472059
test/002_0_7.png,a9a599a64a0ca50c7da6694f919ce740
test/002_1_0.png,50af55c47f30bfe76c65cf5fde425f7d
test/002_1_13.png,515eaa27c90368dd7e61322291ccdc2a
test/002_1_20.png,48d140d1f2b85ef6f89990fd7c1cd571
test/002_1_26.png,e8f35ca3362991a8138b0c1b98f03bab
test/002_1_33.png,5092029b48632557b2276743687cdbed
test/002_1_39.png,0d75ae6d594c2c2829f4a79b032149d3
test/002_1_46.png,0c10816054d3aa456a9c01c4fefbd133
test/002_1_52.png,4d6ea3f5b4eb607e5816be0cbb75c007
test/002_1_58.png,3456dfcb569a24b70f4fbc9a3e9d51bd
test/002_1_59.png,f6a5628023f5353d08605e18dc74c8a5
test/002_1_7.png,036da36065873f13234e5d24b6c466eb
test/012_0_0.png,3466a699261213f7b559dc264fe9845b
test/012_0_1.png,f41c06f6848ebcac80373bfeb8e808c4
test/012_0_10.png,a50b0f2250b9ad8b6a9c7329554b4a76
test/012_0_14.png,d8843ef8c98fc7ac4a57dd9f77abad98
test/012_0_17.png,d5a84c29457da09bbd6257e70dab181b
test/012_0_21.png,b284177b1e5b84ca12650a6056ed0240
test/012_0_24.png,338d234a5101ce5c74107158f372c5a6
test/012_0_28.png,cd63f81a470af2cc11858671e57adbd4
test/012_0_3.png,8941b7da15071b07a8ba7404b0e5618c
test/012_0_31.png,755cd1b35eeb60817b167f4bd496dff1
test/012_0_7.png,ba482037594c292ad75136444e3486fe
test/012_1_0.png,f176dc2dccdcce88e5552cc2d9829b35
test/012_1_10.png,ed2a416bf9059b615a24bb7250a28f10
test/012_1_12.png,4a3932e4ae5e5a47ef527a9018efef1f
test/012_1_13.png,177fbef0832374f1f81ded0bd61dac04
test/012_1_14.png,628f3b19bdb5a04445561abc4bb3c84b
test/012_1_15.png,e5327ab5d4eeaa7a95f48789a5c3ee7f
test/012_1_2.png,4e21af8d3cae512ef27f8bff56f9529f
test/012_1_3.png,4ff7c1c94e82e691696c20a0d413812d
test/012_1_5.png,948cbde6d836f1dc2d590ba00711fb7f
test/012_1_7.png,7fe253921c305e562b62535a439507e5
test/012_1_8.png,62ea19a17307d6fe8c33de41d7d89329
test/013_0_0.png,a43064aeb1721def1981a3cfcb31edce
test/013_0_11.png,6d2306660d97b557ad12e08f5454b2b5
test/013_0_15.png,2f7d6605e193d5577e0cb2fdcb036171
test/013_0_18.png,6f76584354b50ec58b322b61e6707181
test/013_0_2.png,390ffb7a587e3050672a2bf3295a0c05
test/013_0_22.png,4026dca4cc8e452a36332cbb710aa6fd
test/013_0_26.png,8979dbb7f8fddb6bdac35b3d801b6c42
test/013_0_29.png,13ce51ebfa4f27e7101ea36e418e9912
test/013_0_33.png,94a827ff18f469e821e2780e8e563182
test/013_0_4.png,6ca51409d84c90c12f4b816ac1b89b2a
test/013_0_7.png,40045141023c7f117d4424ebaacae249
test/013_1_0.png,684b067b92ef52efec307b2467f7bed5
test/013_1_14.png,4c63202f3bd0c1e95b56db3965ae4930
test/013_1_21.png,d450556810ba25ec8a38817513a8d88e
test/013_1_28.png,445cbc05d429f483ef538588635a7447
test/013_1_33.png,92cf3d1683824e233b5b51a6716dbc6f
test/013_1_34.png,9b0fe1268ff3588930b94078b8a78ecd
test/013_1_35.png,f13dae683adc2dc826a96279913f4311
test/013_1_36.png,a60570f944ff8f984652d7d495c21b15
test/013_1_41.png,5e91b7cb95d6675fd46ea9de035b7688
test/013_1_48.png,7b55b40b4a9d96c01597dc8ff18a823d
test/013_1_55.png,1fcaafd932727bab277c6d3b708c1f28
test/013_1_62.png,d2b4324395f9e7a4ffb6a97afdfc5fa5
test/013_1_7.png,215e4bd7e3a7087849b5dccd321c3470
test/021_0_0.png,0a682f086e375a346c9201f2bb4c7a20
test/021_0_10.png,ed050cb7a2f71ceef4414b5c0f08c1e8
test/021_0_15.png,7a533907023a77aa282c932a5290bc33
test/021_0_22.png,403898fc3075c45bd82f2b4f32551593
test/021_0_30.png,a4fa9449ba36ba02477c0d2caab6fa85
test/021_0_37.png,9828d36d73dcee24be1456449ce1295c
test/021_0_45.png,b5200afd3769827b87ac7089621bb84e
test/021_0_52.png,25203788745e4e6cc1393806381695ff
test/021_0_6.png,eefb9f473e8936bed4d27de36d7524b5
test/021_0_60.png,5f54d614f5e87fe90b9b054f73b9ca86
test/021_0_67.png,69251ac8de6cea5bdc1b45bc87dc0fa1
test/021_0_7.png,c6d3db2b7cc6ad2fe6b29b66142a91cf
test/021_1_0.png,d8ee5b77e088e1c7ee1d08427c5ef29e
test/021_1_10.png,19e78edb8e61d7d52d0fcd1ba2a60883
test/021_1_21.png,eb7b46fba0a7070054ad89a699610c35
test/021_1_31.png,177f3349f08c01e14d049f02e557d501
test/021_1_42.png,09b28ed5830b65e8096e42b8e8ed3672
test/021_1_52.png,3ec864d347b5c39e9c6e4529ddd7430f
test/021_1_63.png,13d0568378a1bff5c2b5399551082a4d
test/021_1_70.png,516e778dbf3b24694297e4a5f9149b79
test/021_1_73.png,3d731b3c496938f19dd0233a093652ed
test/021_1_84.png,286d2c858244e4cb9cdcdef6236f1f9c
test/021_1_86.png,2c3a607a6e70d7df335869110cc2e90e
test/021_1_87.png,0f52b5794576fb6359337c6005097d8e
test/021_1_94.png,7a80f99b1f47bb8fb52cc98b6147f885
test/021_2_0.png,491556e6c1d2dac84f1b9f1263ff3c3d
test/021_2_18.png,852480188dc4f18badd015e6d4e6c09c
test/021_2_27.png,3a60e217ff298d7cb1fdea26be5a16a8
test/021_2_36.png,214b1269d8a25410e62547dae763107f
test/021_2_4.png,02291af6e574fd6d1249166689bda52e
test/021_2_46.png,7c4ebc61f622fa49e5e9c1fc4db04a5e
test/021_2_5.png,c5d19277c784638df05c9621bdba5e45
test/021_2_55.png,31910bb918ac3418a4619ca7d733baa2
test/021_2_64.png,b0bf68db8866c55ca16d286ce775bb47
test/021_2_73.png,0f184f548126fc8a20e59b563c70f7e4
test/021_2_82.png,a8dc185ac2006337c76c1c752500d745
test/021_2_9.png,55e5fe9f004b2e5916e5abbc55026e05
test/022_0_0.png,9ced3baae7e6b7874a4a9bc1aaaaf6aa
test/022_0_13.png,27eb507f2896a61b65fe881dfcee3920
test/022_0_20.png,18cbc7c1395a39767586a8fcbd7e70ca
test/022_0_27.png,8698d368b4dc29e48c73c8e03ab322c0
test/022_0_3.png,0ef38edbbc00aea6039df4723769d68e
test/022_0_33.png,52dae83b26a070b448e2eb277eb9dd49
test/022_0_40.png,566690a5d0d10ec5e0c51e6df5975184
test/022_0_47.png,40791b5ad5fdfbc5dd5ff3b202ceb52e
test/022_0_53.png,f887d6da8b32d2ce7cc12a17472814b4
test/022_0_60.png,1a0d780f6d8cdbcf33e7357c76c781de
test/022_0_7.png,52153c224139cf1c9f018c7ae7949998
test/022_1_0.png,5fe7f20b2e31c0281b5bfb09b2f5a0fb
test/022_1_1.png,dfe9becc6700b366378fbc83c6b20032
test/022_1_10.png,5092820895b3a2a99eb81bef75e1368d
test/022_1_12.png,e349d25e7b5052974373e65dc10fb00f
test/022_1_14.png,7199109c8569eb6dd79117d9010dfba0
test/022_1_16.png,001b98adcb22630309ae149f314412d0
test/022_1_18.png,d3e537647b82957305b59391b98a70fd
test/022_1_2.png,ca7089da85fdd05d99f802ceaab6cb11
test/022_1_3.png,c605e0ba1ae1fe08ed55d759b8080f50
test/022_1_4.png,51bd31f6a8b7441daced52775e4962a3
test/022_1_5.png,05758ad85532891a2083a2c9575affb8
test/022_1_6.png,79d52f569fcfaa3ced3688c6120edd3b
test/022_1_8.png,5e7389a2ff97403da4001b57eea9c330
test/022_1_9.png,29f1257e53a6ce340fb1e402161b525b
test/022_2_0.png,cbd3e99a9bb2f6afa0a3771a50fb7b61
test/022_2_1.png,4b9b1347d7aa550ba4eaee347ad26f0a
test/022_2_10.png,d38e097513105618bf44e09e8e53ea81
test/022_2_15.png,5cc3b935adde67e82af90f9d122916e8
test/022_2_2.png,dfbc54b622fb16e0eeea10ed31f12257
test/022_2_23.png,0816e4b633fcd069f3ea04c78e242bb2
test/022_2_3.png,b7608d880e7c39d8d144dea4b7e4d52b
test/022_2_31.png,552a35a448e204c1209df1f1d3a338b3
test/022_2_38.png,c9b995977f60772314e73c1dd0e63eca
test/022_2_46.png,2ee47ff7ab4b721ee303e1302d225f6b
test/022_2_51.png,a51c526d54ef97b50073e1ec82e25432
test/022_2_54.png,a67d96eac3fa319a0fe3ab7483ba0b79
test/022_2_61.png,505c5f32b9a7ac3ece5d8784e0b72313
test/022_2_69.png,a3536ac5bb486fb9ddc4a8680fc725a8
test/022_2_8.png,040460b29749c167d10a986ef15f5b38
test/022_3_0.png,edbce3e830dfac842d321c4bd894693f
test/022_3_11.png,a27c3e568668179475f88036b3ae26c5
test/022_3_16.png,f44a5332fb7b72414c1a8d3e8c8df626
test/022_3_17.png,da6359da240680ab5ec463add103c554
test/022_3_22.png,91017cede6bb193aad6e8e3e053b53eb
test/022_3_28.png,ee3269478536f9d3672b6e033a39af74
test/022_3_33.png,05543d1a92afad67078d148573a60eac
test/022_3_39.png,338625180a83a21626fcff1d378e3343
test/022_3_44.png,6a897e313095d092ebddb76deead3f2b
test/022_3_50.png,1951aa5c3a85b87f10bb10d161f2cd54
test/022_3_6.png,427912f0664735c11bc3f906607406bf
test/022_3_8.png,b96cfe9312578f2a0514f23e45d2a95e
test/022_3_9.png,b59e39593c4d96a65d2b8dccc9354cb1
test/024_0_0.png,482fa04213dfe5601af3314dcfad4546
test/024_0_13.png,8df7d57c25bdeceb86613162f6631f08
test/024_0_20.png,13126d991e1f07e10e64c0d0a72306a0
test/024_0_26.png,231f7fd7dbea68020909c2c71c0bdcde
test/024_0_33.png,f79a5ce114428134c2fa8e88ff33977d
test/024_0_39.png,c3ff181bcd0f0af9d4128411b7009b5b
test/024_0_46.png,39c54e6b6a918f86ed1672a99c7d50dd
test/024_0_52.png,c72f03d24fb7bcc3b8e586883b91880f
test/024_0_59.png,f582bb1115d84e4515b1d7878238d004
test/024_0_7.png,07d149694fb77aa252ea19c4f2e991de
test/024_1_0.png,6cf1aa34651469d354bd0dc7374c5d60
test/024_1_13.png,7ce61e57a3859a0b7149acfb2f6dd28e
test/024_1_2.png,1986702286a8b18919b1f4f72ff736c0
test/024_1_20.png,4396521e6225bfbe5b5a240187a069b3
test/024_1_26.png,93b56d31c9f3e58b171c26373275b5a4
test/024_1_33.png,62699fcf6a07844fcd7365c7ff4d01b6
test/024_1_39.png,27ec5433a4ed0146c80f616eaa621f2d
test/024_1_46.png,bb31c3456ca309688ac30c18052fd873
test/024_1_52.png,93de927aea7f71a0da62d50ff8950af6
test/024_1_59.png,80493fe464cfeecfc739d18d798559f0
test/024_1_7.png,219e761eff369cba86bddfc7f6133143
test/024_2_0.png,e42fe76820b1bf2bac2a7f7092559697
test/024_2_12.png,0e4f263ea8bef859013eb65f286a835f
test/024_2_18.png,24c6320f9b5b3710b8ba824748f0566c
test/024_2_24.png,8741b09c5812fe125d6188da15a0ce5c
test/024_2_25.png,c5b344d76eeb076b0adfe00af356ce44
test/024_2_31.png,fae6522ba65933ad770a652f27093883
test/024_2_32.png,aa1dc9cad24824e890594e1fa26d3baf
test/024_2_37.png,8ed9e908fadd8ac70cb89a1f7fee7968
test/024_2_43.png,548db91ec4ae34265a4b4b9128d07449
test/024_2_47.png,0760ce88bb4f179b635a1a3a08501a32
test/024_2_49.png,bb2f308bbd96367014b79683cf410046
test/024_2_5.png,67c7a1a9bb381379f795d70c1d60cd59
test/024_2_53.png,bd876988cef69bd47537392aed98d009
test/024_2_55.png,beefaec6840613ea3a58cacdd75a69c0
test/024_2_6.png,b4eb3b619c4debd79bf6fdf1cfe83efe
test/026_0_0.png,c8885e50b0fb9d712d81a2c626b11630
test/026_0_13.png,b28d159dbfcfacea0bc9d8420d0a6050
test/026_0_20.png,b57a2a2f63191b98f1dc1cd925a2abc7
test/026_0_27.png,caae0147b13a747499847fcf899dae21
test/026_0_33.png,62c478c336f0a76cc39d2d43f2bdb099
test/026_0_40.png,dceba7681680345fe6130523fa0368f5
test/026_0_47.png,c5e9ca6b853c88af743979b7c13c323f
test/026_0_53.png,5f81a325ed52f49e4cbe6a7190bf5345
test/026_0_60.png,b8a1435a0cee8a25517c71a96f1fc2c9
test/026_0_7.png,b7dfa3ede309a13587eb8883748b8205
test/026_1_0.png,736e0c5750cd2547ecb662e441ddf059
test/026_1_1.png,4949b2eb41199bf8aefe9a580d2aeb36
test/026_1_2.png,b440a1bc7993a4f98526f66e7d7e1f4e
test/026_1_3.png,6bf904a6c832d410d13b7c957242df86
test/026_1_4.png,3b58a637e3948d8cac1f8523c10ee2d4
test/026_1_5.png,1b21854793a5a840917fa25cb59ec799
test/026_1_6.png,37081beea9706237831cfec450733c24
test/026_1_7.png,33fcd564b984eead88dd93ad4ea550b0
test/026_1_8.png,b80eed7347bc60d16e468d03e5f12aa0
test/026_1_9.png,597f3869992702761730cba4eed9b941
test/026_2_0.png,289d44d1fe2df844846ea4a4a4439428
test/026_2_11.png,fe6fd996d7334ae4fc69c03c4612f01b
test/026_2_17.png,291c4426e623992802be6ae7c7df0d9a
test/026_2_2.png,b5243ac073aed25c59867ba709f1c5ad
test/026_2_23.png,6e682942ee8e94a7f7bd4b2e95544c92
test/026_2_28.png,15aab8ed729d77aec0452e9bbdc9f9c0
test/026_2_3.png,17eb3918f08fbe6e23a0d9a710d68467
test/026_2_34.png,9474bad5f3cdf98f42ef967c677f783c
test/026_2_40.png,383cb4b127d5a965ec344442e905a1a4
test/026_2_45.png,e8033687d02a6f5b1d9cc0fa5328d555
test/026_2_51.png,5440a311024192fbd0fb534918b36811
test/026_2_6.png,90d46ebaeac4ea6c77a787113c46a038
test/027_0_0.png,06255fa54bc555f4e3a580c9ad9cc3a4
test/027_0_14.png,cbc9f95c8e54fa86397579aafede30b3
test/027_0_20.png,631c5eb71d5f31ef4fec35e39ffbb1ff
test/027_0_27.png,d7c266d23026ff4b464232f5c2c5c5f6
test/027_0_34.png,c383eabdd67fc8e7a4f975c1df015a7a
test/027_0_41.png,29264633220596b153cd0991e6ec4939
test/027_0_47.png,159f1917425af23cdb415a2c53362201
test/027_0_54.png,5719747243323386f0c558ad1ca64a75
test/027_0_61.png,1d20c412caab051907943da78c19536c
test/027_0_7.png,c1f4df3ecd1382bf9f4bde6c391913aa
test/028_0_0.png,ce2475ee6f6e9b99285534514c9cc378
test/036_0_0.png,c90dc32f7a6dec736912f543b7fa553e
test/036_0_14.png,dfe2c97927989b3af0d19c10ed83b98c
test/036_0_22.png,a98e2bd8ddcda0333b291be5e7808c9c
test/036_0_29.png,0dfd91430da2875b230404dd579918aa
test/036_0_36.png,8de8f30947691fea7b0b5de8fd7e17eb
test/036_0_43.png,4f54273d3f2b0a6da1fdc098f00849ea
test/036_0_51.png,c2aaef9d4298e6b2f6998190510af8d0
test/036_0_58.png,5b29564998498231cacdf6c6c9e3d446
test/036_0_65.png,b62638a3fa976e087e34d97667c8e45e
test/036_0_7.png,d7bb787a50cc455c223e90f5ece02138
test/038_0_0.png,1553869e718f34962f24219a57ddd11a
test/038_0_1.png,c2d995042fd9de3e7e56e24e575093d9
test/038_0_11.png,0dcc8c3baa4d661cb31fc6ff4843480e
test/038_0_16.png,65c8b3cb3983f10a9e3e7568d6ec0efe
test/038_0_22.png,5a06e866f667ca2ea6c342d58c7c35ad
test/038_0_27.png,e74e53ffe2fece73ea28e059325bc11b
test/038_0_33.png,8e287772a825d66d61ea83599db7fd08
test/038_0_38.png,6f783979ea3aa0dff90fbda9537f3915
test/038_0_44.png,3435dfad50757a216d72e224a0727f31
test/038_0_49.png,6d225b4bfb2bf4aa8cd2a8bd3e714a27
test/038_0_5.png,894146eca6e3a94f35959ebe0ae23dc6
test/038_0_8.png,79836aaa068bad731468b8fdaa897dcb
test/038_1_0.png,5846387a79a0848ed716010928e89da6
test/038_1_11.png,b08dab7e5ca1bc1292f2a997a83d4d8a
test/038_1_12.png,ab6f25b96100c844da8276adb21a9998
test/038_1_14.png,36d1e44fdfe65c372ffb244cbabbbdde
test/038_1_2.png,849ab858177ccb95fd3ecb3f13847e47
test/038_1_3.png,2a51dcf02bcd3cf3200735513875e419
test/038_1_5.png,324e2c60aae5520fa5f2c9e6ee194738
test/038_1_6.png,6074de689b9949f54469fbd585bb91c7
test/038_1_8.png,14c7ce8144e142c88bedb226b5dc78ad
test/038_1_9.png,b4da5ef26f5f1a571579ffdc50ab8658
test/056_0_0.png,5d63b9fe0271a6e915443bdaa431df4d
test/056_0_1.png,343c9e1a414f87b7cadd30c92d13c724
test/056_0_10.png,12284d48b148fbd1be4c923c5dcc4880
test/056_0_2.png,c573e4632401483533d98b29bd25d813
test/056_0_20.png,eea09c360b074e03715696d5d27c241f
test/056_0_3.png,6b99f4d9519170b98237881889a3ea40
test/056_0_31.png,6f7e269fe97d8adbd43c07c102c2c461
test/056_0_41.png,5792358d8223f1783cbe0cdf7363867d
test/056_0_51.png,d00098d1d94a9abc40b093b524ffd861
test/056_0_61.png,7748aa93db3d2ac046b22e612ade2635
test/056_0_72.png,31c5afa84af008b18398404ed7db9d75
test/056_0_82.png,dfa8cd124eaa6ff1ac34968223799df0
test/056_0_92.png,e9925388384313df0fdf2316e49007c8
test/063_0_0.png,003b3fde3c2568b8386024cd24e4a116
test/063_0_1.png,245e045ac2b030bb1d0acf46038da532
test/063_0_15.png,99b055011e0522576bedba2b6ccb51d0
test/063_0_23.png,ec6bfa07c8ec48d2d738497ac56e1c02
test/063_0_30.png,f696caf4b5b7ecedf3cf2c6f96022a35
test/063_0_38.png,59105350911098707eb51fe793cf2bb5
test/063_0_45.png,b02e0940472090d483b0b26d702aa899
test/063_0_53.png,3b616116ba3575970be35aec5c1f7a46
test/063_0_60.png,f81b399f9928e4de73dd66296d6a99db
test/063_0_68.png,7a5ffaf582e8f905a07fbc9357af4529
test/063_0_8.png,26fb7ef1a62dbe355eafb7ab0c8ce03c
test/066_0_0.png,d26231723b7a021ff1f716272ac21425
test/066_0_1.png,e2b7ad3a2dfadb01f31c504422136efb
test/066_0_13.png,ee01014d33e209175b53362a17064a33
test/066_0_19.png,dfda3edde240d04a1b3d586b66e095db
test/066_0_26.png,c6a2757cdd86a48ca2a5bccd94a3b539
test/066_0_32.png,0941e7657f8115c95dc762e350794124
test/066_0_39.png,a5f59eff006eff0d24a38c1906d72a94
test/066_0_4.png,6330d5a5fa4ca84a6e343f4e0dbf6f84
test/066_0_45.png,316da23a9ee1d044334419a330169ecf
test/066_0_52.png,07dc295091d6d146f27f2dfcebf2fe83
test/066_0_58.png,8b3eca153558b5266a2061492189496b
test/066_0_6.png,198a1af6562f88d567aa1347bc6f1485
test/068_0_0.png,3d8d0521ff68c6593a79664434d7374b
test/068_0_13.png,1936b8032ab2b2f0fb1b132e6a7ecafb
test/068_0_20.png,e32b4cec752e8a9469819530aa6a8fa0
test/068_0_26.png,32eb0e65cde3db5b83d73a3bd1eb50eb
test/068_0_33.png,15bf3ed79d6dedc7f5ed83f03ec17a6c
test/068_0_39.png,f564a351b4382a7893af67151d9d7f66
test/068_0_46.png,c0b38ea7c66d7608a8b0ebd7c860c22f
test/068_0_52.png,fbe8f5f9384ff530cc8ab078f4dc5535
test/068_0_59.png,1b0b6f6a1b2c268b4b39422351957770
test/068_0_7.png,81ce15f94ead3f9d8649bff20230c115
test/073_0_0.png,85ad094cb7aee11d1d0d9838cfb26934
test/073_0_13.png,1382f055a9ff96d0fb2bb96bd1be6c07
test/073_0_20.png,90bcaeb9b684db9544ddcd5df9744944
test/073_0_26.png,5abe3ebe29f8ba3c8ebc9cee6b58bbad
test/073_0_33.png,d70836505b1083168e011542eb1c730c
test/073_0_39.png,97000553028d2304185be4621e279757
test/073_0_4.png,2184692769fdb1d6300b6ffb7e1c15e0
test/073_0_46.png,782563e525921eeb2159410aac5e73b1
test/073_0_5.png,62b4db17064c2b8ceb6d84b347834c0d
test/073_0_52.png,a672439fd66021dd4824e6ec207a85bf
test/073_0_59.png,caeda37322e0d5609e234ca2f39e98b8
test/073_0_7.png,fc79d1a674cda879f4dad5d856eee6bd
test/077_0_0.png,90b840980a3d5cff12b0ee8d98885c9a
test/077_0_13.png,267fde47017e22e924fac5d7de8131cc
test/077_0_19.png,55d929aacb794dea1e3ce8de7e1ef95b
test/077_0_26.png,0f13bc3a19a20a10bf35fe2e83d190d6
test/077_0_32.png,ae3b0943a975e1c853f80c18944e7542
test/077_0_39.png,2dd4f23595bc19809b1f5fca262250f3
test/077_0_45.png,23f847b4ebc5e57c19cc45c51ba59532
test/077_0_52.png,fb4d60d69d1ebae1447559922673c82d
test/077_0_58.png,eeadb61a2f8f0ebbc0da19966a3756c0
test/077_0_6.png,30a054ad37482c9c4971cd41fa189910
test/082_0_0.png,66716c2b5b5dee6c67000442a3ed6beb
test/082_0_1.png,4543b046465ea0c0c057263052f283b9
test/082_0_16.png,967b0832da3571ff05ba8fb2d6319deb
test/082_0_24.png,fb304d12341b1a744ba7465f09077ade
test/082_0_32.png,b1f54290ce6f53b31863f2e11b7a159c
test/082_0_39.png,b620af87aa9e142fc666300e03ad24dc
test/082_0_47.png,bc4a87b9b703c820a50bd4c9a10fbee8
test/082_0_55.png,5896160a7180846a2c612c7e2faa5c03
test/082_0_63.png,77759ef4b35962b78c481ab22b432f21
test/082_0_71.png,ed0270e65dee1bc9f17714c263d5da30
test/082_0_8.png,2e53a1260f230f5fcbb5d2dc9dfc0f5e
test/084_0_0.png,456b5dc068f6563fd700b30a5ff25ef7
test/084_0_16.png,d4ebc472dc1d1617e6580f9689329fba
test/084_0_23.png,f76a4733b54bb200a21985914e32f7bd
test/084_0_31.png,d849356dae086facc38da02f650afb28
test/084_0_39.png,52a7e9c5a7a215405b9c8fb39a41abe4
test/084_0_47.png,e66ac55191d37404cf5f2f86dea6e364
test/084_0_54.png,f68022fc635ce559917af4c5a249a01a
test/084_0_62.png,18f90fa7a8613d90beaeddd8ebe824d9
test/084_0_70.png,af779228f7b88ff298e7570e951aeb6a
test/084_0_8.png,d9fc8e46bee5d60e9a9f02852b400565
test/086_0_0.png,3c02683c57f69f6f7019d726cb504787
test/086_0_13.png,0400aa21d7095b140d29c8c3e601bbcd
test/086_0_19.png,279bc3820480c84a8164d362cf9d35cd
test/086_0_25.png,609517be2c3cb3b04280db82e669741b
test/086_0_32.png,627e42cbf7542de143782cfc56843f71
test/086_0_38.png,9ced66c0d987270b38cea3e1c041b4cd
test/086_0_44.png,3cbbe9432b1797b4ead40812905712ee
test/086_0_51.png,838ce2674e98a103bef7d07ff503fc0a
test/086_0_57.png,96ef9d1b002d6dcc6602500ab9207c1d
test/086_0_6.png,850cfb931b46e4173fa42cbb56090649
test/091_0_0.png,2b3bcc754ed9ad269a659b10dbe9e8ff
test/091_0_14.png,2c3a7cc56862f3c468a82f4ad5b763a4
test/091_0_2.png,27389a264409d2a42e747305c09f514d
test/091_0_20.png,f06a1153f8e6ab9f345516052ffe1dac
test/091_0_27.png,525986de45531f50904027a3732903d6
test/091_0_34.png,d795f8da19afa5abf7e24b54256a5ab9
test/091_0_41.png,4006343f46955b7120f40fe4a2a341df
test/091_0_43.png,f35332334e797b7a2f8f62a6ed452542
test/091_0_47.png,d6c76500966c49a4cfca145e4408407c
test/091_0_54.png,4f85e6adad96f21bfbdeacf5090e3d46
test/091_0_56.png,ec091b7d2674ccdb3fa33ee4a46ab98f
test/091_0_57.png,65b6389f5b2be055237730dbbf294a5a
test/091_0_61.png,b655948f2deb924fc4971017ef81d78f
test/091_0_7.png,844822fb4cbf09a474ecc7d4a6c0e599
test/098_0_0.png,27ab81b082854558582055aed926eaf2
test/098_0_10.png,796fb7b45adea2db756cca436107af4c
test/098_0_20.png,40838fb7fe05d247462eb2caf1a1acfe
test/098_0_30.png,4bb1291dfa356eb7ec4a08f5955f56d8
test/098_0_40.png,e6987b3b56d1c8e2190b831de9f22844
test/098_0_49.png,642c910dec0bba44886536e5d8489206
test/098_0_59.png,6e1026a8b5f5c2f9505aba9dc33b310f
test/098_0_69.png,96d953a715f0374a7944a308ff40c06e
test/098_0_79.png,a5ca3cc13fc72399b44873d38f2c1c8f
test/098_0_89.png,bcbaefe154c2e5c8d315655b95338224
test/098_1_0.png,f717d7d91bdb80d7a31a239929863338
test/098_1_1.png,ac55603ac7194cf19cf0a51442e30f90
test/098_1_10.png,af9a3567acf25e9abed1696f888d2666
test/098_1_15.png,a5157b3dc8f0e332863330134b2928ff
test/098_1_2.png,dffbdefd309e80f4d281bcd02583868c
test/098_1_20.png,bfe2276cb141c9e2699057c4885e7102
test/098_1_24.png,a1586d1e9ee3b2097da7b518f343b9c9
test/098_1_29.png,e643ae9a816183653b89a63c9e7a9809
test/098_1_34.png,eb8e5c8565b1032b482ae3a2ddc8fbb5
test/098_1_39.png,719abaf718187acf56044a4f8b08482c
test/098_1_4.png,2e290b88a7b49e9d776be2c7f0f6b851
test/098_1_44.png,74e78fe9204cc6df30b070d213646b0d
test/098_1_5.png,87777763f05437935bf1be0124bc630b
test/098_2_0.png,68d3bab302f0b340e038e634a4b59534
test/098_2_10.png,88020ae7ce2db1fc7aa531ee635d36fd
test/098_2_15.png,be48aadb933c6b6afdc597dd7d4fd555
test/098_2_20.png,278e68e1e7948be3666cba3e8a3fff67
test/098_2_26.png,ac48f406e4387849263683cb52c44551
test/098_2_30.png,cfca69bb91a99c087241413cb0e83e1a
test/098_2_31.png,404902216f9be59e97e722563ed8cd86
test/098_2_36.png,6cc22c6eacbaaec3219d85a38930fccb
test/098_2_41.png,b68313d72294ae9ac3a033224be023c8
test/098_2_46.png,0e52468969703b1eedcef8511ac15b91
test/098_2_5.png,5c39d8e455cf761dac97494cd710a236
test/aaaaaaar_0_0.png,428fd8b2dbbe6eefad50d82cadf60611
test/aaaaaaar_0_1.png,c0c85363a4a0e7b5c5622419e75511b1
test/aaaaaaar_0_17.png,bd2c251fcd39585f973980038ded2954
test/aaaaaaar_0_26.png,8ae818d90122202b6762d9746ac768bb
test/aaaaaaar_0_35.png,edf2b680744993326e7cf0b04b3f2a25
test/aaaaaaar_0_43.png,20768a5b0dc279914e2a78bb0223b021
test/aaaaaaar_0_52.png,8ff2d3dbb10cc5c5d91e7c8b87ace470
test/aaaaaaar_0_61.png,bee28bf32a70d2b41b0fd1f9063f516c
test/aaaaaaar_0_69.png,69c3c2ae03f021a7cfaa0d7990fe1475
test/aaaaaaar_0_74.png,a5c42bda4b753ca5f79b4792073ef234
test/aaaaaaar_0_78.png,0f731d6e768c0a43d4cec8c93470ff4c
test/aaaaaaar_0_9.png,c58a1e6c04b9e3defa4d91462269c091
test/aaaaaabs_0_0.png,15e02b1c0cac8f0b21d02deccfc46ed0
test/aaaaaabs_0_13.png,4309efe7d77b4742bd73afffe44e7949
test/aaaaaabs_0_17.png,4d2985ea64859efdb2a0998ab183d912
test/aaaaaabs_0_22.png,65ada69ef5968e0ab3d6732e45eb97b7
test/aaaaaabs_0_26.png,ead58c6e6f1f48f10595bd38f4da4fcf
test/aaaaaabs_0_30.png,a5a7a0cb1fd6424c75152a702d9e7e5e
test/aaaaaabs_0_35.png,e1165c467f83326d3281ef261afd4736
test/aaaaaabs_0_39.png,0c893cb10eba9c42d9887e6a07cbd9f2
test/aaaaaabs_0_4.png,3f2a2aab4d09e803a6cd65793a77385c
test/aaaaaabs_0_9.png,1260147ed9ae707978819f12939ee1c1
test/aaaaaaci_0_0.png,dfc798a8fa86501e5efc40459f4075a4
test/aaaaaaci_0_1.png,4d454cda6d49297ba7e2658c94c29a33
test/aaaaaaci_0_2.png,64833d35d9a5ff6e2c9c91337729f2ff
test/aaaaaaci_0_3.png,9664a5b0791c3b375dbe84f0cd1bccec
test/aaaaaaci_0_4.png,f5aede9ca30bbad7e9146753a31c1a82
test/aaaaaaci_0_5.png,c945616d2035339e791be941b29d5d59
test/aaaaaaci_0_6.png,711bbce71a1df924ccf91a52d47aeccc
test/aaaaaaci_0_7.png,ad1fa00f272c2d2bff3fa9f5eb3a6ecc
test/aaaaaaci_0_8.png,06fe2bbee0eb6472f620a85a9de4fccd
test/aaaaaaci_0_9.png,4aab122ae865ff27da810ca8c5af4885
test/aaaaaadd_0_0.png,43f8ada6dd8e657b7e01a38f38e79a09
test/aaaaaadd_0_10.png,c8bc768b30d2aeed958105187bea844f
test/aaaaaadd_0_13.png,6efb0e689a3d33290436963d59faf399
test/aaaaaadd_0_16.png,bae0f9781754a35e6971a435b24a1865
test/aaaaaadd_0_19.png,4f549bf402562a8e069fc6dfdeda095d
test/aaaaaadd_0_23.png,67bafe777a0ad14d3065b103bc33c1eb
test/aaaaaadd_0_26.png,4d7cc32239adcc2c002200d16185afc7
test/aaaaaadd_0_29.png,39921b7730818da044efc428c6c20d27
test/aaaaaadd_0_3.png,2c291b7027dc8846a44d7ddb26a42f39
test/aaaaaadd_0_6.png,f42a6632a53ef4148a8b26376db0cf6e
test/aaaaaadg_0_0.png,a69a6173ff870fe2c639476faea4e207
test/aaaaaadg_0_11.png,bbf91c5a62182cd0bae91d3da2743247
test/aaaaaadg_0_12.png,e700f9413c5fc14e0646a1d8ef2f3e41
test/aaaaaadg_0_13.png,87f950c35fd392bc13cb26f9e2e3e13e
test/aaaaaadg_0_14.png,fe6eba95b3997513173b2129b0331534
test/aaaaaadg_0_2.png,df8c75204907452b7c1711af5224ee03
test/aaaaaadg_0_3.png,73d3fe77ecc15adde5ca99d680ebfefe
test/aaaaaadg_0_5.png,79fe8c786b351fe113fb3ebbb14022ba
test/aaaaaadg_0_6.png,3ead7acf7f1b71891f660eb0462e74cd
test/aaaaaadg_0_8.png,1a5a458f6d0681e7333e16baf3a943fd
test/aaaaaadg_0_9.png,cc3c51cf320d8314e5869bb9616565f2
test/aaaaaadg_1_0.png,482e83ab6c4fb9e021a9615365e0d68a
test/aaaaaadg_1_11.png,fe083780dd613ac03f12f5e7c63982f1
test/aaaaaadg_1_12.png,2e79e14c9643b46095ec5666d7fd7c6b
test/aaaaaadg_1_14.png,76adbe18d75f416f8f9a01be2565a4c0
test/aaaaaadg_1_2.png,93101684e9022e0862536a773a8e47dc
test/aaaaaadg_1_3.png,d4b4e413bd1d1e454a67ea11deb740ad
test/aaaaaadg_1_5.png,2b3aba1df0d26bc6d9fa88d7200e4fe3
test/aaaaaadg_1_6.png,363d04d37a7e813bcb8bcab095edc46a
test/aaaaaadg_1_8.png,d88f5418348ca15c79037f857df3ed46
test/aaaaaadg_1_9.png,ea5d5de733f35d2d95539a4f1ebb4e1d
test/aaaaaads_0_0.png,04a939f34659749c0f7b0bfa3d0ab44b
test/aaaaaads_0_10.png,151de6b990d881d88d3e717c0366fde2
test/aaaaaads_0_12.png,47b84d756223aba5e5fbb167cb83eff5
test/aaaaaads_0_16.png,0aeba88004393b59ab77efe57f33615a
test/aaaaaads_0_21.png,786195cc956df86688008070e8dd8b4b
test/aaaaaads_0_25.png,8487a962d674f56381fd4867452b095f
test/aaaaaads_0_29.png,0dba6fabfab0d1d88d8a01e7458c98c3
test/aaaaaads_0_33.png,89b52fc79494d92c305ca4f9ad5f1278
test/aaaaaads_0_37.png,30c6a58cf5d3de8f6af7abbdf5a45a06
test/aaaaaads_0_4.png,e84c182332fb80fb22e3c1adad4024ea
test/aaaaaads_0_8.png,fb3ddc7d8b82b5ea873d47b5524c194a
test/aaaaaads_0_9.png,5a605b5f68fcf12e5f789fbd75a6edbd
test/aaaaaaer_0_0.png,c342eed6a6fee2e249a68f517d3764a1
test/aaaaaaer_0_14.png,db6ce8dd56ced8a96fcf06903d8cd2c1
test/aaaaaaer_0_15.png,4a5a2f0a19d406a63a4e8a848dc3a613
test/aaaaaaer_0_21.png,0fa08e7af4dbbc42168509580ba63cf5
test/aaaaaaer_0_22.png,115f28dfc78562d7e65bb139ec0bfa8a
test/aaaaaaer_0_28.png,274a927b23b888e1486920357c19b362
test/aaaaaaer_0_36.png,f5b1d6394ddbfc55c0925b34981c2656
test/aaaaaaer_0_43.png,46b9c1a3462e058e302e6e4e693a35fe
test/aaaaaaer_0_50.png,b5bd075d6b678005fba82d434558c7d9
test/aaaaaaer_0_57.png,2c778720146dac67f0f921a61de85a37
test/aaaaaaer_0_64.png,2e39c4d1502776e4d04e7a2e060a2132
test/aaaaaaer_0_7.png,c27a19112473b7f299ee135f853c1b69
test/aaaaaaet_0_0.png,ec0bb4631b5c418790882b117c6438fc
test/aaaaaaet_0_122.png,aa81f1b8ed9381072af079ece9dea86c
test/aaaaaaet_0_153.png,1316567fad0521d379b0288ce48fc400
test/aaaaaaet_0_163.png,1978ddddad3b1091f565408a6e9c8072
test/aaaaaaet_0_183.png,e3b0a61a4fd19b02cb782f6b4d3317c2
test/aaaaaaet_0_214.png,7009742f60fce05be29dc4582c76aeb3
test/aaaaaaet_0_244.png,11349aa1a2cf341fd539ad8b05773c99
test/aaaaaaet_0_275.png,a8722bace5d6c42773321a22e2349df6
test/aaaaaaet_0_31.png,f8d0f9b5d770166427499f93e930fb0a
test/aaaaaaet_0_61.png,a5d6731d466332c7b2662d447850110b
test/aaaaaaet_0_92.png,9dab6581edc7841edec14d93b256c87d
test/aaaaaagx_0_0.png,52fada32cc0908b49d35b837e6a914e7
test/aaaaaagx_0_15.png,214e827fed5bd5571ac8345ddb9c490d
test/aaaaaagx_0_17.png,0fc526bb06aa684412514d216fe136a4
test/aaaaaagx_0_24.png,4c434da70f0cde1b1f3f3f8094d26cbf
test/aaaaaagx_0_26.png,a3cedd005ed0b76ee61e531b3c8ade47
test/aaaaaagx_0_35.png,8575161badd3fdaf82216da139a14eae
test/aaaaaagx_0_43.png,d0100304f6554ad121e0c87f52de8940
test/aaaaaagx_0_52.png,e64876eb382401042cb4aaf598526166
test/aaaaaagx_0_61.png,e3adae249158a468ac5abeec6fc90353
test/aaaaaagx_0_62.png,993281544cf72c5e59f269181bddb5db
test/aaaaaagx_0_63.png,cfbd67c502a7a0bda8a8c8b84d8894cf
test/aaaaaagx_0_64.png,3a01736bb0d52a790f8b945a5e8b5d9c
test/aaaaaagx_0_69.png,ef632a6f918d76e0279edccb8bfc1857
test/aaaaaagx_0_78.png,ec6f7f8c4da6746434bb0fd9b38ffab2
test/aaaaaagx_0_9.png,95f6fb2da74fe3102f5134757a02bce9
test/aaaaaahr_0_0.png,5d8842e9cbdf5426114d8ec2f405ad68
test/aaaaaahr_0_16.png,2a1a7933b23d53295bd62500adb25984
test/aaaaaahr_0_23.png,b76d6807e7250a8f993f50d4a4461e70
test/aaaaaahr_0_25.png,c1d89529de6596d9bc62ac7205c609fd
test/aaaaaahr_0_31.png,108bc1167811e29e90435b4fb3eae556
test/aaaaaahr_0_39.png,f501193e4b89b8a51066159d7eaf416b
test/aaaaaahr_0_47.png,062e07191200730d2fff46facd59dc78
test/aaaaaahr_0_54.png,8c37c1ea639bce3dbc93fb4ac8b327f7
test/aaaaaahr_0_62.png,d622b477dc150b405c1dd907a9f1610f
test/aaaaaahr_0_70.png,1352a1361084b93caefc2b5f0093535b
test/aaaaaahr_0_8.png,53140301d4e24c229e757c599a40881b
test/aaaaaaie_0_0.png,e1eec4f6e89ace5586251458c892ca68
test/aaaaaaie_0_16.png,f34ce5aa997d310fbf339c35e7f05bf9
test/aaaaaaie_0_24.png,86e1bf0670af86117df268db6a28b82e
test/aaaaaaie_0_28.png,2d281f9fe682a48c4a4bdb6b9b781df5
test/aaaaaaie_0_32.png,18ec765c0868012b1a45c533ade8a467
test/aaaaaaie_0_33.png,b2465cb07d9410bd1eb15f4a0d43da1d
test/aaaaaaie_0_34.png,695f2d1019fe6734c3ef8cc6ecbc491f
test/aaaaaaie_0_4.png,32a40452fed16869954336211d29ed8d
test/aaaaaaie_0_41.png,eb7211d7ca552046adc998509b709cd5
test/aaaaaaie_0_49.png,ba310c36e49b755282ac527e5e6e6969
test/aaaaaaie_0_57.png,20b2f0e4a8fada9c19d00c19c217c2aa
test/aaaaaaie_0_65.png,05257973f729cf59722e4c3bf0ba6599
test/aaaaaaie_0_73.png,8229ab8bb5bf2c153cd9fc7b3b548adc
test/aaaaaaie_0_8.png,0c64d0cbfdbad95821e495a46973d49a
test/aaaaaajc_0_0.png,0c9c709a55c6d672b60cf15dc706f919
test/aaaaaajc_0_1.png,0acd2ae6b119100a2074ab8343b73c06
test/aaaaaajc_0_11.png,77b7380e221c275214cbd4b9c62237eb
test/aaaaaajc_0_12.png,0c035070e28076360b185530b69610ac
test/aaaaaajc_0_13.png,c4bea97f4156cc41b4f8417d7f5ae6c6
test/aaaaaajc_0_14.png,01c7b0f1e298fccfac4e9ac351e77301
test/aaaaaajc_0_2.png,d87c04774113448dfa1640ec4e1740e1
test/aaaaaajc_0_20.png,6b45197a6267ed9be5d8ab9e1a7106b3
test/aaaaaajc_0_27.png,8433cb8f056663810225704418fa5666
test/aaaaaajc_0_3.png,bcf65845ad4d82a653057b113f5542fe
test/aaaaaajc_0_34.png,f9d8d4bb5c5bc417289bfaf1addd28ca
test/aaaaaajc_0_41.png,7fb46c5e793307aa880f81d5992f2461
test/aaaaaajc_0_42.png,da08af73e1eb85390f0a6ade9b4776f8
test/aaaaaajc_0_43.png,d85cfd907729b794f88f7e0da9fd545f
test/aaaaaajc_0_44.png,c3b778c4d1061a1b9e925cf3eeb62e4d
test/aaaaaajc_0_47.png,2941784fbd724ec35f972be949647961
test/aaaaaajc_0_52.png,4e9a5e64bfeea5825728feed22bbab02
test/aaaaaajc_0_54.png,cde65a425bc1308d80979e484fcfcb05
test/aaaaaajc_0_60.png,d9b3fa70dc2f2215f5235fc687b0ab65
test/aaaaaajc_0_61.png,5bea0a851b03726b42fc529376626955
test/aaaaaajc_0_7.png,4eb854a7c7eb6068dca4682789dc1a4f
test/aaaaaako_0_0.png,ce56c504168dee6a18147345042cbcc5
test/aaaaaako_0_12.png,2821928e89703915cb5a223ff39485b9
test/aaaaaako_0_19.png,0c65cd58c44a2a625c05f113f7ce21c1
test/aaaaaako_0_25.png,6e379d264ce1ec35ab73310799e925dd
test/aaaaaako_0_31.png,80670a578b64cf2781ce0c99944f0f9c
test/aaaaaako_0_33.png,60096cb35685ae22519c0fe84fcd322b
test/aaaaaako_0_37.png,cccf7cf8c39a59e9d259e23a0f034a5f
test/aaaaaako_0_44.png,ace4feec891297164fc73b12456f9d69
test/aaaaaako_0_50.png,5f2f0eafd4eebc08ea40723150a10e83
test/aaaaaako_0_56.png,2cc0e1508ce4487ad1e185f1422e1d62
test/aaaaaako_0_6.png,ac35fcd1006ea13a9544f058cdb56433
test/aaaaaamc_0_0.png,c04f1e10b1d459ac08fdb1321f0a49cd
test/aaaaaamc_0_10.png,cb73512f9cb0522a37d32acfb1c5f7b5
test/aaaaaamc_0_13.png,f91e9b74e27569328bf121209e4c6f92
test/aaaaaamc_0_14.png,09078225313840794d3ed6de101d3985
test/aaaaaamc_0_15.png,6519e90bc649cedd286c5c207af72234
test/aaaaaamc_0_16.png,ac91baac1440c11802164eeab0414dd3
test/aaaaaamc_0_19.png,53b1d1e53024a3de055eee5c666eb42d
test/aaaaaamc_0_2.png,d84872866648cee7534fb742337d8ef8
test/aaaaaamc_0_21.png,0f74e1a2a10c0ab13e10fca4f83681e8
test/aaaaaamc_0_23.png,06a1fc5151a60e63ec33e14f0dd9592a
test/aaaaaamc_0_26.png,23ffcf424373cd4be910a9bac5088da1
test/aaaaaamc_0_29.png,2ab4911889becde516e45595939dfc4a
test/aaaaaamc_0_3.png,8b127502b521e1a0b2b2f1770c5260cf
test/aaaaaamc_0_6.png,9334746caceda0e6e65dbb082b98ad1a
test/aaaaaamc_0_8.png,143bfd7ab0642ad8389e0ea34035299b
test/aaaaaatm_0_0.png,b29f135d6a554fb396d389658bed2326
test/aaaaaatm_0_13.png,71076bcb515f644c7397f6880f25ab08
test/aaaaaatm_0_20.png,0864e57f7e4b7d63df392555a4f63bf1
test/aaaaaatm_0_27.png,2e1cbb555c22ccc385f9b922840774c8
test/aaaaaatm_0_3.png,ac3a590007e3212e88fe7a5890ed9762
test/aaaaaatm_0_33.png,7a621ff5f67f297ae381c4a55bad73f3
test/aaaaaatm_0_40.png,674c126fd93870979ebd8ec6623cd7b4
test/aaaaaatm_0_47.png,9a9de7f6cde60eb01acd2846b3a453c2
test/aaaaaatm_0_53.png,2f8ed3917261dd4c44ed1dd850d14e3a
test/aaaaaatm_0_60.png,71097818dabb3aa209708a30401f5ab8
test/aaaaaatm_0_7.png,2ce8046983601544fc0f82d1f7d3163a
test/aaaaaatx_0_0.png,8806e4de6b35f9297ac1760bdfd43b5f
test/aaaaaatx_0_1.png,c10452800f33410b18d9486608a71c8b
test/aaaaaatx_0_10.png,fa4ffe1ad32a469c539c3148340527c2
test/aaaaaatx_0_19.png,088789099dc9917eec4e28c2729d9124
test/aaaaaatx_0_2.png,23dc5e3d1c5aac4d53c7978ed175fc7e
test/aaaaaatx_0_29.png,adf9f1e31fecaece765d237cd51277c5
test/aaaaaatx_0_38.png,9e560febb6f7e5e9e59595eebb374d56
test/aaaaaatx_0_48.png,d44a0be3bcd0b87d79017273ebc6143a
test/aaaaaatx_0_57.png,6b10584fa52b64f3ef6206c9da09682d
test/aaaaaatx_0_67.png,1fa0bd4e9d2cfa68972242303a959eb9
test/aaaaaatx_0_69.png,6260633811ec939621ec5e2162720afd
test/aaaaaatx_0_70.png,974c74fa62373a3995af72f4c504f5e9
test/aaaaaatx_0_71.png,5b76410646c2d298fe4806fabf6ee7d8
test/aaaaaatx_0_76.png,936a3622dbd69e273009de0387e88830
test/aaaaaatx_0_86.png,aea0ca2086f9b1e242d3cddc7d672019
test/aaaaaatx_1_0.png,9a238ab426fbb2920aa3f11a0be49d98
test/aaaaaatx_1_1.png,e1d2149032727325c39b36214b9ed318
test/aaaaaatx_1_10.png,4245657507d06f490052bf8f12c65378
test/aaaaaatx_1_13.png,6fdd61fefcd5769a64a4f6ddb441e2b3
test/aaaaaatx_1_16.png,4e6d47efb430b28ee55d1d5b1ec7fc05
test/aaaaaatx_1_19.png,eee528ade1b89f40ad5dc5a0dc90f9d4
test/aaaaaatx_1_23.png,5d49610cecbbd41d25f896fbde864d25
test/aaaaaatx_1_26.png,1cacd0d35ae7cd91be8c47009ce32046
test/aaaaaatx_1_29.png,974247b3b2296f22d179a98eb1b2a6eb
test/aaaaaatx_1_3.png,106e91f87366f3b8a8c5e51cb2258ca1
test/aaaaaatx_1_6.png,e0632dd0bbd4fea2fc53013974a15d15
test/aaaaaatx_2_0.png,4a6c9ecb3c194917e6424f8f97b77f27
test/aaaaaatx_2_1.png,8e1d08718149215b4e5463eabf347982
test/aaaaaatx_2_11.png,dfb147fc1d17923615be2d5694528a06
test/aaaaaatx_2_12.png,86a104a0f5483bf8fa4725cb591ff5fb
test/aaaaaatx_2_14.png,867a25f3516a03bbe32a5163207f4321
test/aaaaaatx_2_2.png,5740d4d59928910dde8e294eb843a528
test/aaaaaatx_2_3.png,9091bc713007dafd163449000928bb28
test/aaaaaatx_2_5.png,c4d8a8e4a9f7754cebc4dc98a664bc88
test/aaaaaatx_2_6.png,d74caeda2ad038545d1e1224ef5b3746
test/aaaaaatx_2_8.png,66e85481bc81c62f0d2f8244db300027
test/aaaaaatx_2_9.png,f545fe16246520e5aa4679620be3f37b
test/aaaaaatx_3_0.png,2cef9f4bc4b1db4a06e542acd819df84
test/aaaaaatx_3_1.png,0ab1b43e61a24ec4a9b417f87800f969
test/aaaaaatx_3_10.png,a553e1ddb2d533e713baf1e7e0a1f7ff
test/aaaaaatx_3_15.png,ff416668119e440744e32ec45d8e7620
test/aaaaaatx_3_2.png,73f25c170a32abd7761c86b3995a2c10
test/aaaaaatx_3_20.png,c07437295adbf1060a204aad76babfdb
test/aaaaaatx_3_25.png,ef074b226123df55c8094357f14c3933
test/aaaaaatx_3_30.png,250b50812d6a38ecff8e4bf36299ebfe
test/aaaaaatx_3_35.png,e011ea67bd015ca7d872e385ba2461dc
test/aaaaaatx_3_40.png,78a864e6f7407847c785dedefcd44c4d
test/aaaaaatx_3_45.png,d4a034511ec009a8ddd77fba2dc81b38
test/aaaaaatx_3_5.png,0395a0a9c9303c2bdd1b8b96be5d6371
test/aaaaaauq_0_0.png,359ce44ef696b7c537caee365d17ef5e
test/aaaaaauq_0_10.png,988b0aaec0d24c02b8d8230f4cb8da00
test/aaaaaauq_0_13.png,ee2cc6892e7fd2d1021fa7e3c10ad1be
test/aaaaaauq_0_16.png,99d8ad3a48c79261bb95c7201f17103a
test/aaaaaauq_0_19.png,d6b6612f088089e1257ba26beafa1395
test/aaaaaauq_0_23.png,08a314ff296cb7ff63c75a2d808b4ed5
test/aaaaaauq_0_26.png,f684f57d3eb186179f3cd30381d894d8
test/aaaaaauq_0_29.png,2b28c3c591d113cee2372479c06831d7
test/aaaaaauq_0_3.png,24e567a18b2d1378ad54c5b3304325a5
test/aaaaaauq_0_6.png,b4d309c060c0b080c7487d135c789849
test/aaaaaauq_1_0.png,1e8ea860547da3dedfe9c6c8f21ed4ee
test/aaaaaauq_1_10.png,80e731a74c81467b4c0cf647456be8de
test/aaaaaauq_1_13.png,53c93ed61abf19a08e61bf0b4af8d0ee
test/aaaaaauq_1_16.png,819f42b91391e0d0a9b7918228dcae7a
test/aaaaaauq_1_19.png,1d200837137d7a4689472246f1420551
test/aaaaaauq_1_23.png,cefcd56ea5eb0fbdb0e680eba049a388
test/aaaaaauq_1_24.png,46ccc7bb2affeb31fa09e0e0c6c573d7
test/aaaaaauq_1_26.png,668bf9581d3c1429dc7506ea6e3956d0
test/aaaaaauq_1_29.png,97c2676e8836aeff2931847b910c8ca7
test/aaaaaauq_1_3.png,5bc9134acc1644da42c7c2a71519206f
test/aaaaaauq_1_6.png,11a5334b7f337b8744c184da39d27fbb
test/aaaaaauq_2_0.png,9aa8e2f35b0b02de83998fdb31129e3d
test/aaaaaauq_2_10.png,ee98ab06dcaa83ec7c941d06945eec7e
test/aaaaaauq_2_13.png,69a45387196a4c2b97fb0969f012d2b5
test/aaaaaauq_2_16.png,9793682f4ed2c5c7e99f8a3e41b0d977
test/aaaaaauq_2_19.png,5b6f425f23286de1659410ce861ef63e
test/aaaaaauq_2_2.png,ab1a3f038b36e972e28d1db86b2623df
test/aaaaaauq_2_23.png,07f2c0f1145e4abe6e628acea37cd67f
test/aaaaaauq_2_26.png,67f0e7966b1552d51cc3d5fe7c877806
test/aaaaaauq_2_29.png,3776b1f119370c6fb4c4f2b82adab845
test/aaaaaauq_2_3.png,6b16517a844c218c5881e990f534bc08
test/aaaaaauq_2_6.png,8b1c342ed2b3554c083e6a018227c48f
test/aaaaaauq_2_8.png,2eaa40de79e8a386fc2b5438b7c698ce
test/aaaaaavs_0_0.png,eabef60f7df666731293558b08b91f82
test/aaaaaavs_0_12.png,c2288cfba3248d9cf6b69049e4f1a937
test/aaaaaavs_0_15.png,bb089760006c50a9ee53a2478782140f
test/aaaaaavs_0_16.png,ac66aebacb23c418f9373f194f56b2fc
test/aaaaaavs_0_21.png,4b5ffb531c0bd5c4d59d0d220a817ca1
test/aaaaaavs_0_25.png,5b81aeac856df6d4bd47557f11a875ef
test/aaaaaavs_0_29.png,7e77efc111f610f9ede3c52b5d30ce9a
test/aaaaaavs_0_33.png,5826e77446f467163baf980dd2986316
test/aaaaaavs_0_37.png,011313d673c4dfc7f1e881a441531432
test/aaaaaavs_0_4.png,d3e742a9a5edfa3c88947c26fd6d2ca0
test/aaaaaavs_0_8.png,c9349930de88494e6ae6932409c0bc48
test/aaaaaawq_0_0.png,d531a4d84e18a6034c1f52a5f9e8508d
test/aaaaaawq_0_11.png,874a93486ed4fc56d2848ef7a97a5802
test/aaaaaawq_0_12.png,794d9b195fcf66d56df2ddafd9ffe5f3
test/aaaaaawq_0_14.png,6ec03abb569328d3b74cbcd660490779
test/aaaaaawq_0_2.png,800c4f6177eef8dfa0a386cfd49aa2eb
test/aaaaaawq_0_3.png,8d5fc6ed4f6dd30bab97fc8552d22eb0
test/aaaaaawq_0_5.png,4073360c33d95b39f8f3da2d423fc2a4
test/aaaaaawq_0_6.png,c234f18343221b13af36d7da04fb6e85
test/aaaaaawq_0_8.png,5646109282a34ac995dd0e06b130d02f
test/aaaaaawq_0_9.png,65e647d7d92bb3b82f2b5d8d952665e4
test/aaaaaaws_0_0.png,d558a570208f03512b05e411ac3fc546
test/aaaaaaws_0_11.png,704edb182985c6602196c0b5cbc4d520
test/aaaaaaws_0_12.png,fa371834fcfef7d84f9c2a30679b2929
test/aaaaaaws_0_14.png,1c5cf88961379ca0c402f1b82eef3a47
test/aaaaaaws_0_2.png,5e2984b8444050e611b377bb05d722e1
test/aaaaaaws_0_3.png,5eabff3d1ef1ef405574d1497967d1e1
test/aaaaaaws_0_5.png,6c3b4f40d92b25a3a72d53199742c3a4
test/aaaaaaws_0_6.png,4b55ba7088e532c92db2c97b7e2c84cf
test/aaaaaaws_0_8.png,29761eea57b74323fe8998dd8c07ea46
test/aaaaaaws_0_9.png,edc75fc47cd58cdd0a5556e7b0151bc0
test/aaaaaawx_0_0.png,58ce4ebdc2ba7d3653f35cd591be7584
test/aaaaaawx_0_15.png,8eb53b9c3cf957c863fe4d19f0cf6c94
test/aaaaaawx_0_23.png,d4e468a23acd87080c7614ef9093cffe
test/aaaaaawx_0_24.png,f4b494660b0a843682eeb040879d9590
test/aaaaaawx_0_25.png,8efea7047ca26da8af48aa8e529c5e44
test/aaaaaawx_0_30.png,e4c38e1fb5c5b88dc74288f49720242d
test/aaaaaawx_0_33.png,40913d3e0943aad122dc56ca260e52ba
test/aaaaaawx_0_38.png,f4b36d24170c3b31257d47a86a845f36
test/aaaaaawx_0_45.png,dc40a23993050d747e6dbd0dbce4fffa
test/aaaaaawx_0_53.png,ea2a448df21cd84fdc5c26d456ba63ce
test/aaaaaawx_0_60.png,0338bb63d557a64497fdb946b708b272
test/aaaaaawx_0_68.png,4cfe6515f518705f5f9128ee2461ea66
test/aaaaaawx_0_8.png,fb43a6f8a966b1e98829a444adf9fff0
test/aaaaaaxp_0_0.png,cdce9581c28e3d94ea31ac0ff66d3723
test/aaaaaaxp_0_15.png,4e00a777e8be27fb7e7d328bcd00e128
test/aaaaaaxp_0_23.png,7a408127e901a1dd5aeaf02410bcc915
test/aaaaaaxp_0_30.png,f322af19b09fa14b086e50a4d4e6b27a
test/aaaaaaxp_0_38.png,7460df8142fbc2c136dea65c0125329f
test/aaaaaaxp_0_4.png,1c8a72c3cd252c354be12544105ff8cf
test/aaaaaaxp_0_45.png,83abc03584469713a36e6a1202f29a84
test/aaaaaaxp_0_53.png,7dbafc016341e50506a6b8971a102924
test/aaaaaaxp_0_60.png,3d2b9199c2d2b2ab55e469c63b7fd8d5
test/aaaaaaxp_0_68.png,4b1e9cd1594d1001c1d3954bcb7ca103
test/aaaaaaxp_0_8.png,76ff1ff22dc15e744af2fe41a1ac25e0
test/aaaaaayn_0_0.png,3863215ce0887bc32735832d4f878362
test/aaaaaayn_0_15.png,f280b07cd5f4d3b939cdbf5e3a8ad0b6
test/aaaaaayn_0_22.png,7cd09b45efc07b6fb2a6efd0cf5ad0f9
test/aaaaaayn_0_30.png,59d3c48f8c54dfe88065e65c2dfcef07
test/aaaaaayn_0_37.png,c18eef86e62cf5186814c6414b8ebe93
test/aaaaaayn_0_45.png,b5e3df17f4a76b07c2f048a3a4938616
test/aaaaaayn_0_52.png,3e6772534f834d00f1afddabac2ea2eb
test/aaaaaayn_0_60.png,e2d7ccd1f160ba926ae090b18edf775f
test/aaaaaayn_0_67.png,4a9643c8ddd6dd5dabbbd92721e4ca35
test/aaaaaayn_0_7.png,ab88c1bf3c25f0c8d09061e692dccee2
test/aaaaabbn_0_0.png,51da7c8ce7d478f7da9979afbc22f65f
test/aaaaabbn_0_10.png,8694b51022c595332b5a6f73d7277c15
test/aaaaabbn_0_12.png,f9fbbd2bb071eea89ea2e594caeb5722
test/aaaaabbn_0_15.png,af296cd6049c2751c963143ff17eb14d
test/aaaaabbn_0_22.png,dadbc57fc399bd1b5a0e7ba601ad475c
test/aaaaabbn_0_29.png,e9f4b9c87b700eda5f846c7405c006e5
test/aaaaabbn_0_36.png,81e005fc88a7072cc8cb2548437aa7b2
test/aaaaabbn_0_37.png,f19c1e6cd3528ebf09aee834122910e3
test/aaaaabbn_0_44.png,25c5194214d5c0dd8926476d130d469e
test/aaaaabbn_0_51.png,8f0f29c13ed7a50de155e3f1fdfe5be0
test/aaaaabbn_0_59.png,63f111da2d1527539c5bd1300593b6d7
test/aaaaabbn_0_66.png,2d60639df15dee511d25a06001fcd3c9
test/aaaaabbn_0_7.png,8b672153d8d9618335eb9e9ff5337186
test/aaaaabcv_0_0.png,63e86ed851416c934754c370ff74d385
test/aaaaabcv_0_10.png,9cfd86c75430a614fd77881c4d76c92b
test/aaaaabcv_0_12.png,a38b30e981d165098c72e7439a391e46
test/aaaaabcv_0_13.png,14cc2f2813d1551f0424610e59e8f0e2
test/aaaaabcv_0_15.png,2ef53b032064de15509c27f843ec3786
test/aaaaabcv_0_16.png,dc594ae166e87c3ed6c02c72d9354383
test/aaaaabcv_0_19.png,ba70787659235a2c46bb36bc1aba07b3
test/aaaaabcv_0_23.png,45c85ceb065b1be7eaa7f2550afbb147
test/aaaaabcv_0_26.png,3883b4d8664a773cd4610b7d3fd906f5
test/aaaaabcv_0_29.png,cc3f7f0776b94a5d0ddd0e7ae4488324
test/aaaaabcv_0_3.png,45659da2f63c8e7c54ac013170c3a876
test/aaaaabcv_0_6.png,ce45c1327d6a9d157760b85015e0c4da
test/aaaaabix_0_0.png,96967e107ae13975e13a6d8d5d295870
test/aaaaabix_0_16.png,0bccc1bb2519d132366afd1cfc9f9df4
test/aaaaabix_0_25.png,f4cef287b26a9d640c2cacdf3d26c9d0
test/aaaaabix_0_33.png,20f4139b0bfcb3efbdba8a51509abb5f
test/aaaaabix_0_41.png,f8eb4bb89bf3bb1649c8b94d91d02022
test/aaaaabix_0_49.png,64dfdcd32dce47c67fd45910c3e46c27
test/aaaaabix_0_58.png,46c52e57effec7f0bab337c454471c86
test/aaaaabix_0_66.png,024b846980fdff93f456d71b0555d0c4
test/aaaaabix_0_7.png,503c8946ae638f68e477af67f002e1d6
test/aaaaabix_0_74.png,b514ad17dae516f537b3dae609301cbe
test/aaaaabix_0_8.png,0bf20ffc73af5de817daf86863731d06
test/aaaaabjd_0_0.png,9272cc4ac855a8f9e690f41861d8c83c
test/aaaaabjd_0_10.png,90626b4ba7c6a23ecf3b6d9322bd51a2
test/aaaaabjd_0_12.png,7edf1c155bf7d864801883ad62b56ac7
test/aaaaabjd_0_13.png,684b9365a6f6ebbf8fc790b8ca18848f
test/aaaaabjd_0_16.png,e7011efa5b704705cdf0f7b3b1defc38
test/aaaaabjd_0_19.png,cf9d83555c72677f4431dd6e551ae81a
test/aaaaabjd_0_2.png,e7b4cdd0e7d0dc80f9ee232b46426a5c
test/aaaaabjd_0_23.png,a5fb956de651cdfe7c24fb5a501a32f0
test/aaaaabjd_0_26.png,773fc0cb7b9722b886b8d8d8a992bc3b
test/aaaaabjd_0_29.png,4a5c5e4947b9bebe0b27aa439fa5c758
test/aaaaabjd_0_3.png,936729abf3234def22366903b49c58b8
test/aaaaabjd_0_6.png,72dda74f036b3185ed94276721280448
test/aaaaabna_0_0.png,e21fb1d259f9ce0a0b77fda5da7147c1
test/aaaaabna_0_12.png,570929e85eaae15268706a7d23740f75
test/aaaaabna_0_14.png,fa84db8770ae0cb0ddbdef960edb5c60
test/aaaaabna_0_21.png,b0faa9420f4810794defec48b22b40b7
test/aaaaabna_0_28.png,8c21de9b13d11ea19283337e123cce65
test/aaaaabna_0_36.png,99e9f044843930a051bd94ec9285d4ca
test/aaaaabna_0_43.png,fb47e4563ccbad472dff359b5ee25623
test/aaaaabna_0_50.png,5b58b46c1f0f17993f16e391e55c183d
test/aaaaabna_0_57.png,777e49b4d612242f3ced3f3c55b937f9
test/aaaaabna_0_64.png,a0306685666138c006d50d592be18d8a
test/aaaaabna_0_7.png,b30854444beadb3d14b7a845a9dcc225
test/aaaaabom_0_0.png,7e776a2f44f7496c3cfd843140961262
test/aaaaabom_0_1.png,662bc45cdd15205e078224d467adcbaa
test/aaaaabom_0_10.png,e5f6307e17dd6075fa6b0c3acb5a6a52
test/aaaaabom_0_13.png,0c50c0dad6288ae64ad40b75ef378500
test/aaaaabom_0_16.png,e3b67b37971445cdb9ab42506ca179bf
test/aaaaabom_0_19.png,01425f64a7c0994d44b2c543cbb9e49d
test/aaaaabom_0_2.png,4cd2ac0a65f49bf1805c4e83ad952ee0
test/aaaaabom_0_23.png,8a1b83f858aa33970b69b33530a7fd6a
test/aaaaabom_0_26.png,b7c576392aa3b07793a01e1c7d866315
test/aaaaabom_0_27.png,4cc1eeb19865942a4d42675452c9e60c
test/aaaaabom_0_29.png,370c1e7d8939d6927bafd45fe30a247c
test/aaaaabom_0_3.png,5ac64d096ef7c7b2fca3050d5211af11
test/aaaaabom_0_6.png,25aac84bebc27e2d884a4a4519214621
test/aaaaabor_0_0.png,eea27343e4879d60a1f0ff46c97976b9
test/aaaaabor_0_11.png,dfe9e3c8c100adebb696850be61d1890
test/aaaaabor_0_12.png,1fb60498410826f0a7591ed742c911e2
test/aaaaabor_0_14.png,f5eac22be0653fb8408ecee266a7eeef
test/aaaaabor_0_2.png,6cba6f405436b478a81672b84982a30d
test/aaaaabor_0_3.png,090fbbaccb737bc5ec49e708c4afd95f
test/aaaaabor_0_5.png,cc2a607de9916d4aa6aba47213d34526
test/aaaaabor_0_6.png,05f35010e95f979ea4b561e89e5122a4
test/aaaaabor_0_8.png,2118faf7843194894d7d6ff2862d5ebc
test/aaaaabor_0_9.png,298f0286caef60a894f87b462e9d4767
test/aaaaabor_1_0.png,1693dc082ce64427dc605f9bf92730e0
test/aaaaabor_1_10.png,177494dc913788f0d17293f55151ee1e
test/aaaaabor_1_13.png,886edf08ada3ae7bcc35b4315e2039d0
test/aaaaabor_1_16.png,994ddb4108d627bf3dfc93a650c5c5c0
test/aaaaabor_1_19.png,df7e8c9aa8f6ca977cbe3668049b724e
test/aaaaabor_1_23.png,dd549914fcc48d09c89a35a12205d436
test/aaaaabor_1_26.png,1d99bcde520ef95b8e1cf83b769c7891
test/aaaaabor_1_29.png,b93d9ef5306ce70fefe9aaff9e3d0bc1
test/aaaaabor_1_3.png,2b619d49bec848d39619ea81fd460e64
test/aaaaabor_1_6.png,258e7ce6b4f03eb40524eb45f461791d
test/aaaaabor_2_0.png,802c740120c93d429182869f67811d01
test/aaaaabor_2_10.png,00f8a18888405107a0449433e1603de2
test/aaaaabor_2_13.png,07b8a83a40591b2f52555afdd8770f35
test/aaaaabor_2_16.png,8b95cde27435a7800e2a7e027ea8cbbd
test/aaaaabor_2_19.png,f7af0bac16ddd3fd31735dc9f494b7f8
test/aaaaabor_2_23.png,35fdea48ef71a5110b2c88730911980a
test/aaaaabor_2_26.png,ea27cd9bad7e0f3fab11cc8acbbc30f2
test/aaaaabor_2_27.png,7a82b3b9ca695e0891fc7da217a222a7
test/aaaaabor_2_29.png,e2ba0fd5259113e296fe85a243a80cd9
test/aaaaabor_2_3.png,076f1501347f986d0b2b661e708c8385
test/aaaaabor_2_6.png,ff879d7fb798c73a2916551974100fde
test/aaaaabor_3_0.png,40a4feb2a3b8b073da1e2330c4465bd0
test/aaaaabor_3_11.png,649441b3910b50ceb1fe751cc1b79b2b
test/aaaaabor_3_12.png,be26c40fc89fd0fb7a724f846f288d23
test/aaaaabor_3_14.png,3f98f365c5251f25d060b62d8f47c601
test/aaaaabor_3_2.png,d5503b5e41b3ab9814d4a27860b2dca4
test/aaaaabor_3_3.png,60566f81b0ef370bd6a113217a3ab993
test/aaaaabor_3_5.png,acf331ad7e29c796bac9ad0138396a3b
test/aaaaabor_3_6.png,3a2f35223fcae87c18417216f0853428
test/aaaaabor_3_8.png,510c05bfa67c52a437c01569eed8966e
test/aaaaabor_3_9.png,89538a6f8a70eda75d696d64ada3e54d
test/aaaaabor_4_0.png,9bc66d5375a92d24517da28febcbbfd9
test/aaaaabor_4_10.png,b57cddcc38dcfb7bb47aeb2c3f2a57ef
test/aaaaabor_4_13.png,a7aed60eb82c0c27c813e8b82a3d7ed2
test/aaaaabor_4_16.png,62530528a907dbf25ff2bf8184a2cf23
test/aaaaabor_4_19.png,6e1401d683331d775ff1bbddb38ce241
test/aaaaabor_4_23.png,55ed092116788d1823c9fffd48158d60
test/aaaaabor_4_26.png,b3c74823983172bd91ae812ff4ddb190
test/aaaaabor_4_29.png,a8439c8f3e4eb6b7d3853449b3a1da12
test/aaaaabor_4_3.png,67e314e1898e8a3e05126aa81a45ac35
test/aaaaabor_4_6.png,b203e3dd325014087a2b45ae7a56dc3f
test/aaaaabqo_0_0.png,662651c69443bf44b8fa41ef551b892d
test/aaaaabqo_0_15.png,601ddd83e078186ebbcf175bfbe12413
test/aaaaabqo_0_23.png,7cd24d725b6db602e67ca199a7a5988a
test/aaaaabqo_0_31.png,1df6b87ce845706300a201a25ba87c97
test/aaaaabqo_0_38.png,a54626d1f8db3b9b4b2389f1097e1845
test/aaaaabqo_0_46.png,d63fd364203f26a68e9f7949b92f6180
test/aaaaabqo_0_5.png,65c84211887e0e93e1400de65c293a22
test/aaaaabqo_0_54.png,34de89a581637e64b8efd28bae8a0aa5
test/aaaaabqo_0_61.png,d32664902784bb49e36cdd7953fcbcca
test/aaaaabqo_0_69.png,95a4a9652f6a1e2861d92517ab492b21
test/aaaaabqo_0_8.png,87dce71f9f86592584a239d72720a81f
test/aaaaabth_0_0.png,522e6ba367a8dcf3478299232c960b1b
test/aaaaabth_0_13.png,1596b8c92f3c9ddf4830b08c0ef238df
test/aaaaabth_0_20.png,7e517d98dd94de4c81d31d705e83d991
test/aaaaabth_0_26.png,ed8c4b11aedede4bc6bf0893e7ed72b2
test/aaaaabth_0_33.png,025dd16e166d64a7764b737855d6ec10
test/aaaaabth_0_39.png,495959006996d400d968e25b28d042de
test/aaaaabth_0_46.png,f2e4c898f4ad024968b29a6bec9bdb03
test/aaaaabth_0_52.png,f8f241bf2a753338176b332d4e1a32ca
test/aaaaabth_0_59.png,3d0685161a5235da5f2c45b50d0d15ca
test/aaaaabth_0_7.png,dc9bb181728779a777914f94ac5c43a8
test/aaaaabtw_0_0.png,a0277db2550406e5c26730208d1e8c89
test/aaaaabtw_0_16.png,aef32cd853fd79b61215a77d6a253f2b
test/aaaaabtw_0_24.png,f1822f9079b17124e6d5b5c067ac1cf2
test/aaaaabtw_0_32.png,cab35f8de262f0f6d9c89a062ac57a1e
test/aaaaabtw_0_40.png,81d1cb6a6037d36989c4bff179cb36a7
test/aaaaabtw_0_48.png,bb149a49b4ecd57d04e78334fccf7e4b
test/aaaaabtw_0_56.png,a3bc5a8f2fa248a716ce1c1a0698310d
test/aaaaabtw_0_64.png,2bfc5ba0c135e8175406c5d22bfbcb19
test/aaaaabtw_0_72.png,0989796ee5006471f129784dbeada97b
test/aaaaabtw_0_8.png,e326c5bd5ae6a8c9eb534d0a874784a2
test/aaaaabyj_0_0.png,8293414f0bba9211a804dbdeca86da48
test/aaaaabyj_0_11.png,932b08666269bb49041e660d2129e3f8
test/aaaaabyj_0_12.png,21c8844ebf0aa44f42fb5785f6042c01
test/aaaaabyj_0_14.png,51cb3c482e807fd089e9d717d2889fa9
test/aaaaabyj_0_2.png,d096c3927ca5c301f4a0e6f6d98a501e
test/aaaaabyj_0_3.png,971aa767e93106250b03eb277ccf891f
test/aaaaabyj_0_5.png,ea60072c3a7a432b3b4589d61e4d1740
test/aaaaabyj_0_6.png,73dc0655f553ad23df4bc505c4ca3563
test/aaaaabyj_0_8.png,7ff57fc57decca78281bbcb500f1343f
test/aaaaabyj_0_9.png,c9d63068354fc347d19d77b02f823ae4
test/aaaaabyt_0_0.png,7baa495ae1e921fdf6cf344148d9dbd9
test/aaaaabyt_0_12.png,a9f4453045cf002aa1364ef58e46513e
test/aaaaabyt_0_19.png,02eee1112ab3d8aa79f7f1c7c9692d7a
test/aaaaabyt_0_25.png,076fa94a14b622ea6c56c56b7e14e341
test/aaaaabyt_0_31.png,db9eed48837c3c67a4092a178882f3c9
test/aaaaabyt_0_37.png,63a219ca618806885ded5740b38c120f
test/aaaaabyt_0_44.png,699c20f5f32662e429513ede6c750db5
test/aaaaabyt_0_50.png,e6c9f01afef5c9a718e9ae6452910711
test/aaaaabyt_0_56.png,5ebad9227498ed2e56aac7d22bad93ce
test/aaaaabyt_0_6.png,986f633dd5dd055d2a79ef9cb2a0bb24
test/aaaaacbc_0_0.png,e44b675b51880c26c86823329d3264d3
test/aaaaacbc_0_11.png,07cd59886ec9464ec38378d1ea7ea00c
test/aaaaacbc_0_13.png,35f1ca154aa617798a638285e51151b5
test/aaaaacbc_0_16.png,0743960ec0a541aad201595beb4c9d71
test/aaaaacbc_0_18.png,1c099052b2355a554af14c8613553bd1
test/aaaaacbc_0_2.png,38574281983c3fcb3505a6ca38be022d
test/aaaaacbc_0_20.png,c1be97356369c20908aa2bbccf699049
test/aaaaacbc_0_4.png,8132cd6636bd63b08a2ff927c7e96c8a
test/aaaaacbc_0_6.png,d3ff8f36b25865733c040615bbd39db6
test/aaaaacbc_0_7.png,259483677af023928bd272bb59483330
test/aaaaacbc_0_9.png,943248dfb3d493220770727c04f53d8e
test/aaaaacbc_1_0.png,d21487a438760e4367e011b70792f3a6
test/aaaaacbc_1_12.png,68bf10e926e12a46b4c34bb9ddf75e35
test/aaaaacbc_1_18.png,130931c8035b307ddd33b0e3d467ad38
test/aaaaacbc_1_19.png,b2f7733c4fe1cefa7a015f70ebe9ddea
test/aaaaacbc_1_24.png,6b15f27a95a8b09813e2f7a8172aa14e
test/aaaaacbc_1_29.png,e7bed620e58a0194d690e7a78604a4c1
test/aaaaacbc_1_35.png,372b12e0a2d8b07976d9c4bb007070ff
test/aaaaacbc_1_41.png,aea0f16ecc4502827dba5ddcacb6af0b
test/aaaaacbc_1_47.png,3ae97da2de70ff6ffd213e88e7dc4cc2
test/aaaaacbc_1_53.png,35734941d7329dbe6d292f655221599c
test/aaaaacbc_1_6.png,a710984c9150f332017707765318dcb4
test/aaaaacbl_0_0.png,c5187ef4bcf52f0c6b650dae04924e03
test/aaaaacbl_0_13.png,e3e679b73969674cb0b6a0ab5fdb9855
test/aaaaacbl_0_20.png,55b2d17566a9ff20a8ad7a6df21b9f82
test/aaaaacbl_0_26.png,16b7fd2d1ddc09a4299ba1326a0be33e
test/aaaaacbl_0_33.png,ebdeeee9b8f75a4c0c2e67de9a35ab2f
test/aaaaacbl_0_39.png,f1a38d434618767bfc00b7079ed11006
test/aaaaacbl_0_46.png,2086ccf9b041ae19dce614746a548df8
test/aaaaacbl_0_52.png,feeeb9ed14ec4ee1e6cbf6eecc1980e3
test/aaaaacbl_0_59.png,a23d198157ed0bb37dbaae2c5acd5579
test/aaaaacbl_0_7.png,f97752deceac081adc4b26bf79cd2fff
test/aaaaaccw_0_0.png,ed58b0deca05c9a88dee9e5530dc19b7
test/aaaaaccw_0_13.png,02121f47f9df09eec77bfa37f7be0662
test/aaaaaccw_0_20.png,1a450c545d2ec9797482942e02287c32
test/aaaaaccw_0_26.png,64ffb4b8ae2a9bacaa72ba149a13b4c2
test/aaaaaccw_0_33.png,319a96aeeded1ad1b96718e39a46aaab
test/aaaaaccw_0_39.png,8e64c2ea4c2cb8bb1b0f28e1e455dc40
test/aaaaaccw_0_46.png,7b40f646835b39eec51c0bc9241fc2f5
test/aaaaaccw_0_52.png,dde9999ad4b5a728d441e51845f3d052
test/aaaaaccw_0_59.png,91fa3997069e3593ed1097504820dfb1
test/aaaaaccw_0_7.png,ef6899909f6e4cd13e778ce3f45a1d9f
test/aaaaaceh_0_0.png,117f62950159488764f2cd7ce8219dca
test/aaaaaceh_0_14.png,7552454fbd272936a893e2f6f3463563
test/aaaaaceh_0_22.png,ab82e61f111f344f207a35196e09f036
test/aaaaaceh_0_29.png,5f794287a17ba8ba6c612a5de305948e
test/aaaaaceh_0_36.png,bdaaa66e6046530876050444bd1bbcf8
test/aaaaaceh_0_43.png,2d833e8f99111e04847fab2d14075138
test/aaaaaceh_0_51.png,88434bb97138cf56218358d24a280330
test/aaaaaceh_0_58.png,e275c3f989818c20f919e75443dbf3d4
test/aaaaaceh_0_65.png,ade775f401a7000b3749f9b435403506
test/aaaaaceh_0_7.png,bb9ad70e90617219d4713268cb054eec
test/aaaaacgq_0_0.png,bbc22a5309db5414789ddd39fbe57041
test/aaaaacgq_0_16.png,76e89895b84e4ca4cdd0c93b8141cd78
test/aaaaacgq_0_23.png,91b7692df22851520f7222c0a3fc676f
test/aaaaacgq_0_31.png,efea6037ce2f5f279cfbf762fb9af8f6
test/aaaaacgq_0_39.png,b1de9fc41536a72876d4ecacbf426b1e
test/aaaaacgq_0_47.png,21aab0d81520443c73fa2a3653e986fc
test/aaaaacgq_0_54.png,73b712644a9040c274c3b7f6fe2215a0
test/aaaaacgq_0_62.png,800b1cd70413611f869e05c802460706
test/aaaaacgq_0_70.png,8d9515051ed001f4d8b449f36c3255be
test/aaaaacgq_0_8.png,02b0af2afe342db1f162f66533632d1f
test/aaaaacgy_0_0.png,43297e54adce643107c5dba77e3f3d63
test/aaaaacgy_0_11.png,2f9c15e2378d5085066377eb7b0ecc13
test/aaaaacgy_0_13.png,d85e765c0620671a9b1d26afc722629c
test/aaaaacgy_0_15.png,3f0367d21d614c30563bbe4ca3b55d95
test/aaaaacgy_0_17.png,b2a6a72ca21936d6413cdd4e07607514
test/aaaaacgy_0_2.png,fdc7e2bebadce1d5764f8899187659da
test/aaaaacgy_0_4.png,c938523deae7781c8de1c4b6cdd0637d
test/aaaaacgy_0_6.png,16628206bd2c56b41a174b3b6c53fa77
test/aaaaacgy_0_8.png,9fa49508dd857b126d8f164c135fc98f
test/aaaaacgy_0_9.png,2515fe5b91f3564632a7917ffb9db8bd
test/aaaaachi_0_0.png,bb3d30aec382bd9ff1d932367e9399dc
test/aaaaachi_0_13.png,7e805f47314dbdd623ed9d017dcdb9a1
test/aaaaachi_0_20.png,7d5df95147663163415dbc029caf5be0
test/aaaaachi_0_27.png,988702b5ebae8e3bd188886e2111cba5
test/aaaaachi_0_33.png,1410c8a93fd0977ff202f1afb910af0e
test/aaaaachi_0_40.png,8d91852b47b1ce5055206f02abe98169
test/aaaaachi_0_47.png,878608362fe0c1edc8735ef6a30f6a52
test/aaaaachi_0_53.png,ca789cb70db096614bc995824f04d620
test/aaaaachi_0_60.png,63770ebddba1b86b1c5091c42e0b7266
test/aaaaachi_0_7.png,15e1f7b2a958b3c7610baf041d156a2d
test/aaaaachx_0_0.png,770ffa2301ea8483d2d96a96c47add94
test/aaaaachx_0_15.png,ead1c3c4fc747e3a09a5ad2fd6800360
test/aaaaachx_0_22.png,d2f790f7a89862c1c4c72facac97bacf
test/aaaaachx_0_29.png,825f2652ee49289571af5c57a7078cdb
test/aaaaachx_0_37.png,2129a1dae8f8d63633702ffe0ead516c
test/aaaaachx_0_44.png,856bdd29d063b09e5de6d911759ffbac
test/aaaaachx_0_51.png,5281ca35ee30c9f18369d5c3f020a4a4
test/aaaaachx_0_59.png,d34259b73a6f15ae41bc18298dc6b50b
test/aaaaachx_0_66.png,f30d5014657a0c5b3722378d4aeaa964
test/aaaaachx_0_7.png,8c033ea252afd7473bb56cbb649c5ecd
test/aaaaacic_0_0.png,1e2280ec5d2b55fe4850cda7eba00368
test/aaaaacic_0_11.png,e034398cffe0d086a3fbdfc6aa1cd9e6
test/aaaaacic_0_12.png,4e057ead2aa46ef8eb42ae55f9b00874
test/aaaaacic_0_13.png,0b257cc58d869b899ad58967a0fcb740
test/aaaaacic_0_14.png,d26f7feae0b848a0cc63b52df6878818
test/aaaaacic_0_20.png,37a50024cd9c601890c6d72ab70a1464
test/aaaaacic_0_27.png,50c659ce9208db928e25828cd84ded55
test/aaaaacic_0_34.png,dd1793a3447aa8bc6989d1b1e8010006
test/aaaaacic_0_41.png,5ca43099b849bf04580da51b2149db0c
test/aaaaacic_0_47.png,70f2122c66ef7b4be047819824c9d700
test/aaaaacic_0_54.png,81c8a5506a493121cdd4342270543e1a
test/aaaaacic_0_61.png,da1f835d301ac2d9a0856369c1313d9c
test/aaaaacic_0_7.png,d0a73155b4cf4a474ae343f759837604
test/aaaaacjh_0_0.png,b80b2c0ea77dc5b51c0e433b24b2e496
test/aaaaacjh_0_14.png,469e6e768ecad89efddf1d90d5f06e7d
test/aaaaacjh_0_21.png,be5b0d2a1e28fdae1ea1138381ddbeaa
test/aaaaacjh_0_28.png,8506e721723ceeb9b39ac9cb54edfd14
test/aaaaacjh_0_36.png,5af3ffa5b913ccd43b5f4d3d2e4e5ed6
test/aaaaacjh_0_43.png,fe32e5cc4529429419da9d13ee0f1177
test/aaaaacjh_0_50.png,0763aad3a5b9ce7a5a5204e05db81846
test/aaaaacjh_0_57.png,5f837a65e242418bc4f2dfd2f828a185
test/aaaaacjh_0_64.png,0532c63691a7acb38705f0bcce773c97
test/aaaaacjh_0_7.png,c562d5326bba16cb3c71f95a3532d6f6
test/aaaaacnc_0_0.png,d3f83426eb6de2175833c0664938bb3b
test/aaaaacnc_0_13.png,274d84db3f691d3178d2f4ceac9d6c92
test/aaaaacnc_0_20.png,57e7aadab223be3e8b91f04e0deca25a
test/aaaaacnc_0_26.png,b32ffe893a5cb4050c2cbf2fec77c9ce
test/aaaaacnc_0_33.png,a3a7ff04f027289cf0ff37dd6edbe8e1
test/aaaaacnc_0_39.png,b465eee23587147636b22817a58d1784
test/aaaaacnc_0_46.png,561d2b35562138aabc75205d634c062c
test/aaaaacnc_0_52.png,ab73518fda934fede47c4c6096d3bcf9
test/aaaaacnc_0_59.png,f7b6daa9b16e0237a0647758baea56db
test/aaaaacnc_0_7.png,98c874ef046b0253b86fb89e83cb30bb
test/aaaaacqc_0_0.png,db6604b5c9de81445034a0567e998c8d
test/aaaaacqc_0_15.png,c03f6186fc9d9406a09ac5170de8e378
test/aaaaacqc_0_22.png,0fe4306378442dd52b532a24bc50950d
test/aaaaacqc_0_23.png,fc28ae478eb559a8e0f43e3dad7fa62c
test/aaaaacqc_0_28.png,dd107e51facf2ec20ec38137d20bb522
test/aaaaacqc_0_30.png,98ed4eb13df0e2c6ba96b8fd225e51c3
test/aaaaacqc_0_31.png,05d2ae88227640d45cbfb57295ac2931
test/aaaaacqc_0_38.png,9c29b435738fbe8d737dfc99058ba0d0
test/aaaaacqc_0_45.png,f268c1082ff929f4829cade7b1cbe390
test/aaaaacqc_0_53.png,9df3df734bfe58459d1a0d7af5f25308
test/aaaaacqc_0_6.png,1d038ec0ca3b49ae8ebb72d26cb4048e
test/aaaaacqc_0_60.png,1d91545d82d86e096a20cb31c5028923
test/aaaaacqc_0_68.png,0505c1d175b85b7ae1ac4081ec827fb6
test/aaaaacqc_0_8.png,aacecdd7eea6170f19f6cb1cc2083fc2
test/aaaaacqd_0_0.png,db6604b5c9de81445034a0567e998c8d
test/aaaaacqd_0_15.png,c03f6186fc9d9406a09ac5170de8e378
test/aaaaacqd_0_18.png,4a0eb3e72433e2ecd0b53b40de1b3b05
test/aaaaacqd_0_19.png,3a0fd3e47072390e8eb26f7e5df6d49a
test/aaaaacqd_0_23.png,fc28ae478eb559a8e0f43e3dad7fa62c
test/aaaaacqd_0_30.png,98ed4eb13df0e2c6ba96b8fd225e51c3
test/aaaaacqd_0_38.png,9c29b435738fbe8d737dfc99058ba0d0
test/aaaaacqd_0_45.png,f268c1082ff929f4829cade7b1cbe390
test/aaaaacqd_0_53.png,9df3df734bfe58459d1a0d7af5f25308
test/aaaaacqd_0_60.png,1d91545d82d86e096a20cb31c5028923
test/aaaaacqd_0_68.png,0505c1d175b85b7ae1ac4081ec827fb6
test/aaaaacqd_0_8.png,aacecdd7eea6170f19f6cb1cc2083fc2
test/aaaaacqy_0_0.png,cdc82b71f9a8d8012225b812277bbce0
test/aaaaacqy_0_15.png,c86198c3fb60f1593459dc8280b827b5
test/aaaaacqy_0_2.png,3855db3d1dc03fbd137c375b11dcbab3
test/aaaaacqy_0_23.png,694461e44ed0f5fee11a7716c79a4496
test/aaaaacqy_0_31.png,16fcbce9397d6c1cce34481373c51f04
test/aaaaacqy_0_38.png,ad258d571d1e121519e0386db811b35b
test/aaaaacqy_0_46.png,2e2981f92ecbf6287ac560c7baaed0de
test/aaaaacqy_0_54.png,23a912e6d2aff03488d93fecb93d396c
test/aaaaacqy_0_61.png,485a34e8f357543174db8280786d1bbc
test/aaaaacqy_0_69.png,b1bfffd57c3681dfedd61919614c5a90
test/aaaaacqy_0_8.png,667dcccd358d12d4a91f98b6f8af332e
test/aaaaacrj_0_0.png,4b1c792d3a8c99b991fd1821851590f6
test/aaaaacrj_0_15.png,f574ac3339e9f65d4b8dbd5effe5e621
test/aaaaacrj_0_23.png,e7ecb7339fc8ca36031d8e3a1f1b2c23
test/aaaaacrj_0_3.png,5eec2596005f27101050594bda5c1e18
test/aaaaacrj_0_30.png,7005a49d72955c435d0745a47a605128
test/aaaaacrj_0_38.png,a513d2df96bff8f65292e16a0b5262b5
test/aaaaacrj_0_45.png,3475083ce742fb01dfdffd3b3628143f
test/aaaaacrj_0_53.png,93ee1aa515d45be1286e78aad2da3721
test/aaaaacrj_0_60.png,85a3e59d199f68bebaf06efdca069224
test/aaaaacrj_0_68.png,7233496c5e6ba72df181423a5bb77408
test/aaaaacrj_0_8.png,d52eb94596f8ce08b039d2e51d7b7236
test/aaaaacse_0_0.png,77e3848da4cda1f433d6209617f3dbd6
test/aaaaacse_0_14.png,262e5f2330ddd8e099b9265013a19f59
test/aaaaacse_0_21.png,434d26bc244d4f1c94f7c519cfc151fc
test/aaaaacse_0_28.png,0d4e21e1ed87fbd7fcae72e5fa1ac960
test/aaaaacse_0_3.png,7b6ea10da8082b7303255d37b771d138
test/aaaaacse_0_34.png,32ffe6ae3604a2fe2270f731f88522ec
test/aaaaacse_0_39.png,e68f72a32cd3cfad6d15d86eda7e4e4d
test/aaaaacse_0_4.png,bb3863fa2b8d7790575ce52710a88633
test/aaaaacse_0_40.png,c8cedd001c2ae52af3722862926835ae
test/aaaaacse_0_41.png,7f5ca6de8765c09d8e09b8cd4f9249b1
test/aaaaacse_0_48.png,c4721f0780c1252c8b20109a43dd5057
test/aaaaacse_0_5.png,01475cb2902557049377dfca00e3d874
test/aaaaacse_0_55.png,e50e37560787bb6febc458912e480c31
test/aaaaacse_0_62.png,dd5ae72bd899766f3d66f9d6b6def891
test/aaaaacse_0_7.png,bbea1148b0a8240c5e7f2c6429c29721
test/aaaaactm_0_0.png,84a31b55ec17387572d080a978df559e
test/aaaaactm_0_1.png,ab9e111d150da3ff2d496c1cfc2f1051
test/aaaaactm_0_12.png,c9a903ce8d178f0a9a9a195ae6891f97
test/aaaaactm_0_17.png,ac62bca6b717dccae008986dd6a0f780
test/aaaaactm_0_2.png,d65d8ff917c46ddb24bda3a0344af76d
test/aaaaactm_0_23.png,d012d5e2d0d587d8a4f9a377ace5e19f
test/aaaaactm_0_29.png,1aa33b0c71f5364ff3d8db1148909087
test/aaaaactm_0_3.png,9e6080d1b8d89dc537069f20cca04e9e
test/aaaaactm_0_35.png,c0688ce52903b6c59405e6564e2f4685
test/aaaaactm_0_4.png,ee7f9714d85214918138c192706e678d
test/aaaaactm_0_40.png,580b5ec7991c808323775646e9b7b806
test/aaaaactm_0_46.png,d1c874dad808510b9aa103fa006e25ca
test/aaaaactm_0_5.png,fa8294c7af6782dc7beea0a74a3aba2b
test/aaaaactm_0_52.png,96564531c9fb3d518f7a2226e884fb76
test/aaaaactm_0_6.png,759148f2665ac38312c80d32774026cb
test/aaaaacuq_0_0.png,893267c3393d94ff4e2bb94a4ea402b9
test/aaaaacuq_0_13.png,827dd179946c3461534935d1c3408ca4
test/aaaaacuq_0_20.png,8209ad3db45f40920563169cdfea3554
test/aaaaacuq_0_26.png,a2cf4ad338540269d9a8270992d69f7d
test/aaaaacuq_0_33.png,8dd8f2e7d1e8730f619711e21959c1fd
test/aaaaacuq_0_39.png,cf842fdeabb722dd3172485b571abd6d
test/aaaaacuq_0_46.png,7314cc77d011158e06c8383f79cf7bf9
test/aaaaacuq_0_52.png,0bef9341eb4ace5e6869c3ed4ff8f0e1
test/aaaaacuq_0_59.png,8bcb9301e46b8d8b8a50fb9f2ac3789c
test/aaaaacuq_0_7.png,148e35fdb7dee2fe254608170726bce2
test/aaaaacvy_0_0.png,a1309c8fa22b0ba3d0c347582c829d76
test/aaaaacvy_0_13.png,d7e078c1f37f48c1c800e798926167bd
test/aaaaacvy_0_20.png,b7ed4601fbe6358326e09be81af150fc
test/aaaaacvy_0_26.png,53313db6533fa5fd408bfbcaf61eaad7
test/aaaaacvy_0_33.png,0a2ae95d719148e51d554231bca85416
test/aaaaacvy_0_39.png,3587192a0a9dc173ef46e3f1740ece61
test/aaaaacvy_0_46.png,89f5ab473d332544938e37a1bf53b45b
test/aaaaacvy_0_52.png,5f191f4924791076fe88526bf2ee32b6
test/aaaaacvy_0_59.png,bd6635d0277222273221a8eb0ad11ff1
test/aaaaacvy_0_7.png,ca403183cfc2716cc5fb61eb1082e9e1
test/aaaaacxk_0_0.png,2e580f2671e17f259404bda3fb136b81
test/aaaaacxk_0_11.png,f849b3a87f3ebe97157664fb21f79ab7
test/aaaaacxk_0_17.png,4d25ad21888f41f2de2cf0c936bb8ea6
test/aaaaacxk_0_22.png,eda76c7abfd3ca49a5eb61b1c87ee454
test/aaaaacxk_0_28.png,cb56735f94da05e0d79583094d408733
test/aaaaacxk_0_33.png,c83790e56e7cf40ec0b6b01efaf6335b
test/aaaaacxk_0_39.png,4ad88772e96dc5d9d63f1e16355dc4ed
test/aaaaacxk_0_44.png,954930b12074ac4c9adfde060ba96761
test/aaaaacxk_0_50.png,c6ca1505865baf1f77e4c91ad4c00de4
test/aaaaacxk_0_6.png,8ece9be69ca09a69d7d2bbee904fe05b
test/aaaaacxl_0_0.png,eea726b4412a883919816c5a7c016809
test/aaaaacxl_0_103.png,997c3d9ff4957443dd6ba45e8d2ace96
test/aaaaacxl_0_121.png,e17b24132b28e7871df9f72ba67cabd1
test/aaaaacxl_0_138.png,396328d187c5c6284e730b67792691ca
test/aaaaacxl_0_155.png,cce23988e518e0e44a57a4f66fc87c57
test/aaaaacxl_0_17.png,461ceb573ee0351286b6069c74b3fe88
test/aaaaacxl_0_34.png,34c43db1bc80a8a94734836331d2ed73
test/aaaaacxl_0_52.png,340bbe3d6e866369d0ee5c00eaaba807
test/aaaaacxl_0_69.png,d7eba8dd794cd8694480a423f73f7926
test/aaaaacxl_0_86.png,9897b26b97b229f918b743a9d018ca91
test/aaaaacxx_0_0.png,da3ccc7ed521d690a8d924305cee93fe
test/aaaaacxx_0_14.png,cf3c1ae1630cbf7d45337b1e0eeaff39
test/aaaaacxx_0_21.png,a49f0d8366c699c579686518a3910911
test/aaaaacxx_0_28.png,5f2dc0db99f717f7182223e853096163
test/aaaaacxx_0_34.png,674c822ad0a548cf1b46ff2cca1a1f43
test/aaaaacxx_0_41.png,9f2fe79f977f46134922028bcf1699fa
test/aaaaacxx_0_48.png,03d2a36e7917c93bcc993452607ca18f
test/aaaaacxx_0_55.png,400749dcf222ba6a036901defd889e67
test/aaaaacxx_0_62.png,c97651a5eb89396d78e0a24c9d9e0c58
test/aaaaacxx_0_7.png,8e935b5865399abab2226c37959d9831
test/aaaaacyw_0_0.png,197ac453bf980cd1072118e72c22e5e8
test/aaaaacyw_0_13.png,1f516a998be3bd16d629e774a25a51b8
test/aaaaacyw_0_14.png,eb49b8389bac84c697a025e4cfe7a5c4
test/aaaaacyw_0_15.png,29f5aef4b82d23ac292ab3326d056528
test/aaaaacyw_0_16.png,1440894435beb40dcf9f7118e4084467
test/aaaaacyw_0_20.png,54321e8e2d5b9506e18e8a5e4eff24f5
test/aaaaacyw_0_26.png,7e13a663b7342bb15c0eff10886dc6e4
test/aaaaacyw_0_33.png,9891b89d09778ed0d7ce32159e118ae3
test/aaaaacyw_0_39.png,398e76e8566944cfe79e80f3daac4405
test/aaaaacyw_0_46.png,5a4a31c524b928e14aa50795651374ad
test/aaaaacyw_0_52.png,6777ec0c1600be95186e44984eb76cf0
test/aaaaacyw_0_59.png,670a6b0173428cd8aeadab57abe3e3e2
test/aaaaacyw_0_7.png,bfe94f5d41a6fdc3eb01f041cb4cae8c
test/aaaaaddp_0_0.png,56e0c9c597bf26fa2180a786833b159d
test/aaaaaddp_0_14.png,642d11cd753dea46d10543ffe37343df
test/aaaaaddp_0_21.png,942b2272617f93d8c7615d387d80e4ba
test/aaaaaddp_0_25.png,f813abb7e14dd19d2bb966abc412c78b
test/aaaaaddp_0_28.png,81f7b5bbfacbfe0caa5f5935c2f8a0a7
test/aaaaaddp_0_34.png,609a7b0c1a7e9fd369b8f225d7a4bac7
test/aaaaaddp_0_41.png,abb2c64d1f31866e3349f3d8b8c51446
test/aaaaaddp_0_48.png,b03e1e96685f6ba62bbcc8a8f9df3d37
test/aaaaaddp_0_55.png,04a1ffb339fce5a2920cf60df6f6e585
test/aaaaaddp_0_62.png,9be0a897e3973761c0a421d0ee9b129d
test/aaaaaddp_0_7.png,7008377acbb10032fb798f00b98a7e0c
test/aaaaadoo_0_0.png,fa4d23c35f6a86862bb7b3aade530f4f
test/aaaaadoo_0_16.png,cc1cec1ad08151a2315c9129f8801b18
test/aaaaadoo_0_24.png,01fca13801172e0fd20f9a7a94618901
test/aaaaadoo_0_32.png,0aefbee37502ee909c8899d18a81c7b4
test/aaaaadoo_0_41.png,02bba31e9cd5e2fd36b41b967f0bad9f
test/aaaaadoo_0_49.png,4e4a96be198d682294320c9c8269ea6c
test/aaaaadoo_0_57.png,7a70a5ecdf6ad4ece37c77e8e19b5836
test/aaaaadoo_0_65.png,3037a65363444c3f1e8306b2175829ac
test/aaaaadoo_0_73.png,3ad912262d87503f9532a256b4d89417
test/aaaaadoo_0_8.png,ac1ded47682f29ef5ab504e9d146c738
test/aaaaadov_0_0.png,46ded66c11fba9ca5481dbcffbd8be34
test/aaaaadov_0_13.png,e473b9e1f792f96e8f9eb490aba0d8c3
test/aaaaadov_0_17.png,9de5e73c8a1083c819f2016291d76a17
test/aaaaadov_0_21.png,dc3345d34a27964b4f456f9dba4952dc
test/aaaaadov_0_25.png,a90ca7749ff15e0cc5b49de2dd4aeb41
test/aaaaadov_0_30.png,81d5d16996d0c5aecdf3aa57d3e55c09
test/aaaaadov_0_34.png,ad6a6b8d3a45d89b7b25ec690328ce3b
test/aaaaadov_0_38.png,e539c582fab79abc8f28cba4762eccf3
test/aaaaadov_0_4.png,2c7cba77b032dbd45bdc3e56817e8e88
test/aaaaadov_0_8.png,def322912d798ae4d97c5f03ec18eeb7
test/aaaaadpg_0_0.png,e44991ae96b714084823e8935e17d081
test/aaaaadpg_0_13.png,85a36dc163a15915b96e329f36de8e06
test/aaaaadpg_0_20.png,cb8131367fd4ce1ffa85e665260dcd7f
test/aaaaadpg_0_27.png,35593a4c2e65770298c0afe5fe5d9b9d
test/aaaaadpg_0_33.png,72fd677c7a8aadcf95a0715049df5d14
test/aaaaadpg_0_40.png,637be27f732aa5bcccec4f75c96f411a
test/aaaaadpg_0_47.png,4fc164c578d836fea0f5a07890cc7957
test/aaaaadpg_0_53.png,506cfe870eabfe3e602aa3e22716dd2a
test/aaaaadpg_0_60.png,26a3cb0cd24340e8b60db8a4ec0e4df9
test/aaaaadpg_0_7.png,994ca5bbf89baaa78a407c4b966993ea
test/aaaaadqq_0_0.png,764be42232b0d2f6518ad9bfcdd9f1a4
test/aaaaadqq_0_1.png,66fabb0fccbdbfeb809d25678b6ae45f
test/aaaaadqq_0_2.png,f36c3e89cf7b6569257796e27c66a8d1
test/aaaaadqq_0_3.png,ea64d9ccdc13b75f0e97e11a395ff3c6
test/aaaaadqq_0_4.png,fb23a3612b94eed6d07e5c1c9c01bc8c
test/aaaaadqq_0_5.png,9cd2e133f5edded14cb701c08c531958
test/aaaaadqq_0_6.png,1423d7fb93ad06528e54744c4d23f496
test/aaaaadqq_0_7.png,3522a9e2a0e95b844ea694a11a69d4db
test/aaaaadqq_0_8.png,6d55c92cc659f867bf05e106840a0cc2
test/aaaaadrg_0_0.png,471cbe2ef53f599f6bd38fe2abdd4004
test/aaaaadrg_0_1.png,1058a977c6878a1caba021d0fa06a4b7
test/aaaaadrg_0_10.png,b9411c6c1469fa4fdb1708b14a765df3
test/aaaaadrg_0_11.png,2b2661016717bc0753e515376f8ef453
test/aaaaadrg_0_20.png,07783e9d40946016b8aa58d1b7dda3eb
test/aaaaadrg_0_30.png,986d5ce0cca8fe51c21724051c2d8c1b
test/aaaaadrg_0_40.png,ac30ec04284eaf6be32ac2054518f348
test/aaaaadrg_0_49.png,14bfc21ca077d212a22162701f60b61a
test/aaaaadrg_0_59.png,d845cb30a744b01c3a062f1c15741782
test/aaaaadrg_0_69.png,28f8176c0f9d983091110dcb28851a03
test/aaaaadrg_0_79.png,6844f69984e9ec7b4a678390b1a95211
test/aaaaadrg_0_89.png,c351ff06ece98b86c66110cf0f73260d
test/aaaaadrh_0_0.png,471cbe2ef53f599f6bd38fe2abdd4004
test/aaaaadrh_0_1.png,1058a977c6878a1caba021d0fa06a4b7
test/aaaaadrh_0_10.png,b9411c6c1469fa4fdb1708b14a765df3
test/aaaaadrh_0_20.png,07783e9d40946016b8aa58d1b7dda3eb
test/aaaaadrh_0_30.png,986d5ce0cca8fe51c21724051c2d8c1b
test/aaaaadrh_0_40.png,ac30ec04284eaf6be32ac2054518f348
test/aaaaadrh_0_49.png,14bfc21ca077d212a22162701f60b61a
test/aaaaadrh_0_59.png,d845cb30a744b01c3a062f1c15741782
test/aaaaadrh_0_69.png,28f8176c0f9d983091110dcb28851a03
test/aaaaadrh_0_79.png,6844f69984e9ec7b4a678390b1a95211
test/aaaaadrh_0_89.png,c351ff06ece98b86c66110cf0f73260d
test/aaaaadsr_0_0.png,3dafbbc13d99c8f1d6e22a601ef49945
test/aaaaadsr_0_11.png,05b03e632a5f0f6a60985ff725f788ff
test/aaaaadsr_0_14.png,b52fbe1ec8f258021eb0a8c3bca033b9
test/aaaaadsr_0_18.png,7404bd35e405c76947ebc92ceab2a322
test/aaaaadsr_0_21.png,8fa938f81b5bc54d7d95278233863747
test/aaaaadsr_0_25.png,56683ddd34c71c47a77c63b21b6e6055
test/aaaaadsr_0_28.png,17d64d9cfec1e1307db27e4de1b75f86
test/aaaaadsr_0_32.png,4c9e85a2dd3bc69c1207364ddc708017
test/aaaaadsr_0_4.png,115d9ec47d1380a2ba0b878ebbc180e9
test/aaaaadsr_0_7.png,c8d16f060f23cd1ec3ae375cb7557aa9
test/aaaaadsv_0_0.png,661e998d9015bc5f39ae52ec775e1fe3
test/aaaaadsv_0_11.png,de881e707a92dc768fc5ccb37a308fe6
test/aaaaadsv_0_12.png,63084b50e696494511ee3e7d7a3f195f
test/aaaaadsv_0_13.png,bc75585f82dd340e4d906673c26d8a0a
test/aaaaadsv_0_14.png,295a98af3e6f4514b17c898d0f18b549
test/aaaaadsv_0_2.png,e2f2468bcb5181fa04f57153bdcbadfc
test/aaaaadsv_0_3.png,25d13601e1ceab50a2a8277a8d75c99a
test/aaaaadsv_0_5.png,78f802ac5c2b9f4cdbf11aa9b66f347f
test/aaaaadsv_0_6.png,84c447894a661f2007c1b3519ae9beca
test/aaaaadsv_0_8.png,58c5d5cdae950f70bebdbad3ef7962da
test/aaaaadsv_0_9.png,0ec34b9b9ff3165ebd8372827add4516
test/aaaaadsv_1_0.png,8f05596e5562a7213b1d16e9ca7a17be
test/aaaaadsv_1_10.png,117c99630b715b1163279c2cdd75b673
test/aaaaadsv_1_13.png,ef8f531386b1942289e819022211fa6d
test/aaaaadsv_1_16.png,b0e99948f2551e11d0e7fa5e514ae773
test/aaaaadsv_1_19.png,a481142cd0a00563ea0aada762061508
test/aaaaadsv_1_23.png,ac03ff7cad53da961e438fd265ae35a5
test/aaaaadsv_1_26.png,4cd29e30c839b89f93bc4777abb49cc2
test/aaaaadsv_1_27.png,f00b93621b03ed5f6e027dc9533e9b61
test/aaaaadsv_1_29.png,9bc32578d8ee949164e04ea44b20d3a3
test/aaaaadsv_1_3.png,5b31ec8ad00ea4038eabd124e3c63d19
test/aaaaadsv_1_6.png,1a292b925ff83d97c215e1dffde347c6
test/aaaaadty_0_0.png,a2555373b28dad97d06c1417bed846c6
test/aaaaadty_0_1.png,d2032765978f20424db00835b3ebdb57
test/aaaaadty_0_10.png,87d3a1ba47e8c7da3ab94ac0e6ad69f2
test/aaaaadty_0_12.png,dc0c079c80a1c74230afc464238fd910
test/aaaaadty_0_13.png,64be4c2ee7562f5d54cd645d065846a5
test/aaaaadty_0_3.png,d42d782294fa7b3506736cd18d66cf98
test/aaaaadty_0_4.png,7aeb5ce532f3db51ce829ce60897cd21
test/aaaaadty_0_6.png,9af33d89cf63ebcc55839493dff161a5
test/aaaaadty_0_7.png,d4caa37351b5f9e29700054099a7b21b
test/aaaaadty_0_9.png,f6910483f8fdd3db65ff48c530c8b8a6
test/aaaaadul_0_0.png,d06833008239c421c34325626f36afbd
test/aaaaadul_0_10.png,e957b216924f4d0d2c33318fae5b95b0
test/aaaaadul_0_13.png,38758675641be484df8ac38db805961f
test/aaaaadul_0_16.png,3a648bd0871c204f4389bf7be464355e
test/aaaaadul_0_19.png,ff82a91b84462d5e5ac13020435c89a1
test/aaaaadul_0_23.png,7f829ca89a6f1e20c85ee5e9e13a4eca
test/aaaaadul_0_26.png,46cf739c216020c7bcb353ea5505451a
test/aaaaadul_0_29.png,446e0fc4ab0e813571a06ae33324c5a6
test/aaaaadul_0_3.png,b2e960f77f8d26c9070dcdb66507b8c0
test/aaaaadul_0_6.png,cc49ba9205b7ab19cec4149856282a57
test/aaaaadul_0_7.png,c0c2cb3bdb5c8c57cb2b209735c81c00
test/aaaaadul_0_8.png,cbf33e2267d75718c3b4f62dad04dcc0
test/aaaaadul_1_0.png,26b49c3ab7d410bb6aa91ca661cf9752
test/aaaaadul_1_11.png,2752e51cd35c4c1be709973d87e9adba
test/aaaaadul_1_12.png,58a56db706f74f58e5c26fc8485d03ac
test/aaaaadul_1_14.png,8afdaffdbc575d2c979b7800051b543a
test/aaaaadul_1_2.png,8d8d43ee5459eac1b5a1a1d4ec77ee0a
test/aaaaadul_1_3.png,bdfc2ef72fcb3a293edfba3957ddfc30
test/aaaaadul_1_5.png,7ffe7ad248a4c3fed6322b9bf26039e7
test/aaaaadul_1_6.png,949ad81ba1368cdccefbdec7cfe89e7c
test/aaaaadul_1_8.png,13fe25a0e1ee6d8c587de36e40ed5c0e
test/aaaaadul_1_9.png,5dfaabf37dc57232d3ed8c52bd491aaa
test/aaaaadul_2_0.png,25b558d9a2ea5b50ec586b2259fbecf5
test/aaaaadul_2_1.png,6e5c3f51f1a5066b5337e5b4971d97b4
test/aaaaadul_2_10.png,018037f0cff7d7ea063ce903517f536d
test/aaaaadul_2_13.png,e37fc2a4c67e726e5551e6a277d15092
test/aaaaadul_2_14.png,951c59d12e7242542ad1030e8c2ec58a
test/aaaaadul_2_15.png,5d2ee990e37ced73aab34b364664812a
test/aaaaadul_2_16.png,2cb10c0c45756d0831e465866d1d0059
test/aaaaadul_2_19.png,2c38ba93ba9bcf654cbe4d25dc61d200
test/aaaaadul_2_23.png,0b1bccc65be75d019ab5528239cf9816
test/aaaaadul_2_26.png,98b61e3a58fbc483842e63afd804d400
test/aaaaadul_2_27.png,7704542664b3bba48cc31c04be575305
test/aaaaadul_2_29.png,3676326513142f64000d74c3363aea48
test/aaaaadul_2_3.png,d5066a0b6c872d410f73d053c10bef88
test/aaaaadul_2_6.png,e6f0076791fdb8a1b8af86e106a2f62a
test/aaaaadul_3_0.png,f7043c85e01faf9ba2689a267f9042fd
test/aaaaadul_3_10.png,2277332a527de8d13e65ba53bb7742e8
test/aaaaadul_3_13.png,a4f60f42312873363df17c5647a32e9a
test/aaaaadul_3_16.png,b9003a5ece11dc0a15157ddd254a9f31
test/aaaaadul_3_19.png,f9ec91cf26d4825d831806df02a76d75
test/aaaaadul_3_2.png,8c790c2b5cbe21cda5fa9983ba9633f3
test/aaaaadul_3_23.png,3307726e0eeac625e3510f9efc0548b0
test/aaaaadul_3_26.png,cca64c8be4f25a271b0a20082c26a090
test/aaaaadul_3_29.png,526e3533ad21bd1472f8ce8d49df25e4
test/aaaaadul_3_3.png,784eb6a401b3c82f40eed3ae60167a93
test/aaaaadul_3_6.png,df3c87fa4f4b4bcabf8375cb0401e62d
test/aaaaadul_4_0.png,77851c99526c9c9586af2d6952fa49f3
test/aaaaadul_4_10.png,ea6a65ed9bfe4e195aba39cacdf5cba2
test/aaaaadul_4_13.png,25a4529afdd8d33d45f95cc9678410c4
test/aaaaadul_4_15.png,2d8304085da3003956bf9d959cb7ac10
test/aaaaadul_4_18.png,d74d9f2ac386c0730fc2305f1b62b5d1
test/aaaaadul_4_20.png,11764f708fb1ac7e069bde405766acca
test/aaaaadul_4_22.png,5931a46552662e9240deb0ea5f06b4ff
test/aaaaadul_4_23.png,e6a53e56026eb3a1b661a27db8ccffaa
test/aaaaadul_4_3.png,b4c028ea760c266c0f4c4209905ee1fa
test/aaaaadul_4_5.png,515f496994d31d9864ed5f41096d827f
test/aaaaadul_4_8.png,96f865cbd0a166a79f81a82894d79213
test/aaaaadul_5_0.png,83149de7b028aab63ffb9d4aa66e9a41
test/aaaaadul_5_10.png,ce4b26b6ffedfff0d6ae8eddefe297fb
test/aaaaadul_5_13.png,affe755412344ae881ee1def3902e35f
test/aaaaadul_5_16.png,2d08fde03853403d2d9121941556de1e
test/aaaaadul_5_19.png,0228677f24048e2e979d82cf33d54c47
test/aaaaadul_5_23.png,d106db5e8ee707b728075cae0aec6826
test/aaaaadul_5_24.png,319778f7207ce8c1719c0141aad08fa3
test/aaaaadul_5_25.png,ba3df3e758333413e58a7f703521b3df
test/aaaaadul_5_26.png,ddb772a8a85c99437ca3e0de10fd69b1
test/aaaaadul_5_29.png,7008092606ce6dcd0d7c33728091e88e
test/aaaaadul_5_3.png,a897fa33d57bd519c2a5621cf8669201
test/aaaaadul_5_6.png,fa4feedc5993dc5a592b534b45ce2e34
test/aaaaadvu_0_0.png,3726fa435d0211291c73909406573a86
test/aaaaadvu_0_13.png,d55f5ab503ec439894ed8f0a1eecb9aa
test/aaaaadvu_0_20.png,ecc01800ac2b7096dd712ec1fa4b343e
test/aaaaadvu_0_26.png,84ccb2bc6e6774180a9379ee6bb385b7
test/aaaaadvu_0_33.png,673811e6b19d05b20f344ab27e85a096
test/aaaaadvu_0_39.png,59a29a84ef3f770e4864fd31d8c54b3b
test/aaaaadvu_0_46.png,a212c39593d02910ff4790bbd8552c63
test/aaaaadvu_0_52.png,5ab0da1d8097ccfb639bcf49bd496e55
test/aaaaadvu_0_59.png,50f962831035aaeb728ce68b3b25c942
test/aaaaadvu_0_7.png,0b636448d5f272bae5483d1a8ecb4ee7
test/aaaaadxh_0_0.png,f2c383b3984c3510d87c1cff74079736
test/aaaaadxh_0_14.png,0a8a3399efafb2e861bb17b443188849
test/aaaaadxh_0_21.png,af4e4279021e0c7a1a5759185aff49de
test/aaaaadxh_0_28.png,1ec3769491e8e00c8fd57118a334e80f
test/aaaaadxh_0_36.png,46059ec337c6f2fa809b21786166610e
test/aaaaadxh_0_43.png,da53690971b24afebdae6ed164649537
test/aaaaadxh_0_50.png,d72be74e7e57fa0c83bbeea335038640
test/aaaaadxh_0_57.png,0a911f8d66db44566723bb7b2ece7390
test/aaaaadxh_0_64.png,cf689e99eb6302280ecc137c38df48f2
test/aaaaadxh_0_7.png,f11bb9908be1d2b660e93f9edbb33580
test/aaaaadxl_0_0.png,28bae44d91b7edb82166d5f213b00780
test/aaaaadxl_0_1.png,42fcb1f5bcbfa351aa3dca8b6e76e5cc
test/aaaaadxl_0_12.png,ee62bc20a8b8bf5f67d9b3b479fe88cf
test/aaaaadxl_0_16.png,3b782057747b71e00e3137207f8944bd
test/aaaaadxl_0_19.png,f36bd9987f64b2bbc1ef389700517370
test/aaaaadxl_0_2.png,33f582dca71ac2a4bf8aeee222cb7256
test/aaaaadxl_0_23.png,06b5e3665a8470adb3bd8bd391bfed73
test/aaaaadxl_0_27.png,620eb206eac628b4554a7c73c039073a
test/aaaaadxl_0_31.png,d81c3c536d9087b5f5e01b7bb517775b
test/aaaaadxl_0_35.png,e460d6c66a12c2601c5ef2b55657d666
test/aaaaadxl_0_4.png,f188a5cf3d8661baeb0a81ea606d6da5
test/aaaaadxl_0_8.png,d868aa8f81893ec756f51000bfb27d66
test/aaaaadyv_0_0.png,4b0b07713f0690695c9d695c549286b6
test/aaaaadyv_0_13.png,51e5a606050ca08b55ee344daae5c33d
test/aaaaadyv_0_20.png,4e7ec3257a95a87c12ef2ad9397329c9
test/aaaaadyv_0_26.png,99e97b24a004fcc1f2a288b97becb2de
test/aaaaadyv_0_33.png,f3d818a85c4257e7bfa5b1a06692ce2c
test/aaaaadyv_0_35.png,c26ea4bcb7d5d580bbb6551c9b4116ce
test/aaaaadyv_0_39.png,f5b8b19553944d9c7b0643422a4d5a41
test/aaaaadyv_0_46.png,58413146f376c21af337b6c95f8aafed
test/aaaaadyv_0_52.png,eac7fef53eae06ad821c5bbd8aee0d1f
test/aaaaadyv_0_59.png,406db876e0d0b7948e38cdad473d4761
test/aaaaadyv_0_7.png,459c4829d2e444665024af3e22a3b8fb
test/aaaaaecu_0_0.png,28a45f18665d0a08516e5cc19041c4f2
test/aaaaaecu_0_13.png,585f1d0846bb4e9f9989d52ceb1a7944
test/aaaaaecu_0_20.png,808eb76e598841a7b9b0b609e9b2c6d9
test/aaaaaecu_0_26.png,2c0b692c24768078293b99811816bfe0
test/aaaaaecu_0_33.png,06239593e5256ae7a76afbaef78ac617
test/aaaaaecu_0_39.png,a11c1a09672f3f0ee95b2ed2b093bf47
test/aaaaaecu_0_46.png,d31eb518225220e41bbf6c1d1588e7ef
test/aaaaaecu_0_52.png,db2277f65010031fb0df3fefceb4d30c
test/aaaaaecu_0_59.png,20d5637d520cc26a32a3134dec06fe8b
test/aaaaaecu_0_7.png,7c0908a449e515e35b3b6b5397ca9bfb
test/aaaaaeec_0_0.png,1ec942ec5c32d3a021733fb6d2066d5a
test/aaaaaeec_0_11.png,2edb3395562114e9d83008c33d8bf2dc
test/aaaaaeec_0_12.png,bc3458771ea127807304c048a99f4ff8
test/aaaaaeec_0_14.png,49a384d9f7a1d998bff545c6c8b24074
test/aaaaaeec_0_2.png,dbde7bb35d4b10f406eab43c9194fc80
test/aaaaaeec_0_3.png,4b95d196f30124405ac91b3a63c9f729
test/aaaaaeec_0_5.png,aca7f0dfb683d164810cee014841793e
test/aaaaaeec_0_6.png,a8e4795bdc4fa1e5c4d3959346023639
test/aaaaaeec_0_8.png,1aa6d8e2736356c4d01bd26d1c33333c
test/aaaaaeec_0_9.png,83294d3c4dc50bb34fe02e45855c710e
test/aaaaaeel_0_0.png,874cee40f867ac42fc7721924c4e03ea
test/aaaaaeel_0_11.png,84324e7d5dd4d55cd3d1e7e143b1d17d
test/aaaaaeel_0_13.png,f2155df870cfe587e4a4e7c5e55a6d97
test/aaaaaeel_0_16.png,7fb68d3734bac6d297f886b6f4906156
test/aaaaaeel_0_18.png,e90b021a5b5de1388f32e2e49fbd5ac1
test/aaaaaeel_0_2.png,7d40d8ecea44a680167ac39ba574ebe4
test/aaaaaeel_0_20.png,ab296fffb39a17360b292cff577dbf78
test/aaaaaeel_0_4.png,c2eb856755f164fc7adeb93003583c49
test/aaaaaeel_0_7.png,c506aaf153a00d363bbec5a34e1e30ec
test/aaaaaeel_0_9.png,090b40f3de2fba03478e8543e8eff0a3
test/aaaaaegi_0_0.png,726ff767d3d1cb3337872892d9c72cc6
test/aaaaaegi_0_11.png,46943e4a2fd7064493b345e059103e2d
test/aaaaaegi_0_12.png,facab55a31fac295d40894075420bec5
test/aaaaaegi_0_14.png,7d480db5a2f4af9dcdce8d22f0efbc44
test/aaaaaegi_0_2.png,a7c37b0269d91995044de7cc85bcedf7
test/aaaaaegi_0_3.png,e5c2d0f9b865c5cfe405abfe5a64c68e
test/aaaaaegi_0_5.png,ad5d3a116dc2f55cc25b00bb6e312360
test/aaaaaegi_0_6.png,4e5d014fa10be2247d15586f2c15a926
test/aaaaaegi_0_8.png,0ada1cb373ba8e7251ad44db2c8f996a
test/aaaaaegi_0_9.png,3a22b4c62e5928bd4876d156717bb76f
test/aaaaaegp_0_0.png,97f3beaa3dfb5da4349908c97776d7f7
test/aaaaaegp_0_11.png,48e24fa736d1c5469f2c9b086a0afd5c
test/aaaaaegp_0_12.png,2e144bf36a0258099f9ab918a6cfa400
test/aaaaaegp_0_14.png,9a01fcd81d190f68199e527524fdd43a
test/aaaaaegp_0_2.png,2efa65cfc840e44202759df2d2894630
test/aaaaaegp_0_3.png,9e1876023667f6caba1375d009892a1f
test/aaaaaegp_0_5.png,af0d97c4d135ba762ab0925d21f91d40
test/aaaaaegp_0_6.png,0feced11ed68a90c60035d7db459004a
test/aaaaaegp_0_8.png,3a52032d9c79b4f8c8a65a97090e7e5d
test/aaaaaegp_0_9.png,d7bee1543519a8ecb6001273c48825da
test/aaaaaehv_0_0.png,5bf8cdf8f4f26f89c64c1592a96fb86f
test/aaaaaehv_0_10.png,609d2301e96c91b2d9e8cdcf4d4db605
test/aaaaaehv_0_13.png,40a741f522591b58b99c6f60606646a4
test/aaaaaehv_0_16.png,d9b7e1f1fc758fc3c5a9f3103f48c4b3
test/aaaaaehv_0_19.png,d1d6d8a40de3addbe19032d29d1a314d
test/aaaaaehv_0_23.png,c83c588cc2de42650db803f48360f1a8
test/aaaaaehv_0_26.png,41b28c1ab1e784cbde00069221e217d5
test/aaaaaehv_0_29.png,4ac14185a027222aad8be16c09edfe9c
test/aaaaaehv_0_3.png,0b9c1d25880a6c0bfae56316cd09e223
test/aaaaaehv_0_6.png,b7bb8ab573160808f024958a5e4024bb
test/aaaaaeie_0_0.png,a785354741492ce3245613cd9ba057c4
test/aaaaaeie_0_13.png,ff0d1ad87f286fab2f3758eb834f1e15
test/aaaaaeie_0_20.png,cece4ca0f86d752cd93f2b09eacfe7bf
test/aaaaaeie_0_26.png,ba249b9996cb4c415d2c38e7d83d172a
test/aaaaaeie_0_33.png,bac4eadefaaac356322b5e8065da1c5c
test/aaaaaeie_0_39.png,c976fdb71b992a14e0d9953f46d78754
test/aaaaaeie_0_46.png,08ad8b9566a47103e5494fec78b5bcc6
test/aaaaaeie_0_52.png,6c4b5c02516fe91ff2f0cc2181f5b1f3
test/aaaaaeie_0_59.png,59d01f60b47a701d622c430b076f87d7
test/aaaaaeie_0_7.png,d39d42532faa8648aa51e8c4d4259360
test/aaaaaems_0_0.png,75aeab232422fd262082e267aa6df42e
test/aaaaaems_0_15.png,b7fe98312cf0fb624a60d990801844e5
test/aaaaaems_0_23.png,83b33fce6c6426c1824d83e3e93b27dc
test/aaaaaems_0_30.png,cad5706adc995a73000ec706a8983553
test/aaaaaems_0_38.png,6e56f1fa5b9600ca38c16700766f8cdc
test/aaaaaems_0_45.png,9b8dfdaed7bf2b21d82cc48b3c743b9c
test/aaaaaems_0_53.png,9473fb56d30c80638f5d8a4ae8fe2eee
test/aaaaaems_0_60.png,12a516fc2643494f8bde85fd7a1547b1
test/aaaaaems_0_68.png,52f589d891c8a6e645985f0aa55d01e2
test/aaaaaems_0_8.png,e69f73a57e22ce0e08fcc3161d29cd5b
test/aaaaaeri_0_0.png,4b83e50a9de6deba89575ff7624c3f48
test/aaaaaeri_0_17.png,5feb6cb49a9f628a4834cbe68723120b
test/aaaaaeri_0_25.png,55cce7ccc527178d7cc8f706b07d9828
test/aaaaaeri_0_34.png,4f894f4528d1c1cb13989aa97c851d6a
test/aaaaaeri_0_42.png,c69bb7097051054eb3e6066c8e270998
test/aaaaaeri_0_51.png,e8bfee15a02e12fd7890e39eabc328f8
test/aaaaaeri_0_59.png,2c1f6bb1bc8b8ebe8a83fcce52afc0f5
test/aaaaaeri_0_68.png,b9f0646bb52fb696d7fe7cb10c9b0e06
test/aaaaaeri_0_76.png,84ac3346ed498b20c2a0ab275623694a
test/aaaaaeri_0_8.png,bcb4a3f426bb745286ea26f3fe1bebd7
test/aaaaaewj_0_0.png,e394b9ff019596e39dbc28d5b7f917bb
test/aaaaaewj_0_12.png,9ec8c5b3b671f4b805de51ee8fec49bf
test/aaaaaewj_0_14.png,d46357eeee8527c5c7928c436ab1667c
test/aaaaaewj_0_16.png,765935f57f07546b72c775e552a821ab
test/aaaaaewj_0_19.png,fa245a829bd39a9c9e8adf6e29ef078b
test/aaaaaewj_0_2.png,3843f22d3bedf88a7e7880cdbcab3380
test/aaaaaewj_0_21.png,209b4ebf0f18c08248c9a014fb56f2b4
test/aaaaaewj_0_5.png,0bc4ca832b11fdd7f8512abec3093950
test/aaaaaewj_0_7.png,7b3b2aafca33d2f5aa029738396f49c6
test/aaaaaewj_0_9.png,5ea0dca6e823a6dd5a862e58646dc38b
test/aaaaaeys_0_0.png,31c40b9fc542ea45baf26484d72007a3
test/aaaaaeys_0_13.png,4d2fe8aae8b964d020211b1d8cbd301c
test/aaaaaeys_0_20.png,d8ccfc84d47c1c21121bd3f980ecee7e
test/aaaaaeys_0_26.png,7e36cb3f0dc3b767db28b1b0cd9eeb10
test/aaaaaeys_0_33.png,8b8052b6c7e700b8f441c75f9184bb9e
test/aaaaaeys_0_39.png,bc86c36591036321f1eacdcd6e7034d4
test/aaaaaeys_0_46.png,0ba495915f7f09c8ca1792f6e68bd857
test/aaaaaeys_0_47.png,dbc9200690a77f94e893a5ec6f4a6503
test/aaaaaeys_0_48.png,5030c4be7783265b46a89073164a0134
test/aaaaaeys_0_52.png,fb3b88b5d0c0fe12d5434940a8f5675a
test/aaaaaeys_0_59.png,2ca3d9b21b48cd39780541e1a5920030
test/aaaaaeys_0_7.png,7e38e25ed11213f9a5b44702aaacbd1b
test/aaaaaeyz_0_0.png,85529d15bf83dd66af4b78f35029c8b6
test/aaaaaeyz_0_13.png,639b5ec36b41684a1f7a75f36b476ace
test/aaaaaeyz_0_20.png,b0c773af65111adc0a47ef34f09f72cc
test/aaaaaeyz_0_27.png,80188b55c52aa9c384055112cce2955b
test/aaaaaeyz_0_33.png,a93d34924a0872821abf85b78d6bf643
test/aaaaaeyz_0_40.png,679d5cd6773baaccc0d523f578208dcc
test/aaaaaeyz_0_47.png,09f27e3bd24db2345a7ad73e793b7323
test/aaaaaeyz_0_5.png,1709178889d27ad89d779c78daec9ca1
test/aaaaaeyz_0_53.png,8006ac4a25e663359cedd578bd42c570
test/aaaaaeyz_0_60.png,62e94381c9e0b5a99555f2eaf9e4c95a
test/aaaaaeyz_0_7.png,1a8e7d45fb9157e8767f46c51eb59f31
test/aaaaaezm_0_0.png,b56b69c8db0afe6b469a9c13368d674e
test/aaaaaezm_0_1.png,d815705c0dca5cb522d255413926ce1b
test/aaaaaezm_0_13.png,70f6568502d25dadf621fa3ff6d51af0
test/aaaaaezm_0_20.png,dce55883ce01081df1d98fa134dd2b53
test/aaaaaezm_0_26.png,892cb3a7ff42779da3c5bf95d73d7744
test/aaaaaezm_0_33.png,bd88af17d79829cca6015a84c440403c
test/aaaaaezm_0_39.png,c3b4366a86c4a988b189d6174812d1d9
test/aaaaaezm_0_46.png,f22ccbc7a3d4c1aa84d963f8afe4044c
test/aaaaaezm_0_52.png,e8b96dabfc1b20d8609e3bac4caee410
test/aaaaaezm_0_59.png,999f0f4e3d6d3a724a6d0557261aef7d
test/aaaaaezm_0_7.png,8d8d4686aa51efbec2bb2edd6e4d57e8
test/aaaaafcu_0_0.png,6024d0a858c62868adbbce617fb4c33a
test/aaaaafcu_0_13.png,815b3d212f15703e62b126fc67fe7fb0
test/aaaaafcu_0_20.png,23343be74b632bbd37b1b075a3df4a68
test/aaaaafcu_0_26.png,37d45339f5b541442889c351b6be750b
test/aaaaafcu_0_33.png,02ff7a09e8eb4f09a4378c74152df652
test/aaaaafcu_0_39.png,e015a5b56e1d3c4736f6aeb51930c3df
test/aaaaafcu_0_46.png,145a396014946733aa720af5d3d914e9
test/aaaaafcu_0_52.png,ec064fe7a5377f5514ac13e7bfa2a5bb
test/aaaaafcu_0_59.png,3df8ae83532f221fbeeb833a1ba358dd
test/aaaaafcu_0_7.png,63f5ae619aca410b247ab1b8d92cfb77
test/aaaaafef_0_0.png,14117cc3568a6e95dabedefa9775637e
test/aaaaafef_0_12.png,706d8644cd47b3be911f7b7a7ea7e07a
test/aaaaafef_0_18.png,65a92724f2e923121f55a27f57b965cc
test/aaaaafef_0_24.png,0a3bf1ad89429d03b5a9f4cf153d7a90
test/aaaaafef_0_30.png,e97db6a8ccab733e5e70d8794ff72245
test/aaaaafef_0_36.png,c3e00afb73922d68ac785bf89f9d400e
test/aaaaafef_0_42.png,5a61a2f35828c28ed2ac331ff3ca4cc4
test/aaaaafef_0_48.png,2ea049469515dddad08d74bf5f78df19
test/aaaaafef_0_54.png,031e20e184ca26a6c8a3e5ed5c3857cb
test/aaaaafef_0_6.png,ff5b4338858680af8c531f0e8e8c840f
test/aaaaafff_0_0.png,8472c928e2921f68aa9c6505a95c4f93
test/aaaaafff_0_13.png,9c2562c75c075fac65bf4f8fe0750c8a
test/aaaaafff_0_17.png,020f7e135f3f4e6d4dfcd1e8b043fc32
test/aaaaafff_0_22.png,2399eaec37c8a919430f4c38bc3f973d
test/aaaaafff_0_26.png,5832a093e009963fdc915c79f7cf76ac
test/aaaaafff_0_30.png,60b41a528e3bc1ba171f4396c76f43df
test/aaaaafff_0_35.png,a6a8778e44ec22c7e803bcb83a8e213b
test/aaaaafff_0_39.png,9815ebb9229a2f82fd9e79673be4a491
test/aaaaafff_0_4.png,954594e07f498cf8db2554bfd21a7749
test/aaaaafff_0_9.png,dc17ef681d51330a209d8280b5a59228
test/aaaaaffm_0_0.png,b70b33335c5dcf5f76f6b62cf9372091
test/aaaaaffm_0_14.png,276afcdfa886d649d196d35c25c468ce
test/aaaaaffm_0_22.png,7007f1c156bd3c3f208885fb6437eb83
test/aaaaaffm_0_29.png,5fb60bf94b2473dbb7c773c1764901a8
test/aaaaaffm_0_30.png,12d5d660e315146829d236c5423eb8b6
test/aaaaaffm_0_36.png,dcbd0fdd7e005b57ca48ee49b07a586c
test/aaaaaffm_0_43.png,b7804ecf6173c6245be38bf81cbf4fd1
test/aaaaaffm_0_51.png,2d352445b938507b2c3eeb0ad981644b
test/aaaaaffm_0_58.png,0ebba4eaefefc3cf3f72546ae3e9f20d
test/aaaaaffm_0_65.png,2c4bc4e6c05b5c7e8c5b40f529bd60eb
test/aaaaaffm_0_7.png,1203aa4ffd46d66f858d4dc25c7e8456
test/aaaaafiv_0_0.png,93945e968271ac6d0b182b667ba28e37
test/aaaaafiv_0_15.png,a3469fd1f82d752ab9b8e67aa1dac695
test/aaaaafiv_0_23.png,7e203ef01868d6af236bc9da5abe1c46
test/aaaaafiv_0_31.png,269a01fcfe740274b438102aa9f61080
test/aaaaafiv_0_38.png,90f75f5fef22a734259219d1b0825183
test/aaaaafiv_0_46.png,33806d8497399f2031722e98f526a1ea
test/aaaaafiv_0_54.png,50ce7259daf5186e109cf56fa0c03012
test/aaaaafiv_0_61.png,d294677fa859a0323220b229dc491c18
test/aaaaafiv_0_69.png,08feac2e8f7bf94ed866fa583331518d
test/aaaaafiv_0_8.png,b19084a5258890baaa14d14443eb7ff8
test/aaaaafjm_0_0.png,a3e00965803dc5c4a3891180514907ac
test/aaaaafjm_0_1.png,6d1669e91294e4019a8be6fcb90b2f9e
test/aaaaafjm_0_11.png,33cd1a32bb4edcbf16b08c1352d7dcaa
test/aaaaafjm_0_12.png,a2ac567bcd010c03ca1153b0e4eaf1a3
test/aaaaafjm_0_14.png,eb73e39b92994600f388d36dee28625c
test/aaaaafjm_0_2.png,7b95adda7e2d282e18de0ae754d7c8b2
test/aaaaafjm_0_3.png,e1f2c3bc942db9feb338b1508d4274cf
test/aaaaafjm_0_5.png,a4514994b6ba453c10c833baf52cf7c4
test/aaaaafjm_0_6.png,04b6be35ad725bc05e3bc7826d4f8618
test/aaaaafjm_0_8.png,62307944235be97a0013684b5cabc0bb
test/aaaaafjm_0_9.png,0b771623ed6066bbb4f1c4fdf4a5d52e
test/aaaaafmb_0_0.png,0a1a16919939c31e501fa128ff2b7f3c
test/aaaaafmb_0_16.png,41c15905dd13acb4f444fb9f4405efa5
test/aaaaafmb_0_24.png,3af401945941324cb0580af704be054d
test/aaaaafmb_0_32.png,6ea73fb8b0348575329329ea2670e769
test/aaaaafmb_0_39.png,7f3e520a3ad5f09c1261fef5d2337ac8
test/aaaaafmb_0_47.png,226bb4a99b7a7b0a928bfef4c31e5430
test/aaaaafmb_0_50.png,195a2e3ab04c4bc9dbdd0a8f634b4cd1
test/aaaaafmb_0_55.png,2f691cf7f7e6557f7b993d4d0a655a9e
test/aaaaafmb_0_63.png,83b3a7e022f214d3c5bdac156338a3c1
test/aaaaafmb_0_71.png,7883ab03282efa50a4c7c5ebdfa3b2a0
test/aaaaafmb_0_8.png,5ea8447a6f60f8a698a45b558ad5a4f7
test/aaaaafmi_0_0.png,be8e88f84dc43adec4c65d4ff1e70f32
test/aaaaafmi_0_17.png,a4b3a2beb34dfbed7931146ffcae3d47
test/aaaaafmi_0_26.png,770521539d2b6e62612da33311c70ab7
test/aaaaafmi_0_34.png,d96f9766e76919b985abe7e5ca51ca8f
test/aaaaafmi_0_43.png,cccec21850ede6fe2aa28b9c911ad179
test/aaaaafmi_0_51.png,4afc90988a4452c83bb7e74c3d934eb1
test/aaaaafmi_0_60.png,4339dfb7011951e66c554c514b998bf8
test/aaaaafmi_0_68.png,38ef185538b955ad1e6e4de3b74e0815
test/aaaaafmi_0_77.png,23a8f65d41e8a8bb6534781b3edc672a
test/aaaaafmi_0_9.png,21de697223a17956f5b4842b83faea44
test/aaaaafmv_0_0.png,434562f4b15cf99a6863f824844f2de8
test/aaaaafmv_0_1.png,6cf610bbda16dc67651f7e95d8533e72
test/aaaaafmv_0_11.png,413d72b3f5a20164cc884cae8ac5157f
test/aaaaafmv_0_13.png,605472beb6622631f98a971466c10f25
test/aaaaafmv_0_16.png,e2d65ebc3f78ae06d2134ad95f545ac9
test/aaaaafmv_0_19.png,ae7dc9ac4a33498cf15a0dfd7c31a079
test/aaaaafmv_0_21.png,480df9b283467eece270b69cef39015f
test/aaaaafmv_0_24.png,31c13a58074bea9da0cb5d986e293fbe
test/aaaaafmv_0_3.png,84085b24ff50e03c465e7085a1619feb
test/aaaaafmv_0_5.png,c0f8f21297e188aa2ddf2961b6c2f66a
test/aaaaafmv_0_8.png,086a8c943d4df6cc2b8b523a6559c516
test/aaaaafmv_1_0.png,e43e2f7e702fcf9afa69d17d4888349e
test/aaaaafmv_1_12.png,cce86a17ab664a0dbbb81ed37a653546
test/aaaaafmv_1_16.png,b502243962d534feeb0e3276ea65159b
test/aaaaafmv_1_20.png,8b2b8e46c59be604de75255966bfb4c8
test/aaaaafmv_1_24.png,ec943106ccf699e39be61bd1ecc9985a
test/aaaaafmv_1_28.png,2c9ba511c127771de6d47e736142adc8
test/aaaaafmv_1_32.png,cf0cbaffacedbe1948130cee341ce9d2
test/aaaaafmv_1_36.png,6dbe0907b1c5e7409be7ec930cee45b4
test/aaaaafmv_1_4.png,ac8469179ed1791a4edf97bbbec0dd29
test/aaaaafmv_1_8.png,12d07447ac612bd3645b9e3a600230bc
train/000_0_12.png,acce52933bd54ab99896fa7b6574bbb7
train/000_0_2.png,d073cc91209ffb08b431f846bc3e5764
train/000_0_27.png,091914ea5ce1f0903bd82a4c3ac74c4a
train/000_0_3.png,e572d52200121a6df448cf078c362398
train/003_0_0.png,4700083d1d647ace13ea1ea74f9305b4
train/003_0_29.png,8a8f3539179a3581e1e0f61dad9f4fe3
train/003_0_32.png,ec9bf57b24d2d5096207f9494d8854a5
train/003_0_6.png,654e6d345cb5290fc97c410bed6bf6a2
train/004_0_0.png,ac4a466802b2f1a4021245e0a0323256
train/004_0_1.png,78bbf8e612b21a3ccc43f2ea9cf5219d
train/004_0_18.png,e56f786687bbb0a4bb24c43466b68ec4
train/004_0_22.png,4e3087d81948406bfee6cd47ce5d32cd
train/004_1_0.png,5056ff5ec56311ea6c04f75344177449
train/004_1_12.png,2cc5420b85d75e9d34b3d839d1157880
train/004_1_14.png,7a3bdee3213edcf79a97a91a9e07d518
train/004_1_3.png,279c970d36f36af96eaf05dd88ec5e59
train/004_2_1.png,4c597c480a91c4c372601df679741d24
train/004_2_2.png,27389a264409d2a42e747305c09f514d
train/004_2_20.png,f06a1153f8e6ab9f345516052ffe1dac
train/004_2_42.png,48ee12ff5190a1dcc1a586674230ce9d
train/005_0_12.png,740d4925edadafcacf59051ca7eae722
train/005_0_24.png,4af896d27aae3869ebf8950274e6f62f
train/005_0_35.png,a63ab66568bbff27eff0356660456f47
train/005_0_40.png,df8a2006fe07ad3fb323516c89f86112
train/005_1_18.png,ef8db083e8cd12e1992d2450d8130565
train/005_1_19.png,17123fab7fb52744a9db568d607514b8
train/005_1_7.png,7860dbb73841efa07a6adbccd69de75a
train/005_1_8.png,ef9218fff68bcf5722c013878643ddbb
train/006_0_0.png,74171cafcd29840b035e7f4d45d7a14f
train/006_0_1.png,4d1d8083621eee078b37d862cf9d8049
train/006_0_7.png,fe984f086205977e5ea4da13df3d05a7
train/006_0_8.png,35cece68ff6b4663ff72ce533480b715
train/006_1_0.png,2ad617d3d1a45b98963dfc632f9c7e5f
train/006_1_1.png,fe82e3671febc4393ac87ecde98e33a5
train/006_2_0.png,4d5db9ec725635c0b06ae3da2bfe4908
train/006_2_27.png,dd1091b8cd3c04f98a04997815de793f
train/006_2_3.png,805e6e62dc674fff1d961c5a694a8625
train/006_2_32.png,6f46a6464c2d4e38b4dd477934170253
train/007_0_3.png,f85bd692171067832057687f79cdf70f
train/007_0_4.png,7f6b7896f7103fd18c36bc8d472b52b6
train/007_0_43.png,56c61e87d811ab09d38c1fc7db37f158
train/007_0_64.png,b75bfdf5ced736a71af87d543b4fae80
train/007_1_49.png,6f5810f1a0262a34ffc91002ef77504b
train/007_1_50.png,85f16f1d926a522c30baad4a5f00e410
train/007_1_52.png,bb64ceec57177b29518487609d3aefae
train/007_1_80.png,c5f85bdb0318f7c34f241ee17f4a66c5
train/008_0_1.png,a64c68f5390cd17a4c370c43b9a933df
train/008_0_22.png,c54b1f73ee5c7005ed86080436b2340a
train/008_0_37.png,42a53a9b79f43f23e8d7fd5c473ce014
train/008_0_8.png,d93591809137c776028b863430f185b2
train/008_1_0.png,140fb51b190ff34154374ac373732c6b
train/008_1_2.png,14474adf078841d04bc1bb0835553382
train/008_1_47.png,30b35c27c6c6a91fc9dfbb7ac9337617
train/008_1_6.png,821905d805345202489c23053865d66b
train/008_2_10.png,4c3860dd157671c09349f20cdb4c87ea
train/008_2_43.png,f80661d2f39c30e38a9d8ada12c057ce
train/008_2_5.png,bc57300c2fde670098e6012873ef3908
train/008_2_70.png,73f7410111e101a9e851461f7e14e39d
train/009_0_2.png,0bb39627ed825277939a16019d98638c
train/009_0_3.png,7a50d5a0b6844e3be4d5b3e5660be063
train/009_0_44.png,bbfca4c2f121c31490ee0727757c3e19
train/009_0_47.png,eb0838d97271b7939fbe46ada04f1e41
train/009_1_14.png,72d2b99393191285bd9225bad283fe26
train/009_1_15.png,7a1109d7c4ceb8d06a5d22f19ebb0f72
train/009_1_22.png,c57fe5fe916188f7b66368094d0655ed
train/009_1_27.png,e5d9cfc783601e68e8a204497a9368ac
train/010_0_0.png,01a4aecbdd953a704c73d1e27e3028ae
train/010_0_1.png,92f1c5277a5e8425393567179713c871
train/010_0_13.png,003d0650c0f04cc37c0d87d2f1f22980
train/010_0_2.png,55da3666b4cb7c4134ea6c1f8aa54335
train/010_1_1.png,471c20b0554f69a0958a45c895803b41
train/010_1_18.png,b5e4b6f48e55a1eeb4f9ba27c53517b5
train/010_1_36.png,3482dc01b0b5eb2f44531f95af4990a4
train/010_1_49.png,a5b79853d2dc3765dd855a5c3a4fdc5b
train/010_2_12.png,629ae5d8f4c476ea1f355c709e9da25d
train/010_2_21.png,3fae0e45a0ecec044a5bad09ee95899f
train/010_2_22.png,0b5dc82764743fe5e962aa7f9fc1f7c5
train/010_2_24.png,595b9168fed616ae4d2844d7a7966877
train/010_3_10.png,908a3b7a4d5583d3065da70e2933fea9
train/010_3_17.png,7758e39b34394465079232f3452457e3
train/010_3_18.png,ee749faa89222aaa17357541781f5cfb
train/010_3_43.png,f8af273bb1d774668a6b25c474cabca3
train/011_0_0.png,3667beb28bfde66bb737e611f6e47c24
train/011_0_14.png,cfd9ab6d2d6156e0ebce33315a012ce7
train/011_0_5.png,f1f38d3adc49142dab76a080358454da
train/011_0_9.png,a15daf4d9152939806a365966137ae12
train/011_1_18.png,6ddc65ed34c6495acdcf0a70eac1bd4f
train/011_1_37.png,d1a7dd4884516202677c97e9076268b1
train/011_1_57.png,fc06517ee8bcc9fde721eeb4da1b37e6
train/011_1_58.png,8042667af234239cabe2a924597183b4
train/014_0_0.png,eccdcf0ac49c3d9047569237693a6331
train/014_0_12.png,7d25686ca969c2e4cb38c534fa0383cd
train/014_0_14.png,1884f483ef357920e1955b5976b065b7
train/014_0_2.png,9b38d8bdb3c3d5b29d986c9c114829d6
train/014_1_0.png,8dbc4bab73d234ab0b251af564f61dbb
train/014_1_4.png,06024c4157e10ff0984599c8c76d337b
train/014_1_43.png,d7b3bc0616999abe258f0d8467399581
train/014_1_7.png,f0d8a42c74b981205c8dcd5ce4e5f539
train/015_0_45.png,7cae4496cee86ee1105dc1c100e27c31
train/015_0_5.png,a384c3b2d70f01479950dac7ac7f2996
train/015_0_53.png,b49cd1b4e2c96558d8bd70c75d71fcb4
train/015_0_56.png,6facfb32cc850f870b9e922dd63fbef1
train/015_1_14.png,8e6b965595c46b9365d83d29b6f88f4a
train/015_1_22.png,a892ee807feb74f7c307cd7446f96b6d
train/015_1_24.png,836196e866e3117ad68385fe0740989a
train/015_1_45.png,3c6e7152d4aaaf60b68c54c280774b46
train/015_2_0.png,858d04bb3d5f6d6984a0583ab97f7024
train/015_2_20.png,0ccfc3e59125af3320f9ef942d9c95c5
train/015_2_21.png,c0f265168c926f91497fce7bee5557b4
train/015_2_22.png,c15549b63c833ab7724a6dd57bbdf7f5
train/016_0_2.png,4ad8a71bf5411ced5912c8e9e8ccb6c5
train/016_0_27.png,09867dea3416645b55509f0200c53df1
train/016_0_4.png,8ac716eae04eb3c519c918b66bfabbd0
train/016_0_45.png,eb9a388674de042304439dd77711b095
train/016_1_0.png,ac0b07ff57b8a7ddf81b25a86371eceb
train/016_1_1.png,e26852555b52cae0539f7714c26d555a
train/016_1_12.png,d0018bd5f1f6fac742c34dfc9dd29816
train/016_1_4.png,7c1285ae917992b5c2ca4b635e01b996
train/016_2_0.png,f0b7edd3ad520300fa84905bfc18d459
train/016_2_10.png,82139ad63b5f2a77b6138222e6761735
train/016_2_13.png,45121b8e5d6da500e7f535f131acf086
train/016_2_3.png,58989a1a520fd84698eef90ff9b6a4f8
train/016_3_0.png,7e858f694af831413a5354e37ac1dd52
train/016_3_11.png,716d2060cc6e4f8ef168a9671f90f153
train/016_3_5.png,72c9ab9a0df57fb72d970d2fc0807983
train/016_3_9.png,c966d8afce82ad324e838af833538834
train/016_4_0.png,34086791d563bc515e2aeeb966a59a73
train/016_4_4.png,0c8fe172ef9168b920dcf1515300d892
train/016_4_7.png,7100cc004f2a765f8326b342eb7bda49
train/016_4_8.png,996c75090903053aaf17c3de1df78c39
train/017_0_0.png,4700083d1d647ace13ea1ea74f9305b4
train/017_0_46.png,439d4dd2923ecae4c9f3f9286c65bc2d
train/017_0_49.png,68c9ad40e236aa6eaa7058fc4ca41e4e
train/017_0_6.png,654e6d345cb5290fc97c410bed6bf6a2
train/017_1_0.png,2707f1426bfcbd308efe77c23543902a
train/017_1_1.png,bfbd88525a961e48c5aef91e69e4ebe8
train/017_1_80.png,a25cc5782cb5264ecc33d71420930c50
train/017_1_81.png,4cdc496fd3741e3b1d1e6fb82ce12641
train/017_2_0.png,6ab63ce94da5e647fdea37b95ac7d0a8
train/017_2_1.png,a6a9af43d9e7242f93dd812de9a63564
train/017_2_3.png,f65e4683d36bc0b77961199965671530
train/017_2_5.png,7be95587c8e69d3a3ca3fe52b34e1714
train/017_3_0.png,18bae5313e2002b52f0fdcd725cfdc27
train/017_3_1.png,9a7366f9d99f9dde44355340bcbd578a
train/017_3_2.png,49cffc5a66b5e1c1570b5a472229472e
train/017_3_4.png,9e9a978f776c5ae6c0b57ed65da0a67a
train/017_4_3.png,fe2ea2342681e3bfcca66781b7728208
train/017_4_7.png,3d23805155c9752364bafaf7361fc12c
train/017_4_8.png,0a4a7bc46f73466fd92cb0c8a0b01138
train/017_4_9.png,58d1630c3df80acdc48e5fc0a33ff4b0
train/018_0_0.png,ac4a466802b2f1a4021245e0a0323256
train/018_0_13.png,76717b69bb14f9c1cf5b54ea0c242a34
train/018_0_25.png,9af697b19c6635421c8de30c57c6d7a6
train/018_0_27.png,d014729050be3d3da36f4fe2cc45b969
train/018_1_2.png,7edec0a13e9a8a5f3a6986aa9babfc81
train/018_1_3.png,2c35c6d0e64a46a2c066f29839c1e199
train/018_1_33.png,5fbcb685c712cb54a1147410cbbbf062
train/018_1_46.png,d6a1a994c54857676e8e00273590547b
train/018_2_13.png,d157aed3b4ceaddc7ed7a7d4d8d95350
train/018_2_14.png,1721c95b59ce99b7c0a16cbd0b0a87ce
train/018_2_6.png,123f6a2e85a0cda431b03b9502ccf2cc
train/018_2_7.png,1896361e36e28f48d13cfafd451e441e
train/019_0_29.png,bd9bbc59aa8f1d78cc9f8988601cd7c2
train/019_0_4.png,9cd20b71b8d67ae099c55f99309c2919
train/019_0_40.png,df8a2006fe07ad3fb323516c89f86112
train/019_0_44.png,7febff39f491e614b3d89a8849c8733e
train/019_1_0.png,84ecfb8cbf15d7a7980ccf0dee9ff8dd
train/019_1_152.png,1a16727f35f39f75d322a37338f9362b
train/019_1_28.png,471cc4cc3b495b1ddc64d2857b9f20f7
train/019_1_6.png,54dadd62bc659d1267bd75a34a8ff6fc
train/019_2_19.png,65ceef737c5b748897e27fd1b1062d0b
train/019_2_21.png,b595c5dc22e930f35dcd899e485c0ef6
train/019_2_37.png,73c9c9f28e6d1b5a003c5196a014081c
train/019_2_56.png,c9799e841e84ae6a00fb8bde586252ae
train/020_0_0.png,74171cafcd29840b035e7f4d45d7a14f
train/020_0_11.png,4c5ce633a6f35f0e5d967fb6cad056d5
train/020_0_37.png,b28f8985beef7cee8a3bf1c41e5f8cc9
train/020_0_71.png,d956603526be9956068e1508f01d3f30
train/020_1_14.png,1ea48f40a412cc97cddace41cb63b80f
train/020_1_48.png,cd809dd32973cff5f076b2c7e5099af4
train/020_1_5.png,2b9c213b316f986fa1ced6cd83cdd4c8
train/020_1_7.png,a2714439300cd208391dbabc719434f2
train/020_2_13.png,345bfe69d119ceb5aeca78b91211d65e
train/020_2_14.png,fae07382eba2b2004b8ad0c781aba3f6
train/020_2_2.png,d0fae2a1b7769eee298fc6dbb7033e67
train/020_2_3.png,b96dbe9ea8ab316caba1935c0f9c1ea0
train/023_0_1.png,2e53d9a548b53cd84c26def7c1e842e1
train/023_0_142.png,da5cb214a056ede083d3b80fbb197f80
train/023_0_143.png,6fbd62754812021581432749d20a3c28
train/023_0_24.png,2f2952632812b9c907d89d3ab34c6106
train/023_1_21.png,9a49956f151ddf5ccc89277354d1608e
train/023_1_42.png,d84d0b718248ffdcce722c5c5c289fd2
train/023_1_5.png,dfa96b1051560b9aa3590841d06c7efa
train/023_1_93.png,a200e8d81879d4d793303b707372e77e
train/023_2_1.png,62a0175f28fda4d73b8d601406c24c2d
train/023_2_15.png,897890f6cbd6b409439cb2719b134cb8
train/023_2_24.png,a1f3681dd4e7bc9600c829f15381c175
train/023_2_3.png,8e86b6e7ead085e1eb0d56becde05c01
train/023_3_1.png,c34489cc12147b3661f366eda04a79b9
train/023_3_2.png,03a29a2933b05d31f91f5d3f9f77c501
train/023_3_6.png,c8c756f00f5a9b7cda994eafd9d7f7b1
train/023_3_7.png,4f66f216d82f270ee6851cab4054f503
train/025_0_1.png,5c9c726fb6f244416f6ef463409fdaa5
train/025_0_15.png,4f79c5e79b68e3f83f131242c3b38206
train/025_0_23.png,2cfd90b9bb75708ad53f46a06d53393d
train/025_0_60.png,fa0cb2545a79dc548f483318f3b000e6
train/029_0_0.png,8eb3204942b3f9b04f8c2c605cfc6700
train/029_0_38.png,b0b6e6f54c0c3dd0b1f8ab4774936d6d
train/029_0_47.png,8568d0fc666a3a291db4e37c1ef6b48e
train/029_0_53.png,8628926130e84b7c64e2a3f3686e269e
train/030_0_0.png,1c6f8be9a2428ea0755722a665e1ea8d
train/030_0_2.png,cafae58cbea03a46ceb6b6e87e62811b
train/030_0_3.png,df388c957214daedaef90a5e90aacf1a
train/030_0_61.png,e99982c710cd37006bc92d0fa05ac98e
train/031_0_0.png,bd87835cb909725565d9a50a5a13a31f
train/031_1_10.png,0218cf20e9390ad40ec2fe736da22e93
train/031_1_31.png,02ae64234e57b9fa6393657a7fac0938
train/031_1_43.png,c91b1fa617cda1a1853dd1a914dd45a2
train/031_1_52.png,78149ffda964f8b02caab4adf66ece56
train/032_0_13.png,c662011e455495459feecd96edb46241
train/032_0_19.png,c734cc7b3e5f8bb27308d90d91938dbe
train/032_0_4.png,f058a1a243f75257fed93c282352edb1
train/032_0_56.png,5369cd682c58ca9189e3db44cfc18c31
train/032_1_35.png,d73d226c7e6cced72fea61651bad1acd
train/032_1_37.png,6bdd11da4e8d5ad56c6d157143751386
train/032_1_4.png,26da4db71083feea6fee6461529b16c1
train/032_1_5.png,39fb44d796a5ceb5962f67f2896044d0
train/032_2_1.png,28caa9a02ea78ac337baad72bc3188d0
train/032_2_3.png,2370f2156bff26dbc7af72ec3a63c7b2
train/032_2_4.png,5550e651deab66f95a02bb47913742b7
train/032_2_51.png,731517ff7ff53bafa1d9e301801e2f48
train/033_0_0.png,ae04c3466a122b00f57cdf41432b14e6
train/033_0_3.png,e2c7c93bbcf6ded0a7bd876248e2aae9
train/033_0_50.png,a7dd338b450a303a3956048a057930b3
train/033_0_53.png,a623ccd44091c08bb76255e0f9abe27b
train/034_0_12.png,2262c1f86f58d27765642d2b5483bde8
train/034_0_14.png,799b74b1d71ee0ff73d5a9093b424f84
train/034_0_27.png,82abaefca808e475f6a4ca417ea72eea
train/034_0_6.png,96fe1f4c9fded10d5d3f1e926e2329fa
train/035_0_11.png,bf7c37f404011b53f44aa187822cec4d
train/035_0_13.png,85fb416e721b52dc5e3f3d640f7960a8
train/035_0_26.png,a65caaff73a42413f023ad030c28ef4b
train/035_0_57.png,7e4cdcc400d6efee3173b907603b6a61
train/035_1_16.png,a27e953eda485d0574be2330825a8ac5
train/035_1_18.png,4cffa4452ffd987f7076f6f8ea39e756
train/035_1_27.png,d9bdee3fc5135c274407ab3b952369b7
train/035_1_28.png,c57fb467fb8fe02a051c571fbb3cb22a
train/035_2_11.png,7fb41b9075b4bd6519b3ee66a2628f52
train/035_2_16.png,903009c15dc61a41a52fdccd708cd4d7
train/035_2_40.png,6117d2a91cf770c3a8c1adb2750f3a57
train/035_2_70.png,73f7410111e101a9e851461f7e14e39d
train/037_0_13.png,44fd9a2d09cdf603a8f5f6ead7f67e90
train/037_0_2.png,d00d704782fbc04dcfda14885c485d69
train/037_0_7.png,33c028c10c9f009f2791768a0fa96b72
train/037_0_9.png,a8c1afda5df42ee55f9c10894ca6def9
train/037_1_0.png,0fa06425e40f84110017a3fd15a9e7cd
train/037_1_2.png,fb9427b71e10a05ff26a0ec89729a2d3
train/037_1_28.png,f706b7ee4bafc79626263a07d187a0e4
train/037_1_29.png,5358a2f2cc61bb4b3f13ce5039ea830b
train/037_2_17.png,7758e39b34394465079232f3452457e3
train/037_2_18.png,ee749faa89222aaa17357541781f5cfb
train/037_2_48.png,f40e39a3a4fc18fc3a19d76e12293287
train/037_2_7.png,438fa3d3eb7e7b3f751e2d3962175c7e
train/039_0_17.png,9586b8904f8f58a5ea9ac3c8d2a6371d
train/039_0_30.png,98621244cfd017289afc88f9848458cc
train/039_0_43.png,85620c6e270393fdc3c1dacda008b38e
train/039_0_53.png,935c509478a44c94f7dd738d731f20fd
train/040_0_0.png,ead32b923e5d3ab9cc16e37b67b505ee
train/040_1_11.png,a8c7b7b1580a0ab343d1bbfbeecca30a
train/040_1_33.png,5bcacc1692a5a178871e3d6fa438fd44
train/040_1_37.png,02f944365569686f5d29db0dc299ffc5
train/040_1_63.png,b4c68af7b31b70a5028f3ded7f12e74e
train/041_0_1.png,4b318bffc3a43efe53ddbcbd36ed0f63
train/041_0_14.png,c36e9f0b2eb6d7d3f77f07f46675c9d1
train/041_0_47.png,a870313941bfdc073b7c227bc1e95bc5
train/041_0_57.png,21dcaf948ac037230d5423909322bf26
train/041_1_10.png,ecc1bd0bc309ffff8cb3450602847a69
train/041_1_14.png,b958f584829bee3f4bd45639ef9dd6db
train/041_1_41.png,51215fb4b6c271bb7b5de48f2127b6e4
train/041_1_55.png,ae6339f55c5cb26bd43a1f5e13b4c612
train/043_0_0.png,244a3d97b0eb6e0df03dd8f883b32c02
train/043_0_17.png,dd6c08e187185e0ef186c0dd85e167d0
train/043_0_36.png,b5a0868272947a104b04dc12be1d9c6b
train/043_0_6.png,597d0955717393fed1afeed238f26d59
train/043_1_0.png,8039197a94b6c0ce73b2689c71abefbb
train/043_1_1.png,9b94d9eeba89c12671c842aa534edd1d
train/043_1_10.png,03111f16a8bba3e8fd6afb98d3c0fa69
train/043_1_4.png,5dc7a74d7258641f7a8dfd500f9b705f
train/043_2_0.png,adda67526e0229f387fe75520f1b69b8
train/043_2_13.png,11f0ec41d1e75eeb0a19b1a53dc310c6
train/043_2_5.png,c03e3fa553653ee3168643c01d656462
train/043_2_9.png,dd31ff85a30bf4364c7850675277bdb6
train/043_3_18.png,0783e01ddf9fd27720e0a1fb1ba30e8e
train/043_3_25.png,dad0d63793f3f0e55ed602e9bd82a1bf
train/043_3_32.png,e6b84b6fc52c88f98b6fbc6eecdfa54e
train/043_3_42.png,0a37304bfb1ca044392c78bcf169be04
train/044_0_11.png,715ada65b3b6a94a3c164f8ec3b8dc30
train/044_0_15.png,3bc00cdc228f7128f4532247c130fe08
train/044_0_16.png,7e4186b90d075d72cd138b1e5afb9332
train/044_0_58.png,b5a71415af3071e4587daf84864524e8
train/045_0_1.png,0a7c7b15d6d8596e8b8a010a95a9e4de
train/045_0_2.png,466b8f4ca9f17d848c597787fa01e75f
train/045_0_31.png,5676ae0f8d701722477c88da422f8ba8
train/045_0_59.png,fb8f0ce0957f1932438cce9567eaa175
train/045_1_3.png,b1f37bb8803f8636eea4d3b6bfbe5ca8
train/045_1_4.png,52b989efcf6ad5fa6ca1051b7fa5f801
train/045_1_51.png,e18b0371d8e877858df9897e8b10c4fd
train/045_1_7.png,cc970577183b00b060b0c9dd89d98cfc
train/046_0_1.png,057f5f864e1df114157ae8b67d0ea090
train/046_0_2.png,ad3f5a8cfe58aeba6b56e86f09db68d8
train/046_0_4.png,557ca52b118b779c1d74dd29ce7cd995
train/046_0_5.png,ad0b4992307b84aadc23d82bf45ddfbe
train/046_1_10.png,2351377d1b329691acddb9ac981f2759
train/046_1_12.png,3c554b5c65e6367c69094f434db1717a
train/046_1_16.png,6a80e722ec1101c8458ef5f78453e618
train/046_1_6.png,3ef2084bbec9c556dcde4cb22aa81a79
train/047_0_14.png,06032371c27f7a98ffad1de60b169ecf
train/047_0_16.png,507f3a95b2b9eff8709f3f919054b6cb
train/047_0_33.png,7e60050962ceccb0a6c0a2b4257360e1
train/047_0_4.png,1e3c30cd921a019c37feecfdc7e20b23
train/047_1_17.png,c6c55a212edfbe138d09f9e3caae955a
train/047_1_20.png,b4ae2f41696916fd69f0b87b7b14da6a
train/047_1_57.png,b13e1881f8b58a0dd1fdc06b483af3d5
train/047_1_8.png,19d54263c57355f49e68714d4b06aaa7
train/048_0_1.png,56713c095b14fa92b7d9cd76a4991ff5
train/048_0_16.png,8aea6f152a45db435a96aced7865eb98
train/048_0_36.png,d1401b3711d973f23e1b6ffd701033c1
train/048_0_4.png,abdfb63a9a42e13807becfad430e5141
train/048_1_12.png,eacd3be5dd15213a0a4cdc9f20bad093
train/048_1_35.png,426c865c9aa6978e3647ca3706b0afc1
train/048_1_48.png,61103dd909ea1a59d3474b98956d8ede
train/048_1_51.png,0f09c9f06c8e6f039ab986e0da763209
train/049_0_13.png,bcf08317d12d0355f5734c539af29664
train/049_0_17.png,efb271e08a63df4689ef14136672fba3
train/049_0_23.png,c69454d673eba723e3ab667acca9e15d
train/049_0_26.png,8dccf31f70386ffeb6a4cef0ea156344
train/049_1_0.png,aac4dd970039365b2a2f4028fc09a774
train/049_1_3.png,22bba5c2d5e9adffda02a714c88f5558
train/049_1_6.png,b0015a40448fff699408626e038461a3
train/049_1_9.png,a3e8cee395527e7d9418d17269fefee7
train/049_2_0.png,53192a14c8fabfe862ef72c70c293b52
train/049_2_5.png,5b20f0e1282ca596cfe27478a1cb5262
train/049_2_6.png,4222404e9df9b7d3e6ec10ac1d560ed7
train/049_2_9.png,a9c0e68f48e14a69177a6b6f0659cd82
train/049_3_2.png,75493694e7c46cc96030e0ff4d764220
train/049_3_26.png,b43c9310e3ccdb081ae4fd1085da3c63
train/049_3_34.png,ecd7dfbda3f90806034b7a05b4e1199a
train/049_3_38.png,60a23272c9aef13eb1aba4016e17e9c4
train/050_0_2.png,b8bf70f0d88639223bf5bfccefec4d37
train/050_0_22.png,11affe178e1e8fb43f82832195104f8f
train/050_0_24.png,4fe12ddd9d90a68e01af5a9724a8d7f8
train/050_0_33.png,252dd472720756b687edd4eae2d1317f
train/050_1_1.png,2a2948a327cc544309b79b11a354d4b9
train/050_1_12.png,661e0b91e84b3d808aa3b394f76bcd6e
train/050_1_19.png,845db793781c6dea2debbb930c64d5e5
train/050_1_31.png,c7eb2901f4896931461ca2446511a3e7
train/050_2_0.png,eddd073ad673134d210f1d406d7f7014
train/050_2_1.png,1e0707c9ebe3d97cc04cd94a1183dbfa
train/050_2_2.png,b6fb62f7360e15ce1f40e81fe7eafee0
train/050_2_4.png,2509533b1341e444afc0b5d3453d443a
train/051_0_0.png,04aa09237b0308f3d4cc1513173fc32e
train/051_0_11.png,8a1ae9fa9ce601fb4fa734858de8cb70
train/051_0_4.png,ad040665ee8d66d42d46395ddbd87cb5
train/051_0_49.png,c2e05deabf59967bff5a7bb99d8046fc
train/052_0_22.png,d06f4f0d033181be114eb7de013a9883
train/052_0_26.png,99e90e619154dd91eff91153ebfc431f
train/052_0_3.png,fd5f4364abae76a7c64529e0293fdc4a
train/052_0_4.png,cb31a050d3ea01860e21a6f564dc56ee
train/052_1_10.png,4ecffc85ae48f546002a030788150303
train/052_1_39.png,6b03a9b526b565c1df8dca9e016a9d94
train/052_1_43.png,e518454957ec54e2c1dc09ce5d6c1af5
train/052_1_8.png,0149b4e1927ac883fd698234a0caed38
train/054_0_12.png,37f32bdcb8dab1feac9056eb4196eb66
train/054_0_14.png,f6f94481e36ad7c562d7b76837a82a1c
train/054_0_37.png,cb07cc0161a07d08ff3832626e795331
train/054_0_55.png,35ad13ce7f75ab9c39207cea9377e8b3
train/055_0_12.png,702d4902858d5b42cb8d22b804217fd5
train/055_0_50.png,3b463b811f383e02c7c847f3f23cc949
train/055_0_7.png,e0a3716fe0231d7665ef10af2de791c6
train/055_0_8.png,fc26a2f4e1b2c9c6d27906d11bfe9620
train/055_1_0.png,63077ea26e800247a70d5f806a20b587
train/055_1_3.png,8e86b6e7ead085e1eb0d56becde05c01
train/055_1_38.png,f4365a6779c99feb4be8f8d68988fee1
train/055_1_72.png,b2502c1a5d7bd13a226d276abd3234e3
train/058_0_10.png,556263ac2702998e12d389501c3cee55
train/058_0_22.png,4f9d3254098450ab026aeab68e4f72b7
train/058_0_54.png,57057fbd13f040ed11eabf502f8a1a45
train/058_0_6.png,94e58ae74821f282dc4b3c2b29083656
train/058_1_12.png,ed39e37b4d1d87009510413b723fed48
train/058_1_50.png,a0c7f8bf38a6dfa40d1bc18285b624ef
train/058_1_53.png,b656233b0d9c7cd8238bd623c6617cb2
train/058_1_58.png,0e6576fb63461e2c17364cf98adcb77e
train/059_0_27.png,3fd5e4e3b9a9477a2aea551526477e83
train/059_0_3.png,f138e5fc1f099bfc813a7762d989e9f3
train/059_0_30.png,dc15959a70909ffd140bd8f9202a92e2
train/059_0_5.png,48c817a4a2561a19c761c3bd4068f878
train/060_0_11.png,da8a6ea5eb2663f9a55e8ba9b074992e
train/060_0_16.png,8ae01450a7f65acdb1e9f601cb2a35dd
train/060_0_19.png,964fb26f85f0aee8869476adb6933295
train/060_0_3.png,34e2752bbf9d24527834cdb049a2c52d
train/064_0_14.png,b904e464c96d44291645a272680e5054
train/064_0_16.png,92b565e346f65027a0760c602f06ad86
train/064_0_22.png,b12e977cd9bebe8549d26966bd3de5bf
train/064_0_3.png,d1c42a2be18fdd88624b555e72425429
train/067_0_15.png,2386e3d6ec08cc8d222f461fa7fcefe5
train/067_0_24.png,d34d3e932e0a401180d9c33a2f669b2f
train/067_0_49.png,fa7af029349a5116921682f2a46b846a
train/067_0_5.png,705bda7c5995a91b0568b8f593c77310
train/070_0_33.png,305aa2976ccd084d597daf187a476fe9
train/070_0_35.png,26a1b813c9f2db318c2205c05499472a
train/070_0_42.png,1bc150be24eeb6224d3d0822f6aebdae
train/070_0_50.png,992471075025fd530f16e353ed1174fd
train/070_1_1.png,b1802e24432e621d27d805d0c996e74f
train/070_1_10.png,2fc5c923468bbc3bb9f04cbf09405fcf
train/070_1_30.png,091249060af8fc9b1bb68efdcdf5a44e
train/070_1_49.png,11c956177d99d9f957553513d5e63341
train/072_0_24.png,2f485fa82041794e10e0a5a83c385c1b
train/072_0_34.png,9e8830111224479a76450334b41fc97b
train/072_0_44.png,60cdcc6ce177e40d330d3ba96c0c6ced
train/072_0_56.png,fc44c3a828e6d204fc9772b572fbfa2e
train/074_0_12.png,214776909775ed3c9f2bef690bd23906
train/074_0_19.png,edcd06db6c80174541a1f60fdbf8ed92
train/074_0_23.png,3d5877ccf43565f17bc820762860ab6c
train/074_0_25.png,99a46ba0a30395b005952313ab9df812
train/088_0_13.png,33b7b8e7bb0de753b310086fdcb9366e
train/088_0_21.png,cf571c4dbcf107f5d85f7b0a536347be
train/088_0_42.png,163d0efe6a41dc2c83e1399124245a81
train/088_0_43.png,621b8e08665b8e1273eb6093d8df2ede
train/089_0_52.png,06d3b24b476dccb5ec6be4197a351a83
train/089_0_57.png,a71cbb58fc2d1ef4223fdaf199f79dd2
train/089_0_58.png,ddaca99fe4468f8fa39265c75540befc
train/089_0_61.png,04b3a89a788352bd57b4b34c24853321
train/090_0_0.png,5b1afa364c654b35a27ad78d0afbc69f
train/090_0_10.png,f4ec5ef3d345d8d1c5f488d1545fc521
train/090_0_11.png,38bd50d4be77e0513a2c77dca01e3015
train/090_0_37.png,ff6197ded9bd7a5dee43a402c3f1b7f6
train/092_0_0.png,d398c729748786704097699ba3ba7f6d
train/092_0_43.png,97abdd3e691b479f38cd70eb82c72972
train/092_0_50.png,c39208a64b7fa49c66f7381dc2584506
train/092_0_54.png,b6c1efa8580cd261ae6fe211aa0c561b
train/093_0_0.png,74d9f1024703f986638fb4d04771ea4c
train/093_1_11.png,6178387d39347d7b4511d9634d495a48
train/093_1_16.png,805d76d8f299494319d75141c18ea2da
train/093_1_37.png,11bda4e8dc1bd594032cb7443dfc1a25
train/093_1_56.png,e7ce76b19bc713cd6edc21121fa5a759
train/097_0_0.png,896d2aa7a441ade732b7d162ba170bab
train/097_0_17.png,0e9c7a36fdc703cd4ab63a46833f4e0e
train/097_0_3.png,253734512155c5ea3ad890637c10d581
train/097_0_38.png,83ec819d60d4363c6c5c9180d368ca20
train/099_0_18.png,a7ff6ae48fe414e61474852fff596f1d
train/099_0_28.png,7459a120029167e664869502fa6065ae
train/099_0_43.png,88783468a6b1ca843fb3ad21d8877054
train/099_0_56.png,740edaab37ad699d59eb04a01133acd3
train/099_1_10.png,eef052ba7e45b907017378a6d9281d49
train/099_1_18.png,a7c1a05d7202f84d49de76dd2e3cc1b4
train/099_1_4.png,bd5be8ee403fbcf0380599c91fd4f5c7
train/099_1_51.png,94b6e3dec0399a278135645d7da250a7
train/aaaaaadk_0_19.png,a42e3d1ce9e24e064b15839d271ce1aa
train/aaaaaadk_0_5.png,8e8db2384e6651e19e696561aea5241a
train/aaaaaadk_0_6.png,6018b5a2136ffba9008907e1adc0274d
train/aaaaaadk_0_8.png,338fa1b7ec7d07e756b8ba3118fc0c90
train/aaaaaadm_0_19.png,82b8a6a8adc42432d07c2447f81228d9
train/aaaaaadm_0_2.png,82f19b4ad27fb8d3f25e69900586fd29
train/aaaaaadm_0_26.png,858a7089a625c204a637f0b10dd5ff26
train/aaaaaadm_0_7.png,a0e10b777472fe8774abb0edf7a7a799
train/aaaaaadn_0_0.png,11c3046b9522b2e877dbe2cf35bc9c95
train/aaaaaadn_0_11.png,e9d374d54a9f6bbfa5291ed43e654a04
train/aaaaaadn_0_13.png,ab3406df1a91f4666afb1b3cffc7e7a4
train/aaaaaadn_0_22.png,504f8fb8106e25005d1c4fc5b137edea
train/aaaaaadt_0_18.png,c8901c326868fc880ef5f287ff9901a3
train/aaaaaadt_0_20.png,8078d6bb994b63c2d239fac14a4a4e32
train/aaaaaadt_0_28.png,fe31f2ac5d94c3ac4668fba8d07c07a9
train/aaaaaadt_0_3.png,848f3a401264045a6136287981064baf
train/aaaaaadx_0_29.png,7cd43111e8b7355e4347df9ef67a0ea1
train/aaaaaadx_0_3.png,5c855f1c3726931fdd9527cd7fb16a0e
train/aaaaaadx_0_5.png,b29b8e70b871bded8d4e0fb685beb25c
train/aaaaaadx_0_8.png,5682d4eccbe82a16f3ab8821f0303803
train/aaaaaadz_0_18.png,94ead8a87ea790703deadaea876a76dd
train/aaaaaadz_0_19.png,d53848c7c211dfe9776bd5ac66d3a662
train/aaaaaadz_0_22.png,d8209ab1969a7013c26ff3877790680a
train/aaaaaadz_0_9.png,ff9a85bfcb5085f438c9e0cd2ef506d0
train/aaaaaaff_0_13.png,84f41b8df06fbc87c50d4132fce49de3
train/aaaaaaff_0_15.png,383510eea4be8d0f751e2046dcf7fbe8
train/aaaaaaff_0_36.png,0f25bf2a1c603f749b37169019b01a1c
train/aaaaaaff_0_46.png,d9d25b8f20fe596491116a52eec1fa86
train/aaaaaafi_0_10.png,7bc8a4c7bd738f2df1ad4cd3efea8666
train/aaaaaafi_0_21.png,dfbf1453255c32add6c466212a786ea0
train/aaaaaafi_0_4.png,621391efe966ace4b257ada93bbf8574
train/aaaaaafi_0_74.png,110a202067109742132c7ccb7883243f
train/aaaaaafx_0_0.png,62053cacf961949c9b8c10174a32f642
train/aaaaaafx_0_14.png,86149528d337c6efb07beadd8c28750c
train/aaaaaafx_0_51.png,c77de0c0cb735e8442e151b32ec014a1
train/aaaaaafx_0_66.png,9d03bf1e8c523a2dd0901c0bffa06926
train/aaaaaagq_0_10.png,6bbcf48907413bafa0f978d42997f481
train/aaaaaagq_0_41.png,3782909e68c7779d95e22c096905936b
train/aaaaaagq_0_49.png,bb8d7b6891cd6c747203af2a036db8a2
train/aaaaaagq_0_9.png,eec3ecc74fd3626d8b5613481df39570
train/aaaaaahm_0_0.png,13c86ffabdb23cfb0e364b01ef4464a9
train/aaaaaahm_0_14.png,7449787b4c20ea610aab09ed23243955
train/aaaaaahm_0_16.png,4d8dde0453e542e5decc5ade2bc32ec5
train/aaaaaahm_0_47.png,61f11cfcde210ef3621ddacb902ae69a
train/aaaaaahp_0_11.png,1417cfd97ede5ac086268db0d6baeb8b
train/aaaaaahp_0_14.png,73c83c211aac31295e332c14e78683ee
train/aaaaaahp_0_5.png,05d058b524e2299c1aca1057c0230b14
train/aaaaaahp_0_8.png,813b2c125c18346790daa36b00c6f20b
train/aaaaaajg_0_0.png,189e4e9dca8159f2fbc92e3d9f21481d
train/aaaaaajg_0_43.png,00eda6ef77029b3dd9ed1b048d99062f
train/aaaaaajg_0_52.png,2a37ada905d5cbda251d501c8c8c9746
train/aaaaaajg_0_9.png,cf0a6e6d4b834168a0215645906feefe
train/aaaaaalp_0_24.png,72ba743f6c6db15872fa9c6dc790d794
train/aaaaaalp_0_37.png,72be98673ea90879ec8c6240e676fad5
train/aaaaaalp_0_65.png,d86ab9470bd9c4c5971f64d79aa7272b
train/aaaaaalp_0_75.png,9556165f102b7dab28f8307b2ff4f35c
train/aaaaaamd_0_0.png,8361f9be6a34a32cc93b6fb6d2d3f471
train/aaaaaamd_0_16.png,8f33c2275247cbf45975607a29a4debe
train/aaaaaamd_0_18.png,8cd4073f321de4e5d8dc97fd9be804d5
train/aaaaaamd_0_4.png,8bc6f824325eaadde0ffb60e594bb990
train/aaaaaamm_0_14.png,673cd50dbe66a6d720911b974479b566
train/aaaaaamm_0_19.png,d9365f49144835442b5c1648c6aa65ce
train/aaaaaamm_0_22.png,007a268f6d9a3abf0b23bc30ad537197
train/aaaaaamm_0_7.png,555cca8948dd3a6a00689c7f33150933
train/aaaaaaof_0_2.png,21e394259ee8263243352f6c8bec0eff
train/aaaaaaof_0_23.png,6fc66f7422aa4bcfbd5ab1284d57ab6d
train/aaaaaaof_0_3.png,c9e2cae82afb73323b3d6e02f44cec0e
train/aaaaaaof_0_4.png,fb843ff81a9faf844e31b2a191b86fc5
train/aaaaaaoy_0_27.png,1d33c6dd00ab5802c7400849bf87aa0a
train/aaaaaaoy_0_28.png,c3a64fcd474f589e2be7e93d4e76b9f8
train/aaaaaaoy_0_32.png,f0403fcd04eeb4c6c4450e3946eb626f
train/aaaaaaoy_0_53.png,d67b7a659111ff87147316e1d0df6375
train/aaaaaaqg_0_1.png,d3afc93b3ca2382bcfcd20a64e8cfda3
train/aaaaaaqg_0_40.png,c51f9ba1ccf231557aa298e88b758487
train/aaaaaaqg_0_54.png,6b33c1add07e680363f55846438bfca8
train/aaaaaaqg_0_6.png,a173b7b46c2d8fa66068c902efc264f3
train/aaaaaaqz_0_0.png,3fabeca472215a085829ec38d4eec0e7
train/aaaaaaqz_0_23.png,b96c5a37c00bbdc997b17ebd22f5c08c
train/aaaaaaqz_0_26.png,46b2291215d478acf9ad51e8e8c11c85
train/aaaaaaqz_0_7.png,53d4b246751d0272bbbc9661ef7fbee9
train/aaaaaasu_0_14.png,5f65598b7c2fd25533e869a7f8a1b63a
train/aaaaaasu_0_3.png,43e4b78a24386512b0a326daa0216699
train/aaaaaasu_0_62.png,5c29fcfdd93cdabe21865fcf36c46701
train/aaaaaasu_0_8.png,51012fbf9f00ea6d8b13170c0ca0c67a
train/aaaaaaug_0_0.png,5f1e91204f2448bcf53fc0e9615e69d2
train/aaaaaaug_0_17.png,0142dffc8edc1b27fd4b8f6c7c7ab1ba
train/aaaaaaug_0_2.png,7b74a90fb79145f7ad10fadcc0e09487
train/aaaaaaug_0_7.png,e91183f8fb78f14a9d38cd3a12a3b2de
train/aaaaaaur_0_0.png,88452e84760c6ffe0ad08e59881d58db
train/aaaaaaur_0_1.png,cb32e36820814f0ed8ef9d69cb4d6766
train/aaaaaaur_0_18.png,4976fd275ca28d02be12e4c20dd01415
train/aaaaaaur_0_38.png,ea40233e7d674174ad8459ba827a92b1
train/aaaaaaur_1_0.png,0efdf3dfb39d3f9a01054084bb5b0ccb
train/aaaaaaur_1_11.png,51020ef21b6fc2e1e4d1d2139eea2253
train/aaaaaaur_1_2.png,d3907e03c5f6c11525f2e95ef1dc1dc9
train/aaaaaaur_1_24.png,6873b40558e3607894e24d45129fe9af
train/aaaaaaur_2_13.png,ef00e6fe350d7b9cdfdef2d55c0ad50b
train/aaaaaaur_2_14.png,3508c368c6b57e85ce9e6d7021f60e93
train/aaaaaaur_2_24.png,19f72bb0e26e079eaa4b1631e5ab1f4e
train/aaaaaaur_2_5.png,8bb4571f02f77ae26c3da0103af0813b
train/aaaaaavn_0_0.png,662c018867ad7acb2e15ae0282e8effd
train/aaaaaavn_0_13.png,9c9741dfd06da13dd9fb786d55efc5a2
train/aaaaaavn_0_27.png,dc46da3a4c43c3519c3dd7375374e135
train/aaaaaavn_0_3.png,6e65d23febbe084b1597dff0f718089c
train/aaaaaavw_0_1.png,6f17d805239659ce8edb27f740e05233
train/aaaaaavw_0_15.png,5d962163fd82c640c2ba929a4b0440db
train/aaaaaavw_0_17.png,5fb65479b8a07dae9b996b39c1761fca
train/aaaaaavw_0_28.png,d198421789b877b79c2168293e56d2c0
train/aaaaaawk_0_114.png,b90aa12a48f883e38977561bb9322e2a
train/aaaaaawk_0_115.png,aa60df2b745c1a20031f98852a8de40b
train/aaaaaawk_0_171.png,f174fb13b9a75eceb03531c5ff419659
train/aaaaaawk_0_24.png,74cb6243013c8a2d2d5402872eb88180
train/aaaaaawm_0_0.png,a9bb2b0a38d35d1fade22f30faf25f17
train/aaaaaawm_0_1.png,37bebe6a63bb056324238cec572d55a0
train/aaaaaawm_0_20.png,6cb16533414005b161c064f1d8649116
train/aaaaaawm_0_4.png,b9f013cc3a5119891e12c66ffbcf4508
train/aaaaaawm_1_0.png,70a6ff8ebdc749ec1280ff39ffa80a3a
train/aaaaaawm_1_2.png,4ab96baa5649fa4198d125c8011049d2
train/aaaaaawm_1_29.png,c553dbb79a748eab565caae238ce0ba3
train/aaaaaawm_1_36.png,82a30044d24f28eb0073ce91045cbdb3
train/aaaaaawm_2_134.png,278c43ec5ed46bf41e4491a46fd1efe5
train/aaaaaawm_2_135.png,00d5bf7ad7495ac47a10ce7442511f40
train/aaaaaawm_2_43.png,ebc3d9ca9198aaf1d223f58107975f2d
train/aaaaaawm_2_98.png,b126959894e6d433ce621344cd687298
train/aaaaaaxh_0_0.png,62e2b44b732012544fc0987878d2fd41
train/aaaaaaxh_0_26.png,24ac7b6d000ff3d851cc35f6720322b2
train/aaaaaaxh_0_49.png,a29b3a36840318b166ec6ac45a01f1d3
train/aaaaaaxh_0_64.png,93e07aae3424bc0e7041b18b574c10f9
train/aaaaaaxq_0_15.png,55d330d44833a766158ced3d1a3d2715
train/aaaaaaxq_0_20.png,72bae66217908f5a441b654f896215c2
train/aaaaaaxq_0_50.png,265e604d3d1c850dc55c2d08ceb5157f
train/aaaaaaxq_0_9.png,a4d3ee60c80252320161ecb9b91cd8a7
train/aaaaaazl_0_1.png,0f9702739e924aeff5e41bf813aaaade
train/aaaaaazl_0_45.png,5f5fc54404b5ae9c3744968190c6d760
train/aaaaaazl_0_61.png,5e06040eabf057eeb5b67e5279744fa9
train/aaaaaazl_0_66.png,19c4bd5a2fa3618f7a93f6a36e4e9d26
train/aaaaabba_0_0.png,9a01c82c0532ce2eeb3fcccefd8f5605
train/aaaaabba_0_19.png,26242aa7c03904053359d0dbd2aeb414
train/aaaaabba_0_25.png,f4419acb2cb873454941179c25afa93d
train/aaaaabba_0_7.png,3d800c5862256fe87316db67643902f3
train/aaaaabbu_0_23.png,c8d98d5ebfc7850c0721c9e3dc5182a0
train/aaaaabbu_0_35.png,d77fb58f89f718ca39933ae02769e1eb
train/aaaaabbu_0_82.png,823ec859548b11f1cafa20e42ba3f8cd
train/aaaaabbu_0_85.png,9a31f4c761de1627dfb0c70e540f5140
train/aaaaabbw_0_1.png,06f6ef18d8bcb935b4b2a19efe852468
train/aaaaabbw_0_13.png,367b68cb1a59a59861fb682055f76403
train/aaaaabbw_0_2.png,7f9c80f8ea76ea185f336c4a5f12552f
train/aaaaabbw_0_61.png,df26016c334f7aaa11e1bdc585e22d36
train/aaaaabdo_0_0.png,0696958ba699c991a51825a7f125b8df
train/aaaaabdo_0_2.png,46ef3fee6895451e399f397f6ab59ea7
train/aaaaabdo_0_27.png,c7c63d4e5799ad70b088b0636b389cc7
train/aaaaabdo_0_29.png,46c3bccd4b472ce4343b74a462912570
train/aaaaabea_0_27.png,ab959bfc34bbacc104fe64d83d8e5088
train/aaaaabea_0_41.png,c7916ce9ada30afbef7d75eb389f23be
train/aaaaabea_0_59.png,b4e5f6d8815cda2adc4bd5c3cb40a3b8
train/aaaaabea_0_66.png,bd8025872d924f28509b611c04213f6e
train/aaaaabel_0_0.png,bc674e1894e02724cea1ead7573d3c28
train/aaaaabel_0_10.png,f6ecea8265e4d1fc434e41c9ee45aef3
train/aaaaabel_0_2.png,c539c5233606fc202e9752cf0b887222
train/aaaaabel_0_8.png,31e303b468959c7575d4dc4984ee6f37
train/aaaaabfa_0_4.png,8564c96c73ea3c93e6a58e2b516870c6
train/aaaaabfa_0_43.png,cee2cf7ecafdfc5461ce4ee772989e3a
train/aaaaabfa_0_52.png,cc9c6507b4a979d3f11fce5573627d32
train/aaaaabfa_0_7.png,f70cc4d03cc393cf883ab2407f3f9c81
train/aaaaabfp_0_1.png,ce9f4c71e83960f9b5f147affcf26032
train/aaaaabfp_0_11.png,fd9ba1e4bed71693976e2c7eeaf5ee55
train/aaaaabfp_0_3.png,6b994b83ceba45d87d909b0fb7944844
train/aaaaabfp_0_9.png,898710e3f677a6e8553dcbfd4b8fc699
train/aaaaabfp_1_19.png,49f7dcccdcf697a06753a92c43865967
train/aaaaabfp_1_20.png,3f5bed0f70619d299b49f8e1c30acbe0
train/aaaaabfp_1_21.png,dea67aba05d2a3dca9fba35cf8bdf0ce
train/aaaaabfp_1_8.png,315f2a1ab44bc2c05cdb35cc5476cba0
train/aaaaabfu_0_18.png,edfb06e4a59b65f983b156d2317c98b5
train/aaaaabfu_0_27.png,ba74325deff61ba64c132e4a9897d17c
train/aaaaabfu_0_28.png,94e70fc791e853bc2ac97273434237d1
train/aaaaabfu_0_3.png,e6e6f06719d2dfafc94ad2f6ccb6995f
train/aaaaabfy_0_0.png,c28c74c943773001f41304d842453941
train/aaaaabfy_0_17.png,572ab9e6c0f9456f869248cb6c066e1b
train/aaaaabfy_0_2.png,046b63c8a4ece2cffd211084a6faabf0
train/aaaaabfy_0_5.png,2fda2515215fa3d2a106c517fe6476ed
train/aaaaabgg_0_14.png,df42f2fe5c95771f49b1e2f0973ba273
train/aaaaabgg_0_21.png,f7644b00c5e09720cfebe9d5e23f57b8
train/aaaaabgg_0_29.png,9531837d209a51a6bef57d2d8a7b3717
train/aaaaabgg_0_7.png,131f837dcb1564ce70bed6b11f92c28c
train/aaaaabgo_0_0.png,a559f3795c739c7b35182ed1aa33854b
train/aaaaabgo_0_1.png,f62cf63ded7269fda25f3767017cb84b
train/aaaaabgo_0_12.png,0b84a26ded2832f2bcfd787edaedac31
train/aaaaabgo_0_7.png,48ebc041243e63a312bdb925ed8ee5c7
train/aaaaabgo_1_12.png,f0dc9e06a480d3625a2c0cd13c741cf4
train/aaaaabgo_1_19.png,08696184af4b55e6bb0480024c6a4f81
train/aaaaabgo_1_24.png,68605f7547a289319ba3d3123f32f025
train/aaaaabgo_1_27.png,3377c31ac19e6c62b20cc74f88029c5b
train/aaaaabgo_2_13.png,7820223093b7f7e73a8e4a37a2307429
train/aaaaabgo_2_15.png,248ae7aae176e0d5efc15022679238fd
train/aaaaabgo_2_21.png,c2d6a90a364e76dae0537da85738dbd9
train/aaaaabgo_2_4.png,d7e8c3d82f644c7501672ee9d584dc0f
train/aaaaabgo_3_0.png,c9043b9c5e738f2fcbe3b62766917107
train/aaaaabgo_3_11.png,5bd77b876cbdf9606a98ee197c18c5ce
train/aaaaabgo_3_2.png,aeda67b5c9907c30e291a8eca9280ab7
train/aaaaabgo_3_8.png,5f7eb97ab06751a38c250250f525de0f
train/aaaaabgq_0_0.png,30571f1bfbd50cb092271e6cddc166fc
train/aaaaabgq_0_15.png,217844b5098c05265c283a9244845021
train/aaaaabgq_0_4.png,f825574e76a19572053f5851121bad34
train/aaaaabgq_0_6.png,27122a8f2918461fb504b44c7ef8ec69
train/aaaaabgq_1_0.png,a0a784901e9af4e362e12a58156282d4
train/aaaaabgq_1_5.png,8de0917124f5ed7ac597fec511a45563
train/aaaaabgq_1_6.png,f3a528df73409fc55011edaa9ab252a7
train/aaaaabgq_1_9.png,36ea1ec3678779741bcaf5875f1a57d5
train/aaaaabgx_0_0.png,433991e5ae3cccfe2ec4f07b99421b6e
train/aaaaabgx_0_10.png,25d01473c402d41b5cce400dc7267d46
train/aaaaabgx_0_14.png,8a5fe64a97174867d7db7a5539f07b0d
train/aaaaabgx_0_9.png,49a9c0969370abb2e2173418f6cc71fb
train/aaaaabgz_0_0.png,7815916f7ebf19adf196338249710f3b
train/aaaaabgz_0_24.png,862535dda49213fe2b1701450f3cc1cd
train/aaaaabgz_0_28.png,1bf8bfd558aac87fde355a78adfeb07b
train/aaaaabgz_0_7.png,f39f03b72aae71e33f7ed59588bb7b7a
train/aaaaabhu_0_0.png,76cd258b1d24ba9b4391379694ff1032
train/aaaaabhu_0_20.png,7dd9a8d7cde25f952e3e15799671a501
train/aaaaabhu_0_31.png,2ebcaec26af6ead7fd81e932049ef214
train/aaaaabhu_0_49.png,95054d03321fe2b689caca792cef93d6
train/aaaaabjc_0_14.png,27a550f150874ee9fdb5a257755716df
train/aaaaabjc_0_18.png,cab4afb09ef175c1b36be563d047af76
train/aaaaabjc_0_5.png,b9f2811453f9c625e28a9e99b35edfe5
train/aaaaabjc_0_9.png,5166b91a708cbbd841554b47205a8e8f
train/aaaaabji_0_12.png,6e50ed9e70401110aac5199029b9da79
train/aaaaabji_0_3.png,4c02f369fb72438b46a3e3206f01b110
train/aaaaabji_0_8.png,a6f1c41db5d5cb3474cabe35c851474a
train/aaaaabji_0_9.png,f29d744221f77638fc8ce4103a10caee
train/aaaaabju_0_0.png,882cc200f8695c8e1998f13e69d3d5d3
train/aaaaabju_0_107.png,9e870a9cf2e5898803013cc5356f2241
train/aaaaabju_0_28.png,9308062d52ddf17528284baff711342a
train/aaaaabju_0_45.png,30c9ebcc307d9a3204b9c20ac32f012d
train/aaaaabky_0_14.png,ef28dc38600b483356d016e813be8edc
train/aaaaabky_0_19.png,703c696a7092259edf69359e3554b400
train/aaaaabky_0_25.png,0e7bbcf51f6ffd9082ca03e5fb208413
train/aaaaabky_0_9.png,962ac9e9491f70f91cf22faa65281fd6
train/aaaaabky_1_13.png,14bf80caa306e563ab0e63f9ff4d1b0e
train/aaaaabky_1_2.png,a6bb04a0dbca1dcf53dcd594d8763114
train/aaaaabky_1_6.png,15b78766da4a13e9a930f9943d2cc0d1
train/aaaaabky_1_8.png,33d8869c1dd093e182807e691e0bddb1
train/aaaaablf_0_0.png,c6de78e968c2fba262d6b97e64c55fde
train/aaaaablf_0_10.png,9cc149ae3e2c405a05b4b61f96874f94
train/aaaaablf_0_45.png,f1ff7fa0cbeeaba3c550bad64b31ec76
train/aaaaablf_0_47.png,d413d0c6279171b067972124ee5d1cd0
train/aaaaablw_0_30.png,537fce05f7078b743eaa08fb7c4714c1
train/aaaaablw_0_49.png,afd2ff8422d1e8103a75e9e0293c12eb
train/aaaaablw_0_5.png,56640ea71430ad2b59629026ef0e309a
train/aaaaablw_0_68.png,0bacfdbc0e8511fe895ae2b701472b78
train/aaaaaboo_0_17.png,748248779495201ae23e0d4fc6db8a64
train/aaaaaboo_0_33.png,a159a13b0f2a11476a228fe796dedb5f
train/aaaaaboo_0_38.png,6efcd3f65229584f0eb952f1e6774672
train/aaaaaboo_0_39.png,8268fb078142a6c5509e03f5323d2ca4
train/aaaaabop_0_0.png,a981e1c6a5419715ccc19f306edc41c4
train/aaaaabop_0_1.png,15c386e73fd55ba2b71fea9dd7cbae6c
train/aaaaabop_0_6.png,51b8991be731ec263158836b3f63bbf3
train/aaaaabop_0_7.png,d2679d2c774c83dba5bec77724288350
train/aaaaabop_1_0.png,1082e99696c39b6cb953eb0208a27004
train/aaaaabop_1_10.png,f1bb8867dcd04f7a1634b45689fb94a3
train/aaaaabop_1_2.png,2ba7f3b9de97d1faea9b5aa9f795f39c
train/aaaaabop_1_26.png,7e03966f9fee6aecd80b283661378039
train/aaaaabop_2_25.png,cd5c836811120d4d6eb57ed6dcef6f7c
train/aaaaabop_2_27.png,4a3afce9ea48898fe7d7402ac37ab01d
train/aaaaabop_2_40.png,06d214d555e0111da836f9218e8b8986
train/aaaaabop_2_5.png,c716341b7fc39c44a7e3bce94acc0e5a
train/aaaaaboq_0_0.png,0c3651dbd838fc8b7e96ffd3f5012b22
train/aaaaaboq_0_20.png,1cc330a0e93f23e96b149cc08165dbba
train/aaaaaboq_0_6.png,1a5a676812263f960268d4595b052ab4
train/aaaaaboq_0_8.png,f19fa94aef23fdd51d5f4abce3e43265
train/aaaaabos_0_16.png,a94b136f871016c29ca78cba48fdde93
train/aaaaabos_0_27.png,0d4cd7189528a65b5eb1c9d79c635862
train/aaaaabos_0_28.png,7bfc201a4b7676bf516fd28e75bc4e17
train/aaaaabos_0_29.png,0e6edf52e443f86016a9e196971f04ba
train/aaaaabos_1_0.png,406daf2ae1d449e0e0725c81ed4690a2
train/aaaaabos_1_1.png,4cf2cc1402fd38b2fe8c94adbdb78e56
train/aaaaabos_1_22.png,6b8d1eed0372203b790f26c6a7483ab9
train/aaaaabos_1_4.png,308cc4231c94bacbcb00e9e77a04a4e4
train/aaaaabos_2_0.png,5bc7235e5c31c16c9ec03ada2daf92ea
train/aaaaabos_2_7.png,14537a37028e12fda550c458ed16015e
train/aaaaabos_2_8.png,cddf955245bb0345e68515293fcdd272
train/aaaaabos_2_9.png,51df645b65b2d0f11c432dcdb1cf3320
train/aaaaabos_3_0.png,30e051a905b4c1be157cafc8b87f80b4
train/aaaaabos_3_12.png,cd85ba2b020d8505b65b6d16379fdb8e
train/aaaaabos_3_13.png,d7343e1952525e3702126a5fa28b5b33
train/aaaaabos_3_3.png,f2e95c1884afdfd4191e818c120d8410
train/aaaaabos_4_0.png,e6730ca368e8de20369df9e01f08245a
train/aaaaabos_4_12.png,68a617f03a9c1410a6d36e7e2c573425
train/aaaaabos_4_5.png,c941f3c6b6d3bc83d58ae02f0910b7c0
train/aaaaabos_4_7.png,ae432ca7be0b2b44594cd8499573a56c
train/aaaaabos_5_2.png,30abe489a11cf36e3c2a05289b1f3ac3
train/aaaaabos_5_4.png,454597076d6bca6d6e37c62dd7bd32f1
train/aaaaabos_5_5.png,5455df82e246c96affa3b929a92f8bf6
train/aaaaabos_5_7.png,427ed64c8396954c9cf693b8bc67c5be
train/aaaaabos_6_0.png,3ed22c1a8f054546ceaf710812a52ba4
train/aaaaabos_6_11.png,d9c042f317a29681f2342bddfa36ef41
train/aaaaabos_6_7.png,899741f64717983ba3fe4225228fd17f
train/aaaaabos_6_8.png,e1b7322431f11ec0cd3e3de66e79f0c8
train/aaaaabqd_0_17.png,f70c9550ecdaa046d4af293029c966e3
train/aaaaabqd_0_25.png,d4a93615ff2c25fc2426c4ceed6ed456
train/aaaaabqd_0_5.png,55dfbbc4cf239786da142f9c6255ef58
train/aaaaabqd_0_55.png,fe490c4eb58e33fa79224a7a68296d2b
train/aaaaabqq_0_1.png,b756614b68c504ba1444320dac6cb4ba
train/aaaaabqq_0_16.png,c3e4c6a668a4e4574fff8c69655d9ecc
train/aaaaabqq_0_24.png,506b7a77cd4ae8378632ed4248525a08
train/aaaaabqq_0_7.png,078fc86a38316d42ed209d1212ff7c82
train/aaaaabqs_0_0.png,b3388db1fdb5632ca57d8f6305b81cf9
train/aaaaabqs_0_34.png,268374c6ef497907948c542ee2b20778
train/aaaaabqs_0_37.png,1811404b1e289c4dc1e40184a443afb6
train/aaaaabqs_0_51.png,bb8f5a3569681a6fde93bb634abf2f27
train/aaaaabrj_0_24.png,4f4fd0759af045924a2fd4cb49372483
train/aaaaabrj_0_26.png,54b2db58e94428b69d8019fae38d28e7
train/aaaaabrj_0_27.png,33b17949dc88e8fcf3be4e20402c4aee
train/aaaaabrj_0_8.png,0b52321f629e3740457ab7ecbc13ffd9
train/aaaaabrr_0_0.png,a4a80dcb73f99ad998f70d8a60f09c8d
train/aaaaabrr_0_4.png,da59a8e2d5e805f77fe9b6f8846c2aa8
train/aaaaabrr_0_54.png,61f1faa4bca84a0c035d04c1fa5e6e6b
train/aaaaabrr_0_62.png,f5af84a33380fa24920453370a20d3aa
train/aaaaabsw_0_0.png,334cd172c4cf6bd2ec25999e1986f307
train/aaaaabsw_0_40.png,7459b3dc9c17fa5a924df4c168ab4eba
train/aaaaabsw_0_49.png,2e4f1a7220e7901ec13d7ab83094522f
train/aaaaabsw_0_59.png,92b43e7769b93ee8fcbe03d2f8b962bc
train/aaaaabsy_0_1.png,52005d8efcb84f6c80a594d38566ee83
train/aaaaabsy_0_21.png,c1a1021967c68e57ab45799db7d2bfb8
train/aaaaabsy_0_52.png,63b77f9e7a16a39dd6f1222e80629a04
train/aaaaabsy_0_7.png,2ef0ed662c09b0e9aa789722dd3a6efa
train/aaaaabtg_0_12.png,18b2d587d6660633d5eded2fd2f2e319
train/aaaaabtg_0_13.png,1596b8c92f3c9ddf4830b08c0ef238df
train/aaaaabtg_0_33.png,025dd16e166d64a7764b737855d6ec10
train/aaaaabtg_0_35.png,975c60aba79b305d101df3407cb7d434
train/aaaaabtr_0_24.png,99013bba0529d4c9ff7597e0d6a2a4d4
train/aaaaabtr_0_33.png,19ddd1a107a11b02e133fb5c137e2665
train/aaaaabtr_0_43.png,cdf4e82c139cab1475eeda7ecf66f029
train/aaaaabtr_0_54.png,d5a32aee7d2834a2ab5bae3cdf82dc2a
train/aaaaabun_0_0.png,9ff207d140b70a498b4d7a336f90c177
train/aaaaabun_0_17.png,7a49bdb81104d963d7b3d8e3cd1b4d85
train/aaaaabun_0_42.png,1fba6e12a984b0bf6e2fe4f8b9387fb4
train/aaaaabun_0_43.png,aa17ccfa11ce1e7b1a302d2d43598a6e
train/aaaaabun_1_1.png,868ac3b68691a8c3dc924894f38e5eff
train/aaaaabun_1_12.png,116601d7b48d6d2eba189e8272372d35
train/aaaaabun_1_18.png,9898221a045192e7ef03ffe39132b727
train/aaaaabun_1_21.png,51244dedc7ce0336342a353745752492
train/aaaaabuu_0_16.png,a4dec997c0677429f3252117b4b49bb6
train/aaaaabuu_0_17.png,3e7e6bb14caf11383c9576bd9c28015f
train/aaaaabuu_0_44.png,60cf34c094404dc8c6925e96879f4025
train/aaaaabuu_0_49.png,3ad1489b710885ba9bc9655bb467bdfa
train/aaaaabvg_0_26.png,803b5d6f7e55a23b8f29c9099f5cd670
train/aaaaabvg_0_29.png,b69d71d423e04c75f57182e75b9995a1
train/aaaaabvg_0_31.png,a05584af1319f1d9c4eef21cbc685a31
train/aaaaabvg_0_59.png,79b1969d04325b22b3156d6906970973
train/aaaaabxb_0_24.png,44f4aaa677865aacb143be95224ec4db
train/aaaaabxb_0_43.png,0b986581d8fe76a91958f1ae3e8bbeed
train/aaaaabxb_0_47.png,a66f91e4c7924356a2808f07734d0fb1
train/aaaaabxb_0_62.png,69b99bbbc007cdf2ef96eeace912e3c2
train/aaaaabxc_0_0.png,b157b2f06cb557c9b0e405f1dd9ee059
train/aaaaabxc_0_106.png,063e421287d3269f83f2bc4fa94bddee
train/aaaaabxc_0_66.png,57590f5634a8ce0f3b7ed6edf3cdeac0
train/aaaaabxc_0_78.png,a283dc403d72d4d08a44028417be5c86
train/aaaaabxd_0_0.png,b157b2f06cb557c9b0e405f1dd9ee059
train/aaaaabxd_0_11.png,0ea124cc9af4abcd6178062ada68b190
train/aaaaabxd_0_138.png,fa68b06bcb47799bb0c7cd5a58a6bb17
train/aaaaabxd_0_139.png,279957d22646fd246acd3fd43f91ff4f
train/aaaaabyi_0_11.png,d06551c09b55dfda372f48b2a41e3056
train/aaaaabyi_0_2.png,c98f6644f5ae9e1f4f9a2a42d102edd7
train/aaaaabyi_0_3.png,a5a389fee0d09d897dbb4d177a94d1de
train/aaaaabyi_0_6.png,48064a696b4ce55cd5527b4ee2915f7c
train/aaaaabym_0_16.png,e359774b0e4b523531fe01e96b4952be
train/aaaaabym_0_26.png,eea939d13cf066999cb6f5ad8c80e617
train/aaaaabym_0_39.png,b3e4ff4feb55ec1f6b25f8d8cfd5076b
train/aaaaabym_0_44.png,78a4df0d261580a094ba5331afc7d860
train/aaaaacer_0_1.png,c7a3009563f564f4e486fb635b16831e
train/aaaaacer_0_19.png,12bf3c30738386425b4e22115b08b296
train/aaaaacer_0_50.png,8699e8c5fad69d4ce278ba7c3ce607cd
train/aaaaacer_0_9.png,b17d3d09f81b2ebf587f02cb504aaa99
train/aaaaacib_0_15.png,c9ae732ea863694f87e353b57d7ad7a3
train/aaaaacib_0_16.png,f1e570e97132f03c3a9c0192199c8fc6
train/aaaaacib_0_57.png,829dd8f07827ccead9b0664e6b118da6
train/aaaaacib_0_9.png,cf000195465671945994ac2edad1805e
train/aaaaacid_0_0.png,1e2280ec5d2b55fe4850cda7eba00368
train/aaaaacid_0_1.png,538be639df14859044453bcec6e33c72
train/aaaaacid_0_31.png,ceb28b27b9d60eb95ddbf1878145e3b4
train/aaaaacid_0_41.png,5ca43099b849bf04580da51b2149db0c
train/aaaaacis_0_0.png,39163fa8c968d2a648d8418746eb53d0
train/aaaaacis_0_2.png,c80fff3b0b5d45eec8cc9776c22f4743
train/aaaaacis_0_49.png,2e00bb2175561fd0b847278e5216792c
train/aaaaacis_0_59.png,ba9abcf97cafd5deb64c0826faae9224
train/aaaaacjf_0_14.png,83df9f5b6bcfd321aedc981127d0e522
train/aaaaacjf_0_27.png,1ca92ee6852ae1f619f6cee7cf2ef6f6
train/aaaaacjf_0_42.png,0d98b05fc6a668e26c0199499f89e0b6
train/aaaaacjf_0_51.png,6ee48dca7082caba20694e029876d9cf
train/aaaaacjp_0_10.png,96d401d5843422bc2e6861c9458adca3
train/aaaaacjp_0_35.png,70cc8a53e715686ca6eb9515e9ff8bfe
train/aaaaacjp_0_53.png,20b8711332d5cb2f7ffa7f39abd42d27
train/aaaaacjp_0_58.png,bd57888ae4988294b22b4b00ced406ba
train/aaaaacjz_0_26.png,14ac61da737216a802bee67f23be47ad
train/aaaaacjz_0_30.png,bc5b45f8a8d509d2e663b731643284bf
train/aaaaacjz_0_31.png,0c59169a0a2772b729c0ba86d1f837e8
train/aaaaacjz_0_48.png,e5d538d73d4b444041a56a508de108d5
train/aaaaacko_0_103.png,c665f36490143afdf08ce35c499e5b56
train/aaaaacko_0_122.png,4e2c394ca98de4ae76f5fcccb3f1c8a1
train/aaaaacko_0_30.png,c41dfb419cc5d767f19dffb05f5d3432
train/aaaaacko_0_38.png,7b3b7390ad4955789164160b7910596d
train/aaaaacko_1_29.png,574f08dff855dc6681b5743c8ba0a0b9
train/aaaaacko_1_3.png,6af5a3af8cf637d89ea693580b23d251
train/aaaaacko_1_32.png,e8217864550826a9a429758a253b54d2
train/aaaaacko_1_49.png,f3546155824252570d29df59dc672bcf
train/aaaaacks_0_0.png,565a6aa5899cd1f1cdd03b356d09ad02
train/aaaaacks_0_47.png,8017124e91dd3e3bf75e363c1d745d2d
train/aaaaacks_0_49.png,60b899c01934b17d0a7ff5d7d36bc00f
train/aaaaacks_0_61.png,c864a4d4d022ad1526bce6f21b168113
train/aaaaaclp_0_0.png,c25778d34fff716332547ebbf1dd22fa
train/aaaaaclp_0_1.png,5e3508cabf357ec8fb72f81d025ddaf1
train/aaaaaclp_0_12.png,8ded484f55ad82b03af54269f78a0daa
train/aaaaaclp_0_18.png,9cba482e6328d3c41b5c8f549b5eb097
train/aaaaacmk_0_32.png,fae38f041c988828c911bf7c2a481a6a
train/aaaaacmk_0_49.png,6902f82bc6ecf1aac016cf56b17e080a
train/aaaaacmk_0_52.png,5c960105dd2c147cef2e3b0a6af616e0
train/aaaaacmk_0_56.png,4c52ca5d558cb32e7e3936f0c094d87d
train/aaaaacml_0_1.png,a4a1cd7adc0e480bced719249db44205
train/aaaaacml_0_3.png,5276e19df482d600540d2b9e19e77f5a
train/aaaaacml_0_35.png,59b3d0307aa5cb0ef6cde7a730a51692
train/aaaaacml_0_7.png,3ca8462b21150678c09285d61fb2d51e
train/aaaaacnb_0_1.png,b387fc4bf02882d1e70950f2806be49d
train/aaaaacnb_0_21.png,986a56a0e3915cad453b2f11850f1876
train/aaaaacnb_0_3.png,c47d64d64e5446a72eacb4d97c152a3b
train/aaaaacnb_0_57.png,b59fc790e45495890c3bd96c0a6bcad0
train/aaaaacof_0_15.png,9cba50168d975d6c04c226b67cefdcc2
train/aaaaacof_0_30.png,0c7b08302ba0ef3e69bd8a0f574deb77
train/aaaaacof_0_31.png,de6232485038ceb6a10387156bbb75b9
train/aaaaacof_0_61.png,70a33299a750a6b1904dbfd83b957774
train/aaaaacon_0_1.png,cd3dd5bc3252742df693b0310c160777
train/aaaaacon_0_2.png,a1127cc300460ea04634300a67ab9bee
train/aaaaacon_0_4.png,631697df4bc784829988a568a81eacd3
train/aaaaacon_0_6.png,e49c76de87bffba653af9b1ccb62536f
train/aaaaacpc_0_0.png,b2327f500836a49113e54f1e00517231
train/aaaaacpc_0_13.png,cb887d1eec078bbe11388609c6b3dd1a
train/aaaaacpc_0_2.png,80a4142534f4c8ca1b62a36d3de592f3
train/aaaaacpc_0_8.png,73e2a7247739dffcf6f42c8558048e99
train/aaaaacpd_0_0.png,b2327f500836a49113e54f1e00517231
train/aaaaacpd_0_11.png,a3ae33b370b56a65dcaf51e3a0e6b603
train/aaaaacpd_0_53.png,633ff70706725996a4f5f9bebfc16502
train/aaaaacpd_0_7.png,83f19c35cf32c4e995c0c88aa28c72f2
train/aaaaacqe_0_26.png,c12d8ee676288a5e858cb9883340aa34
train/aaaaacqe_0_31.png,2c7a0b7f639884a68b744f48ad5e08bc
train/aaaaacqe_0_36.png,2659bbc3e7fcd4eb4ebce6a062f0c639
train/aaaaacqe_0_49.png,898ee2222586e147a9e015f868cd5f9a
train/aaaaacsw_0_24.png,aef3d3513ce1544622285bbf39e09a4a
train/aaaaacsw_0_26.png,96d70fa1dba516ad379b31c0ceec481e
train/aaaaacsw_0_27.png,40dc5cd9d5367a9c6c852a19f5c2405a
train/aaaaacsw_0_58.png,08ac32b29cf2a377a0f6eeac5124ee8a
train/aaaaactf_0_14.png,537a334cebf61e57ada3aa00a0dcd6b8
train/aaaaactf_0_20.png,52b31c64b5a73cef272fd80eef5c7b40
train/aaaaactf_0_31.png,b855e3c7e0f1a3132eef1d07d3b94bda
train/aaaaactf_0_49.png,20bc8c48135d061ea7d23c500078ae7f
train/aaaaacur_0_31.png,638f846943d1c4dff215d635965fdecf
train/aaaaacur_0_45.png,375180b03dd1b5dbd2126ddf4b4769cf
train/aaaaacur_0_48.png,e01ef55e784fea3c137e9cc68799703c
train/aaaaacur_0_57.png,d86cdd3d5a48ad6a0716fde8b894f4b8
train/aaaaacvq_0_0.png,54736eb74a4d70b95201bedd7b3812f3
train/aaaaacvq_0_15.png,85fdd8e5ebd945b88fe58efcfa32c8b7
train/aaaaacvq_0_39.png,036c9359da146081f5bf0e3b60c99481
train/aaaaacvq_0_48.png,ae5b38ccc8dd7f5f753809e55d0f50cf
train/aaaaacwg_0_10.png,2be39e47d19eb049684b79b7246aa28a
train/aaaaacwg_0_18.png,af900c37746e75feb9b485b030a10344
train/aaaaacwg_0_28.png,54e2ab9dcf59ef81c634fca24dbcf559
train/aaaaacwg_0_3.png,737231a9b14c7a11e61368906c5f750a
train/aaaaacwq_0_0.png,0988c36aa4192b234f9051fbacf048a9
train/aaaaacwq_0_32.png,953aff63d81d07672edda67931a80045
train/aaaaacwq_0_44.png,67835d6953462e1b42e60c45f5d31d13
train/aaaaacwq_0_6.png,97371b1aa0503bf2b7543d19e1c511ac
train/aaaaacww_0_16.png,52f1f3e3e72340756642a598ef7da69f
train/aaaaacww_0_7.png,3ca93b65e770f583acac2d4306538334
train/aaaaacww_0_8.png,be3767b268145b60581b484d6ee3b045
train/aaaaacww_0_9.png,f4968997bfd527adc649867a39eeaf69
train/aaaaacwx_0_12.png,a984c2f6907ff9c45d8aace9fedcd06b
train/aaaaacwx_0_42.png,89d84d9cb21d10925d079f2cc41c7511
train/aaaaacwx_0_6.png,5ad01d13fed91c9ef767654f71b055f8
train/aaaaacwx_0_7.png,20d5766124de6adcafa577280527cd62
train/aaaaacyp_0_17.png,64da503e2021a554f4976b4189872baa
train/aaaaacyp_0_47.png,3c8fe938495f42cbbe6a4fb3ecfedb82
train/aaaaacyp_0_49.png,ee1fb9cd858373ccfbb6cade9c7afef3
train/aaaaacyp_0_9.png,399fe9cad700a07ceeb72c858cdf02cd
train/aaaaaczk_0_0.png,fde1b4a4c7f7aa144ec017860703736a
train/aaaaaczk_0_13.png,4d1332268c1a5146a92edec94a2a24d0
train/aaaaaczk_0_16.png,02221f492a05c52b932a1590b0993d6e
train/aaaaaczk_0_28.png,ac1a353d4d396fd8bcaade52f57217d0
train/aaaaadan_0_2.png,b12f8dfcf93f99a98265f75d39580533
train/aaaaadan_0_26.png,fea8a1948e382ef678744802e4057b46
train/aaaaadan_0_60.png,8f4f9dc1e4289be9a29f072a8fa9327b
train/aaaaadan_0_9.png,ae68c2d5d2eb8cecbea6fdd3145a84c5
train/aaaaadat_0_0.png,f1cdecc72457e6f6e22aba201d11a0a2
train/aaaaadat_0_2.png,95b9a7553b47df47720e4ff6ef8bf582
train/aaaaadat_0_24.png,dae6ea6a5a5d6c49f46ea91f220773f5
train/aaaaadat_0_5.png,35c49581c842b6cd65577bc7abd34e4c
train/aaaaadat_1_0.png,81b052ed9d7306c6e5b0ece495026e08
train/aaaaadat_1_2.png,c74218ca0335b73d8b29ff274c00e693
train/aaaaadat_1_4.png,5ccf6a4ab703a00f4b6efa63969f9a1f
train/aaaaadat_1_8.png,5e218d18f0ac943f61f8e173c4dc4511
train/aaaaadat_2_0.png,7ad31b720644b02c21a37c0f1eebc686
train/aaaaadat_2_24.png,8e5f641dd7356dc5340ed55e9823b815
train/aaaaadat_2_27.png,c2f70db43e51253b6eee59a397781c6c
train/aaaaadat_2_4.png,5d5b88d20aa4db62312fdcb48eb60e19
train/aaaaadat_3_0.png,5022b313ed2a966ba1e5b969bb8badf8
train/aaaaadat_3_10.png,92721a622110f126d1b450b90d99e4fe
train/aaaaadat_3_11.png,d5de6797e87b87c309134c94c1bf110d
train/aaaaadat_3_24.png,ebc52cae63e5f18d2939b4b57313de30
train/aaaaadat_4_0.png,ed9f9f9ecb285f4b5c5a48f8ded3913c
train/aaaaadat_4_11.png,7d2b1b6ca637c44c90fcf43748e9a152
train/aaaaadat_4_12.png,12f023cc19e7d413fbdc46e2f6db1a3f
train/aaaaadat_4_2.png,5f7b2509c60e99bf95020b2f1fadefe2
train/aaaaadat_5_0.png,ea61b6a0971161f4c99d5ccaa0dc21fa
train/aaaaadat_5_1.png,9ce44c0137450d4186314c090f49d6c0
train/aaaaadat_5_2.png,ac052002d5c6c9c350d55bba65d4173e
train/aaaaadat_5_22.png,d82b61d3d5ee6d2812de02ded196729e
train/aaaaadat_6_0.png,6d59634b820fb82f66e2980a7daf96fe
train/aaaaadat_6_18.png,1a8f40a3b1caf4fce9be83c02cda5a5c
train/aaaaadat_6_24.png,029ccacad91cd2380e5e86235785d529
train/aaaaadat_6_6.png,2713eb8947135131dfddbfe0070f3611
train/aaaaadbw_0_28.png,6a6e87225590b3445378cdfa6c28b736
train/aaaaadbw_0_45.png,30478ea7388f731e117ea31689158567
train/aaaaadbw_0_46.png,9d9c1d2e4aabf58ceb2ade3869049f1c
train/aaaaadbw_0_54.png,d2df7a2a7f084079b91af7bedd5838a9
train/aaaaadea_0_12.png,660ce9596f3ce64bf54ab19f1c40fb14
train/aaaaadea_0_4.png,bb6ac22e20bcdd81da160f72bad85412
train/aaaaadea_0_42.png,d474030c0c113172ee35ce604657ff65
train/aaaaadea_0_69.png,767ed957c3d47da1ca9d23e8e688ca88
train/aaaaadey_0_29.png,03c4d63ad006996a5d6b785740fe3d7a
train/aaaaadey_0_30.png,3c7be852af257b511aeef3aad15f6446
train/aaaaadey_0_37.png,19aebd819c4ba698dc27d9f9d32a19d2
train/aaaaadey_0_40.png,bc26bec49bab77d359df16be62eebeb6
train/aaaaadgr_0_0.png,60f548880a6f9a2a9617319f3ba702c4
train/aaaaadgr_0_1.png,089b18496ad3adce402f8ec1c185274c
train/aaaaadgr_0_15.png,18a7cd1c2f6f52c00df399dacffbe720
train/aaaaadgr_0_24.png,7d844e2352aabe2b4302093d4f80687c
train/aaaaadik_0_17.png,0f1046c4e33731e326a55f25feec0472
train/aaaaadik_0_18.png,cd942b63e3b519fbc3729e2944bfe60a
train/aaaaadik_0_24.png,cf5132d1f6e470b9a8506633c2bc4f66
train/aaaaadik_0_5.png,2c6987fc4454af5b1d74ac5a40f39ef4
train/aaaaadio_0_40.png,be7d8d6d65bd40f9525b8c8e6382b575
train/aaaaadio_0_51.png,5960a9e4a2f69a4023c2ea801f38a06b
train/aaaaadio_0_58.png,539e5a53175744eba4b9c51b9088d829
train/aaaaadio_0_8.png,34508155e92e8e2b330184934098ef96
train/aaaaadjd_0_18.png,27fb07c78bb0d5962e1e76b3005b9ff5
train/aaaaadjd_0_26.png,44465e7f79d8c264eded02b165564b60
train/aaaaadjd_0_27.png,3d4ec93d85459caa75d5642ab8c2fb93
train/aaaaadjd_0_29.png,8de7878ca7367b62e8a77a38e6e0db18
train/aaaaadjn_0_28.png,919dcdd790a701e278dde27ca015a940
train/aaaaadjn_0_33.png,938744db8c5753a5109f3adbada38b39
train/aaaaadjn_0_4.png,fc66e8ce4389d2529591b4922b623141
train/aaaaadjn_0_54.png,6062ec250b3905a0216f1f7ecae44f4d
train/aaaaadlc_0_24.png,9acbfb42bb8268b428527946e2e59790
train/aaaaadlc_0_33.png,6a9f0a12fe6c225c69c22854dc3e0990
train/aaaaadlc_0_36.png,ef330d0f1d930096a8df8a3357035298
train/aaaaadlc_0_40.png,ee318e03b06ba446058167efc65f5658
train/aaaaadlg_0_26.png,279a9392d40b284aa212c10ccbad0940
train/aaaaadlg_0_41.png,1372cb0e74c6e74f6ca8ac0c2049098d
train/aaaaadlg_0_42.png,cab4ab333172f416e7cf32ba47db0381
train/aaaaadlg_0_58.png,600253f49daa37aa7cf8e96f547ad552
train/aaaaadnh_0_24.png,303605057f5fbc4ffaa84b02f863d5b3
train/aaaaadnh_0_26.png,369a1f2591810ac4939ce1a85f244eb8
train/aaaaadnh_0_33.png,db04491be2c4f15a533f806d717e217b
train/aaaaadnh_0_45.png,d80972803489b8c5117b9c69e69db8b4
train/aaaaadni_0_0.png,6d8b9dfe1ab8240c1dfd40f801024776
train/aaaaadni_0_15.png,3e00b2c98923f9e1f198fd57234565fc
train/aaaaadni_0_37.png,02d8c76cef4bf859b1fcecf2827dd53e
train/aaaaadni_0_42.png,9601a3d912d2809f6b62fbcf1b628e9d
train/aaaaadoa_0_12.png,a11d40bd17574476875c433ef9bd84bd
train/aaaaadoa_0_24.png,3ba390cf2cb3cfa2ade1cb4cfe567559
train/aaaaadoa_0_25.png,f32d49568ea33c886046243ba608c9b6
train/aaaaadoa_0_7.png,2caaa7c46c1a48bbc24e3672a9f59f85
train/aaaaadqg_0_0.png,4efad29c2d277dd4dbd60c2f75c383af
train/aaaaadqg_0_11.png,cca31153621d3e51bdbf40d79259dac3
train/aaaaadqg_0_6.png,ba1841c57a5f5360ec2bd6951151eb02
train/aaaaadqg_0_9.png,87b3abc63e4ba044eb1fc9c9e84bab2a
train/aaaaadqt_0_23.png,406ae8cec88a65fe149ad45ec28011ec
train/aaaaadqt_0_30.png,c39e2b2b91c50a0e4539c0a49934f4be
train/aaaaadqt_0_36.png,d944d51037b26de1d3948bd39aac6bb5
train/aaaaadqt_0_51.png,3c903a1cba73150a2bfc4dbabaaaaccc
train/aaaaadqz_0_11.png,ef26c2b8aff107a7aa935c19d4cd1d90
train/aaaaadqz_0_55.png,0aaa080b1dc30ace0ac0cd790c64f949
train/aaaaadqz_0_58.png,90739016cc4d9e855048f089e960afc7
train/aaaaadqz_0_9.png,b3713ed6288b32160cd698535a8bd415
train/aaaaadrd_0_0.png,5e9dd71670bb362f836d67891dccff78
train/aaaaadrd_0_21.png,af6d843e19ccbea7f289a4c5fac7832c
train/aaaaadrd_0_22.png,8c9aeac8caf6e28036dd23bd8c81e373
train/aaaaadrd_0_28.png,f3857a41133194acb8c28feaf4c0e5a5
train/aaaaadrd_1_1.png,11536910fcb5fca9b1bd25cbbf36b604
train/aaaaadrd_1_11.png,605833258aa47a544b2a97460738c2aa
train/aaaaadrd_1_14.png,0f1646a0f1588ce28f47f188bd16b035
train/aaaaadrd_1_8.png,9abe725258a555f3db5cb6a01f80f4bd
train/aaaaadru_0_0.png,455ce1a850e1cc9e07a0389bc716b8b4
train/aaaaadru_0_1.png,83b2a1909ed92f3719e9fed6f62ab8c9
train/aaaaadru_0_14.png,a62f7a4617cd78b076e8cfd0f67f7ecf
train/aaaaadru_0_8.png,0da193ad221b832ddfa9f17600e401be
train/aaaaadru_1_1.png,263c6fe775d1ac8ab3c496bd77086c9d
train/aaaaadru_1_24.png,a2d9d8f4a4e7458e452e2f8dd0fdd70a
train/aaaaadru_1_29.png,689bbfdabbc135e65533400851202468
train/aaaaadru_1_7.png,12557cf5285b24cd10b24c8d7fc3c640
train/aaaaadru_2_0.png,1e9d60b580a857a851807e69a8cf9fac
train/aaaaadru_2_10.png,01ccefab4c77f1f1e6fb9eea0c9164b2
train/aaaaadru_2_3.png,0437a2c3809f93d03e05e5a6d6e1d899
train/aaaaadru_2_4.png,c08e7a7baa65a6b8e4c416f04560d3d7
train/aaaaadru_3_0.png,0523c203da3748e06d22e88dda61fdb3
train/aaaaadru_3_2.png,bfc224a195cc8d44d19a4911b297d343
train/aaaaadru_3_23.png,75778bee79b20479ebec53e255b46c93
train/aaaaadru_3_26.png,9a6576637810a1af1500ace1e5352eb3
train/aaaaadrv_0_13.png,215d3055abb8338862ae2947e3106318
train/aaaaadrv_0_14.png,0b0dd988f77ee24579b14c2b81ea6512
train/aaaaadrv_0_26.png,cda673df42e680ccbf87802de2241de9
train/aaaaadrv_0_28.png,1fc92c2b41762e3af4a30101f167817f
train/aaaaadsd_0_29.png,9bb5f36d42d1add18dc801afd2d9d34f
train/aaaaadsd_0_5.png,b96724b6b9ddcfb1648c6b20069609da
train/aaaaadsd_0_6.png,4c3e8412c39a7a2be180fe2168984d2e
train/aaaaadsd_0_7.png,0b42a492cdad167dbe8770e0d4f6831a
train/aaaaadsg_0_0.png,8a30b4f1ccb93689ad6b3aa41b7b0b3f
train/aaaaadsg_0_25.png,ed09f1cf59d6bcafb0d99d920b112563
train/aaaaadsg_0_4.png,96838461ae8089f0a644e5c76ffab877
train/aaaaadsg_0_7.png,8e0005b9208e6ca9065038c3655ad4b4
train/aaaaadsh_0_1.png,cb6d0db41c46858fffd94a6fd9aab15d
train/aaaaadsh_0_22.png,4de0383a9b6003835f2a06caffcc7700
train/aaaaadsh_0_57.png,23cb29856d9a471be40855649145a1c2
train/aaaaadsh_0_68.png,798367c62328dc64a64ac74b774a66b8
train/aaaaadss_0_0.png,0fb1013d0f3802c65dc24f261a97f48d
train/aaaaadss_0_17.png,920838b422514c01ed75f839964b10ce
train/aaaaadss_0_27.png,75eb5125e4fbea55596cc1f076cdc69d
train/aaaaadss_0_29.png,56ba617e8b8d4e96d04bd8439b552554
train/aaaaadst_0_0.png,45e28a557887597f01b1a08b24fce169
train/aaaaadst_0_4.png,78e564f306a9a825317ff9a02855bd10
train/aaaaadst_0_6.png,19217d747dfbcffc3cb6f41bafb7226e
train/aaaaadst_0_8.png,d4e35a9d4fa16d8fd92094a2fd584332
train/aaaaadst_1_0.png,72f8f109123a0801844bbd26eb6abee3
train/aaaaadst_1_22.png,e589f7994b66e43caf3dac5e32e59d8c
train/aaaaadst_1_28.png,85a0b9b76d63afc225e73614dbdf314b
train/aaaaadst_1_3.png,8f74e242d530868edbc243e248b949b7
train/aaaaadst_2_13.png,85be8ff56b3674db5cc6a2780f71c87a
train/aaaaadst_2_2.png,8254b6c49977264835c2006769c49f65
train/aaaaadst_2_3.png,0c92a614f9526da98db4cfaef7129edc
train/aaaaadst_2_9.png,6fd35a9ea8ca24d66c15b6d3384f60fe
train/aaaaadst_3_0.png,7dea373a9a0fe0dcde1e3b2b8f9f9cef
train/aaaaadst_3_4.png,73191e436ce7ff871a869568bf03c10b
train/aaaaadst_3_8.png,52322e0f5630da0074dc3210c6bc7571
train/aaaaadst_3_9.png,0f145cc4777bfdbc11c6f3a7381aa441
train/aaaaadud_0_0.png,8b98889b3f289ccff4dc5dd4de57c97f
train/aaaaadud_0_19.png,ac3563ef642fcf90c1b440e27efadd0d
train/aaaaadud_0_2.png,5073861828956ae23bf72216625eb6fc
train/aaaaadud_0_51.png,47a606406f4fbbc43f9e67dcd5c38dac
train/aaaaaduk_0_19.png,ff82a91b84462d5e5ac13020435c89a1
train/aaaaaduk_0_5.png,f7efbf2c24b4929da069bafe6623d378
train/aaaaaduk_0_7.png,c0c2cb3bdb5c8c57cb2b209735c81c00
train/aaaaaduk_0_9.png,42a0c538903bb580c1522007728fe23a
train/aaaaaduk_1_0.png,26b49c3ab7d410bb6aa91ca661cf9752
train/aaaaaduk_1_3.png,bdfc2ef72fcb3a293edfba3957ddfc30
train/aaaaaduk_1_4.png,0dc762a4a11afff89cf9a6ece5557f1e
train/aaaaaduk_1_9.png,5dfaabf37dc57232d3ed8c52bd491aaa
train/aaaaaduk_2_0.png,25b558d9a2ea5b50ec586b2259fbecf5
train/aaaaaduk_2_15.png,5d2ee990e37ced73aab34b364664812a
train/aaaaaduk_2_27.png,7704542664b3bba48cc31c04be575305
train/aaaaaduk_2_28.png,335a4eaae11f60f3202f34e9f3db4a6e
train/aaaaaduk_3_10.png,2277332a527de8d13e65ba53bb7742e8
train/aaaaaduk_3_13.png,a4f60f42312873363df17c5647a32e9a
train/aaaaaduk_3_2.png,8c790c2b5cbe21cda5fa9983ba9633f3
train/aaaaaduk_3_3.png,784eb6a401b3c82f40eed3ae60167a93
train/aaaaaduk_4_0.png,83149de7b028aab63ffb9d4aa66e9a41
train/aaaaaduk_4_11.png,c52d50fa3e96c1e633b275c64044ad51
train/aaaaaduk_4_23.png,d106db5e8ee707b728075cae0aec6826
train/aaaaaduk_4_3.png,a897fa33d57bd519c2a5621cf8669201
train/aaaaaduy_0_0.png,3f057b0300fad10a871807f1a7bd3692
train/aaaaaduy_0_15.png,bd39fb85585a85aeeb46f8f78f988ae0
train/aaaaaduy_0_20.png,105df0d3cfbb6303a2282070de94a80f
train/aaaaaduy_0_8.png,3df17c854fba373400796d106aee5fed
train/aaaaaduy_1_1.png,b15e806cce18279c6a1fae2c7b6c7674
train/aaaaaduy_1_10.png,72bbbe94069e92173402f406e2965a2f
train/aaaaaduy_1_11.png,ffe7c491586c4740e299b0c0a70c888d
train/aaaaaduy_1_7.png,ac49be7fd3dc9871f95d36a76edf766a
train/aaaaadvc_0_1.png,6186a57506b0e028ded2a01f4e731fa1
train/aaaaadvc_0_15.png,5ccb74048b2a0ae1b228c6272b6a31ec
train/aaaaadvc_0_2.png,f50aee4387a7032c2a09259ee9b15f49
train/aaaaadvc_0_28.png,1018ed872332701f5884da0408eb75b5
train/aaaaadvc_1_0.png,26251f311a3ac413943c8132c0e81529
train/aaaaadvc_1_23.png,6da578a2470fd6a8db1d661854a03634
train/aaaaadvc_1_24.png,ce94238d3a2575bd639f77fdba33e14b
train/aaaaadvc_1_28.png,9d6e2e7255ed58d15459d2bfa64bed52
train/aaaaadvc_2_24.png,23d0388dc5255fe484a1b460b32edaa3
train/aaaaadvc_2_6.png,65c5d802fa39dd49ee1eb4c5db5acb25
train/aaaaadvc_2_7.png,03f46eb8bbe04d457ac86dd7bfde875e
train/aaaaadvc_2_8.png,df08ec5056c50af2b4c4d0a313ecf709
train/aaaaadvc_3_11.png,97857bddd807856309911bab3daff5ca
train/aaaaadvc_3_13.png,04c7b0c2a6dc7832781d52388ac8fdf3
train/aaaaadvc_3_28.png,e69a14b4701aefca890bcb15fa58ba76
train/aaaaadvc_3_5.png,d00f2eb771f583eb1ec9c5262c6463f9
train/aaaaadvc_4_0.png,c66b4295045b1690099b3422fd85a205
train/aaaaadvc_4_12.png,82cbde71df15a5a703b2e4fd998a0a77
train/aaaaadvc_4_16.png,80a141dc51612611b39fa48cbc70f71e
train/aaaaadvc_4_36.png,5df9e3b6567fd3c0c8defaa41796d0bb
train/aaaaadvi_0_14.png,d36a0526598f733665f5c44c1277ddb9
train/aaaaadvi_0_15.png,13c16808e447ba863546a78237a0962f
train/aaaaadvi_0_17.png,c55d1eb02d6f825922c10b573e5fabb0
train/aaaaadvi_0_3.png,441da3abb38dbb5b467d7466de2a2a98
train/aaaaadww_0_10.png,3c895db32999a302e0bb1c7de331a2e1
train/aaaaadww_0_11.png,8e627c4cbcc8bf16f8f2aed58d42f702
train/aaaaadww_0_5.png,f08c0c53054618762d532520b671aecc
train/aaaaadww_0_7.png,27e390cd0b1515377facb89dfc8d1273
train/aaaaadxv_0_20.png,a4a5ea43da0aeeb14e917c63c1d76f4a
train/aaaaadxv_0_21.png,5272703fd68b80a8aec8e5b0126927be
train/aaaaadxv_0_3.png,0c457f75221981ff23cfb64c433a5e3f
train/aaaaadxv_0_6.png,0ed831e5073691ac72c06d796d0b2151
train/aaaaadxw_0_0.png,d57d7178585f790c2fe3e36668733497
train/aaaaadxw_0_1.png,75542eca433bd23ade1f9c480b9f781b
train/aaaaadxw_0_12.png,a00eeefbcc4a59b7637f1d1c7cd5a594
train/aaaaadxw_0_25.png,baa540eab343e91834f50480f9ce2805
train/aaaaadyg_0_1.png,7a1df6310ab30fd559ae07ffaecfce42
train/aaaaadyg_0_10.png,33f464abf25e0e65fff2790043ddb9ef
train/aaaaadyg_0_13.png,0da4045ca5e92c0821ce6e1924828d83
train/aaaaadyg_0_20.png,77df86d1f95fb4fee744cbb6d680b3a5
train/aaaaaeaz_0_20.png,5284e1c32bc71a008f9e5497d19fab6a
train/aaaaaeaz_0_21.png,f4bd9d42b5a448e36b29b4ec607c1823
train/aaaaaeaz_0_30.png,b36708731657f88e8003fa7967212c1a
train/aaaaaeaz_0_55.png,c198765157b55da0b52679f4ff0f4b5f
train/aaaaaecc_0_1.png,7a769a4175b508d6c484bb65ca22291d
train/aaaaaecc_0_3.png,eed84fca6fce3919e704b67dfb409dcf
train/aaaaaecc_0_7.png,397deecd5b8522739d96af8b40412b91
train/aaaaaecc_0_8.png,1c2838079150af408fd5d99ad15aa2fe
train/aaaaaecc_1_0.png,26b5071f8d959117e3f7d4c750bdeac1
train/aaaaaecc_1_10.png,03909336225938ecb522b09410dda795
train/aaaaaecc_1_19.png,e2afa378751da604c3c597aca96fe7ff
train/aaaaaecc_1_20.png,d049c465b51bb44e6c30a6c6998043b1
train/aaaaaedd_0_0.png,1f53f72926cff4f0b4045ef29ef35322
train/aaaaaedd_0_16.png,ddf20369e389bab57531485190696ec9
train/aaaaaedd_0_17.png,415990368be8fac2425f8ba55eae556c
train/aaaaaedd_0_62.png,05c871e6ab5f76044e9e2ae2e2cae414
train/aaaaaeee_0_0.png,99d38b8ce029b6219ac17b555a7d4db8
train/aaaaaeee_0_24.png,3006415bf25cd4df8e81a02fb87dda94
train/aaaaaeee_0_29.png,0f99295ffd44695be62c412739e88342
train/aaaaaeee_0_6.png,69346f31ca741c0cffc2ab4c0df6a926
train/aaaaaeee_1_0.png,e01130b63398b0b4b3652b35dfbfdfe5
train/aaaaaeee_1_1.png,8555ecea59857e75f2c0b16f8f28b987
train/aaaaaeee_1_17.png,3a557d9299b7906e02a8422301ad536d
train/aaaaaeee_1_27.png,bb97498093ec28cb2d4dc5c1c2d502c1
train/aaaaaeee_2_0.png,797f00a18f04cc0c098b161cf764e451
train/aaaaaeee_2_2.png,bdf1c534a858af7cf2c5f73481542946
train/aaaaaeee_2_6.png,20816dd67109a68df5b86c9a053e1aaf
train/aaaaaeee_2_9.png,b4cdc5dc112c0fdb3c7a49a9da3da629
train/aaaaaeee_3_0.png,6e01272976b7b2aed0712e5d27e9ae33
train/aaaaaeee_3_16.png,b84ecff76f09624ce464403f9b86f462
train/aaaaaeee_3_24.png,ac35480298ff8122808f5e62e5086386
train/aaaaaeee_3_28.png,ddb941917ae4e95a83692d4ca220cb37
train/aaaaaeer_0_31.png,eee7364063dc42ea29ac9b92b48c93a7
train/aaaaaeer_0_53.png,b1e25c1be67f4c691a51e3e481ca35b1
train/aaaaaeer_0_57.png,99dbe2a071d991ce922d458de86c06fb
train/aaaaaeer_0_69.png,97d47363a685de4d0a0f2ae62055fba6
train/aaaaaeex_0_0.png,312922a06dddc44341881db036185ecf
train/aaaaaeex_0_1.png,f979afa6fa2d8a75f0071465d2357e78
train/aaaaaeex_0_28.png,e97305c7a08f056b7bea72688fa3ea0a
train/aaaaaeex_0_6.png,849dda8d26e470a334869bbda9084a75
train/aaaaaeex_1_0.png,de67d5fa9db7db2bf0f1e03ad53c901c
train/aaaaaeex_1_11.png,7b7d78ca0f4c3217495e2cab2e67342b
train/aaaaaeex_1_17.png,63f7d59c8615e0109548791876735c20
train/aaaaaeex_1_20.png,acce51adb747b719f1dd5d2de1f66c85
train/aaaaaeex_2_0.png,3babc0dd6cd7fc04999fa41de65d1623
train/aaaaaeex_2_14.png,1970af963e0e2044d61ef156e4deab98
train/aaaaaeex_2_18.png,1bebe28f4223593e26d72aa76f0baa4f
train/aaaaaeex_2_26.png,7ae4f645a9ccfa35a1ad2d02fbb31152
train/aaaaaefj_0_16.png,dd8256bbd4b038603d74d49b808d257c
train/aaaaaefj_0_36.png,669c5b879965cfb2e9bcbeb2198a71d9
train/aaaaaefj_0_46.png,fdd3d8b9aec8306804fa61e87e455982
train/aaaaaefj_0_56.png,0d0cce2a1da8b603d7e4c886e0ff47da
train/aaaaaefs_0_12.png,17ccd31010406762dde73be92475a951
train/aaaaaefs_0_25.png,b29dedd94f1427e25a76c529bc38fa7a
train/aaaaaefs_0_29.png,68f927c9e9167a09dd89175885d0ba7c
train/aaaaaefs_0_52.png,c78d515b2293d5812fa68d460936aeec
train/aaaaaegl_0_10.png,819d2e621bd1a3e6d5adcf426985b73c
train/aaaaaegl_0_12.png,5b29c478909be98e5ff15359b59921d0
train/aaaaaegl_0_13.png,5cc0852f179c7e3ba06ed1bfbd630dfc
train/aaaaaegl_0_7.png,187313b6da750515425110502b174aec
train/aaaaaehl_0_1.png,e3f101a80b271ecf4bbc6df3baa0c45e
train/aaaaaehl_0_44.png,0f38e7e59d272203dd842f7f082f924e
train/aaaaaehl_0_45.png,5ca15beb8b2ae34e7fbe7196e633fa09
train/aaaaaehl_0_66.png,b4a07e841b1b65385d70910578784aac
train/aaaaaeic_0_3.png,e4e0cfbbc36113bb3310453d976b3f18
train/aaaaaeic_0_45.png,f8eb995a7c662dfafa45d5d61ac160b7
train/aaaaaeic_0_54.png,249b6881fd9b4a6ffc9b00099a69a2cd
train/aaaaaeic_0_8.png,7bb847ff62b08e97f3a6540d7a57f379
train/aaaaaeio_0_20.png,f3f506c878e8b3ed5e517b8bc3755071
train/aaaaaeio_0_24.png,6a01fea1bc20cc531a0d864ac42326bf
train/aaaaaeio_0_3.png,92f57cdfa7f8f40fa21981f0a199ef8a
train/aaaaaeio_0_7.png,6de8998cdc7e17b9c438fb621f0bc9e9
train/aaaaaejk_0_34.png,4131cb4d8c4eabd90c4c0a9ba2c1ca45
train/aaaaaejk_0_35.png,9aa98bb8678ae9ef939979ca5f3e07c3
train/aaaaaejk_0_38.png,f3aa972aeb6e51cb69fc55d4c29924d3
train/aaaaaejk_0_8.png,3d65da33151afed77cf2a44ce75a7da5
train/aaaaaelg_0_0.png,819b24c20661d502610aa965a7657be8
train/aaaaaelg_0_31.png,3ea45df828387c696799a33268da996c
train/aaaaaelg_0_40.png,a3fc6fde93132702b1cf8ee5bfa1a202
train/aaaaaelg_0_7.png,11144e11aafef3a8e93b4accaf0463e7
train/aaaaaelw_0_17.png,408d2d09d6095ad22cc7dd91e7fd3509
train/aaaaaelw_0_32.png,9f92bfdbb85b06e645000202ecb73637
train/aaaaaelw_0_36.png,229fe035eddfab92f047984f91ce9390
train/aaaaaelw_0_39.png,bd053d9ea3237dafff6e60b7fd05d916
train/aaaaaeni_0_15.png,ee523058d42743aba684c791433f2729
train/aaaaaeni_0_22.png,c5d3d232d833d10648540c922e079d76
train/aaaaaeni_0_44.png,b680d8bd235ad3f926b7a46c148ae0aa
train/aaaaaeni_0_59.png,1c31ac6016a298aaf653a3bf4f66823f
train/aaaaaeoa_0_0.png,b6cf7fce22cf51a48c2901554182112f
train/aaaaaeoa_0_19.png,38f38c8a4fc8540ca7d389c046002bcb
train/aaaaaeoa_0_25.png,35ca7af1b3e3b65ea27789f4b8ca1d42
train/aaaaaeoa_0_38.png,edda2fc02d4c3898068714c0764c6659
train/aaaaaeoa_1_0.png,f2cff85586021a0192dba70fc55a1c96
train/aaaaaeoa_1_1.png,0357ffdda16d03d7948123ccabd1adfd
train/aaaaaeoa_1_10.png,d0038a50433b15689da8fb6a5a911208
train/aaaaaeoa_1_18.png,057d993936cff15d2ebb5dd563d7f879
train/aaaaaeqc_0_0.png,c30d6e3c31262c61b8dad4e166f4b6fe
train/aaaaaeqc_0_32.png,6719577eac7ebf64bca5c2654fb8d246
train/aaaaaeqc_0_39.png,f59b0f6d07e56c0f6e5aef4d1de7af03
train/aaaaaeqc_0_53.png,d4ed16769146fc47d75ac20fb65c400d
train/aaaaaeqd_0_31.png,db7cf5c8a25fc16e6f18ebd20a5b4574
train/aaaaaeqd_0_36.png,ec9eff0955ed71e1fd7c3ece6ee3cc57
train/aaaaaeqd_0_37.png,94ed8f230725503c40049bb30aebd7cc
train/aaaaaeqd_0_51.png,51b4089889530c29b70b79985347ca8b
train/aaaaaeqr_0_24.png,d84d2ab9cf1d0d16e3ea5b2d8899dced
train/aaaaaeqr_0_31.png,5bbbdf04e867508d28b60b43ae09702d
train/aaaaaeqr_0_40.png,67bfad313636ab87c267a2d23c1f47b2
train/aaaaaeqr_0_5.png,6da7224bdb9e2641b857343b5714ffab
train/aaaaaert_0_2.png,ca07001a77d96b9e668dc3f33d0a889f
train/aaaaaert_0_39.png,9cdd0a8a5478aaf2f63bb0c07870fe83
train/aaaaaert_0_50.png,405d4da44dffe8498a365d03b3ffd7d7
train/aaaaaert_0_65.png,2000dddafe01578e72a952225de52c9b
train/aaaaaesj_0_0.png,c5f623b9a5f3271ad4ba1c35d55d213b
train/aaaaaesj_0_43.png,bfa2e91937dd521d1cba8b2b44fe597e
train/aaaaaesj_0_58.png,4f5dbe58c4c0133338922ba42353eb1a
train/aaaaaesj_0_67.png,914b64f3cd3990f8b834903072262229
train/aaaaaesm_0_21.png,83801aa771663d32d5a7050c9201e8fe
train/aaaaaesm_0_22.png,fd3eb7318ecfb5c69c7c1c4acccbd414
train/aaaaaesm_0_39.png,c72e77cc34184d5d08d3adb950d14e70
train/aaaaaesm_0_45.png,62039c08ed822671fe640647d93e7fac
train/aaaaaetx_0_0.png,fdc3f5778f5fb2cf9b432a5c90f738b9
train/aaaaaetx_0_1.png,30982a92f8053cd2e11a1f0e7e5f79f3
train/aaaaaetx_0_14.png,db4246fa58fbaa4b135f0761fbdf5b11
train/aaaaaetx_0_15.png,41f74fb1a6cd30d892301fce671a0200
train/aaaaaety_0_18.png,3a17df14ed7540c456c309b4b4e65bbb
train/aaaaaety_0_23.png,ea772dc3d2034669ff92d26e78a96396
train/aaaaaety_0_27.png,1ecc714e45281aeebd0e8ed3addbe5e9
train/aaaaaety_0_58.png,c271061a18ccacc413774eee20280c3e
train/aaaaaetz_0_0.png,76059e7b41140e219fb4febf55f4f517
train/aaaaaetz_0_1.png,c49c7180ad0722ae3e151c11da38fc20
train/aaaaaetz_0_16.png,d81007ff79a9b57f502919e1a34000f6
train/aaaaaetz_0_4.png,c46e1d7c196c5ca86877ac64cbc7dacf
train/aaaaaeuh_0_1.png,4498f46c58e590a7851908482e491fa6
train/aaaaaeuh_0_11.png,3c9eafb4ac303ce9ff985e73a62938ff
train/aaaaaeuh_0_49.png,2147fd06949b1cdf455560a26c46ea71
train/aaaaaeuh_0_5.png,f68f35b246a33db49e84c28616504f05
train/aaaaaeur_0_44.png,9b44cb165de08272fd52dea5ea9fd087
train/aaaaaeur_0_48.png,7e3487dc74948d51fca9d2478a86fb83
train/aaaaaeur_0_51.png,b30ee73a23e65b8cd90e9c5d36a87763
train/aaaaaeur_0_54.png,6b0fcc669eb064695f92fb1021caa15a
train/aaaaaeux_0_33.png,0618353ef056a568ec6d2f77cb44b712
train/aaaaaeux_0_35.png,1d21236b9a16c4d0a62a8a3f6dd4732e
train/aaaaaeux_0_4.png,e162023c736bf3784816075a8d97cf20
train/aaaaaeux_0_9.png,2f61dbf0c9ac96bd500d3fc7df67d52c
train/aaaaaevo_0_0.png,7a61babcc7a3d6527a8e9b9b968d3b39
train/aaaaaevo_0_13.png,540aa53465c2ddddba727e541e2b8364
train/aaaaaevo_0_17.png,3db3fe7e408f3ca3227285163b895447
train/aaaaaevo_0_21.png,40a388aaae6a8789e19ce5af8b26de22
train/aaaaaevv_0_25.png,59cdbc2a11e1492538375d5f6916c023
train/aaaaaevv_0_26.png,a96773765c6a8c2fb9d42cbb63268388
train/aaaaaevv_0_32.png,2b8294e88cdd51de5e1a7d2047c24b75
train/aaaaaevv_0_67.png,69cd1955577c128bf28ded9dcac8c8f8
train/aaaaaewe_0_17.png,61bd0962467ebb3b26b685f271ef3729
train/aaaaaewe_0_37.png,de98571e08d908c6cb58cb1a08211cd4
train/aaaaaewe_0_49.png,ea84b75b68fa5f48ead0f8505c81e83d
train/aaaaaewe_0_5.png,b7ebd2dc874147033a699338391e9c5b
train/aaaaaewi_0_1.png,39bf9dc925ba57c75e3a22dd281f9ea8
train/aaaaaewi_0_19.png,fa245a829bd39a9c9e8adf6e29ef078b
train/aaaaaewi_0_21.png,209b4ebf0f18c08248c9a014fb56f2b4
train/aaaaaewi_0_3.png,8894e4a88002714d95e00bd4bd7bc62a
train/aaaaaexb_0_21.png,edb858fa8e9b0f27972871527b9fabae
train/aaaaaexb_0_29.png,236f31df5a5abd3161bd244461e958f9
train/aaaaaexb_0_35.png,3d4b22a885f4d79d338f031d4418a35f
train/aaaaaexb_0_44.png,039c41b92e1951b6c1e7dfa75e33ddca
train/aaaaaexn_0_18.png,008e4d7e629041eb2a0ed7097451bd2b
train/aaaaaexn_0_32.png,31cfa2838174c2a01ee7d75e0ead8c40
train/aaaaaexn_0_38.png,3c4285f6a61242f5f3233affe225bc3b
train/aaaaaexn_0_54.png,0767142c6ff2f39dcc7bd8dde06719f4
train/aaaaaeyk_0_13.png,c107871b6fc8fd70f4443d9713784ca1
train/aaaaaeyk_0_28.png,70321506616c382a3a78845cda977bc4
train/aaaaaeyk_0_61.png,c8a3c9faf6e420209f9dfd9e923444bf
train/aaaaaeyk_0_63.png,a9be3da88d81596279fc4dbad78d1d80
train/aaaaaeyr_0_1.png,9d6f12b80393191fbe723d073d2eff06
train/aaaaaeyr_0_10.png,0933c0745563ea0725eea2e3404092ed
train/aaaaaeyr_0_18.png,0dce25c329676d6b6a08ab54fb779bbe
train/aaaaaeyr_0_5.png,f7026a986792ea101512279ce835ea15
train/aaaaaeyu_0_14.png,6a55d6f4a409db3b024be763eb9800fa
train/aaaaaeyu_0_2.png,b743d8f25847f798aad5eb48a847f583
train/aaaaaeyu_0_3.png,7bcb0f343531a2188fb46414d345f562
train/aaaaaeyu_0_7.png,434ef36652d31fa643dbe0c1ce1ebc79
train/aaaaaezj_0_3.png,2621e8a926d36a9b6fbca5a3497c8d98
train/aaaaaezj_0_44.png,44d0d94ef1aa70594916e5960ebdbc29
train/aaaaaezj_0_56.png,bdb858c69e28b086171ac1ce81387a16
train/aaaaaezj_0_59.png,3f8ab21e1f48993405ce46df3e494b09
train/aaaaafai_0_0.png,52d1b874af664445a13f89e67cc913c8
train/aaaaafai_0_11.png,2d8013497e514e2d7ad5272fb47d4f19
train/aaaaafai_0_13.png,159de86a71f049a8a1d8628788b8ed70
train/aaaaafai_0_17.png,b0efec9e6ca1e6e94d9247838388df14
train/aaaaafai_1_0.png,3777f745195e85dd06611e7dff11fe23
train/aaaaafai_1_1.png,b71fa6730d2895ea8e9b45b9a6899288
train/aaaaafai_1_19.png,acce4115538280f77697f067fb8199b8
train/aaaaafai_1_31.png,c74584b6be0ec11070c1845a8c0261ab
train/aaaaafaj_0_0.png,52d1b874af664445a13f89e67cc913c8
train/aaaaafaj_0_1.png,88cca5d0816c8b65d20bdf047ad32f15
train/aaaaafaj_0_11.png,2d8013497e514e2d7ad5272fb47d4f19
train/aaaaafaj_0_13.png,159de86a71f049a8a1d8628788b8ed70
train/aaaaafcs_0_31.png,320db469800f95339bb9435e05c13785
train/aaaaafcs_0_44.png,5b6f7431266f8d900d7b69f6113b9296
train/aaaaafcs_0_6.png,377c3e6313eabfdde839e23111d145ee
train/aaaaafcs_0_66.png,a2aa212d8dad8410733b6c715f00726b
train/aaaaafdw_0_13.png,2aebd385af72f3aaa7a319875610a490
train/aaaaafdw_0_23.png,993c477f06950425463afcee0da3d945
train/aaaaafdw_0_25.png,cf5840271e4d38deb2f158ae9af07333
train/aaaaafdw_0_26.png,e1cc39ebbf95516204bbcf6425e17dcc
train/aaaaafeu_0_21.png,e7ef280eb5f07dbf595667f2ed737301
train/aaaaafeu_0_26.png,415caaa7eb5c1d243d27026fac8c0ce8
train/aaaaafeu_0_5.png,c77efa2b6f784bd1bcd3e2698fa221e1
train/aaaaafeu_0_53.png,395b8e9df7c74778e070165d74ed595a
train/aaaaaffh_0_0.png,a5256abfa46a876fd0e148d52d9acd9f
train/aaaaaffh_0_17.png,5808527affec50c1a390a68a70aedd32
train/aaaaaffh_0_44.png,e8c2cf3cb433e0258cd61bb08e6290c9
train/aaaaaffh_0_52.png,1c5d2fb6eb356478901cfb1dbf372141
train/aaaaaffr_0_36.png,36f64e444bc9debda47e8f8f425b1b0a
train/aaaaaffr_0_38.png,e37237527037cbee716fad6e5a4c0ac7
train/aaaaaffr_0_50.png,366f02c5311747cb90f79593c70ecfdd
train/aaaaaffr_0_53.png,0db36d5e7be4fa4f5e6f1c034b2bee5c
train/aaaaaffz_0_24.png,30b438a1050f56078c1c72191a63944a
train/aaaaaffz_0_37.png,12f6563eb2c4a6295d6ffad726278352
train/aaaaaffz_0_42.png,45de35a662ef5e21a18d1960430d756e
train/aaaaaffz_0_51.png,211bdf28a64b5ead1c9e9d08f35090e2
train/aaaaafgm_0_0.png,ba541004d2cd942c5ff2e43b148ee92f
train/aaaaafgm_0_14.png,4b43220819154cf759a32e674670ca38
train/aaaaafgm_0_3.png,2db4ff32a3b05a330c7748bba09fec26
train/aaaaafgm_0_4.png,061ef3749e166da9583539f4a982cd5f
train/aaaaafgy_0_14.png,04ae7feaaf8b937a74893913ef2984ae
train/aaaaafgy_0_48.png,bdd9ae6dc642498fd35a2f78ebfff0b0
train/aaaaafgy_0_6.png,6e0fb71384d4fc5b3c689edd4a050979
train/aaaaafgy_0_7.png,9c9383c6b9f25657105e30a030e78f2d
train/aaaaafgz_0_12.png,923aff6a9aa25f4270357680c31973f4
train/aaaaafgz_0_21.png,f7261f80296e1a20668e889a06801586
train/aaaaafgz_0_35.png,4e83d84ad0bc5412567346c4a89b301a
train/aaaaafgz_0_6.png,6e0fb71384d4fc5b3c689edd4a050979
train/aaaaafit_0_10.png,7eed983946db62e39abab7c499c19dcb
train/aaaaafit_0_16.png,4cf013a3f59d34d762a70fb319b626a1
train/aaaaafit_0_7.png,8f12e40f1ca6de59b600518b92ea31db
train/aaaaafit_0_8.png,3ecdd01c990a46458696e2b2da293ca2
train/aaaaafjb_0_10.png,2bead5d694016e3529329e82d436ff18
train/aaaaafjb_0_16.png,ea3586c24f05fe4e8a5632b3c4b9ef3f
train/aaaaafjb_0_2.png,718ce036b7a8f8596853dd5df9ba68bc
train/aaaaafjb_0_6.png,aeae2c9a8ad7929de08705371f484c2c
train/aaaaafjb_1_13.png,df3339c5e7b4931573938927186cd84a
train/aaaaafjb_1_23.png,0bf1c6911a52e9ea74f1ef7b88f83f83
train/aaaaafjb_1_24.png,3a06255c97348f04da3c4aef9cfaacc7
train/aaaaafjb_1_9.png,baab44ed1e82644da3141576470546a3
train/aaaaafka_0_21.png,2292a70043fb5a7784c86a30ca98ebeb
train/aaaaafka_0_30.png,8cae8b77ee82563e164a4a2ad7e65f70
train/aaaaafka_0_43.png,51897dacb19b8d8e30220fef7e5a9424
train/aaaaafka_0_67.png,e83e8a341e8790e712b35be5827f3ac6
train/aaaaafkp_0_2.png,b003662980c08068cdd8f3404e21e4ee
train/aaaaafkp_0_24.png,77124a0f6dce7c19264d729657792f53
train/aaaaafkp_0_4.png,46472530a19016eb3db132e49171acb6
train/aaaaafkp_0_9.png,8340e54958b96595e086d2cc32b6ba7b
train/aaaaafku_0_23.png,02784c1fdfd23ab3fc90ab80d26c488d
train/aaaaafku_0_37.png,77e6098815509afccf72da5f607f99d4
train/aaaaafku_0_45.png,6c3071b0a0206a5048d48221b6af7c0c
train/aaaaafku_0_55.png,ceb2306f2b89ada412c7f08296e7b580
train/aaaaafmn_0_30.png,48adc1753842787c77b3db5449168e2d
train/aaaaafmn_0_47.png,864c8f9205116c5588f68e3feb0d3287
train/aaaaafmn_0_51.png,31e99bc0092f2c022db47952414f4e1e
train/aaaaafmn_0_58.png,017570bbdfff8cb4d0760e243a2aeb2d
train/aaaaafnb_0_13.png,f889f7765b998eb5f98b3da108d76d32
train/aaaaafnb_0_30.png,20fc65004c97bc46f3db8c0615535744
train/aaaaafnb_0_41.png,a9cea60bcad8c9888d6c9e1b83fe5b34
train/aaaaafnb_0_65.png,da4723f9ae903a266710b792b0a8dbfb
train/aaaaafoe_0_20.png,bb81bebe90bfa06b4b4c9dd68d44f50c
train/aaaaafoe_0_5.png,d884a599e1194e27a83693c4bcd5706b
train/aaaaafoe_0_52.png,4c844ada99d7587785b7f5f64c4de823
train/aaaaafoe_0_68.png,f2b131cda09bdc542d574702c778d160
train/aaaaafop_0_1.png,3506760ec28a362fb7bb788b932b237e
train/aaaaafop_0_10.png,9400dbb0ad93d078f0dbfb48daaf4aa4
train/aaaaafop_0_3.png,749cd922ee01566f67f70397a3fdf575
train/aaaaafop_0_44.png,3c8eec03be0b23082023541ddbcb0ab9
