image_path,split,bckg,spsw,gped,pled,eyem,artf
train/000_0_2.png,train,true,false,false,false,true,true
train/000_0_3.png,train,true,false,false,false,false,true
train/000_0_12.png,train,false,false,false,false,false,false
train/000_0_27.png,train,false,false,false,false,false,false
test/001_0_0.png,test,true,false,false,false,false,true
test/001_0_1.png,test,false,false,false,false,false,true
test/001_0_2.png,test,true,false,false,false,false,true
test/001_0_5.png,test,false,false,false,false,true,false
test/001_0_7.png,test,false,false,false,false,false,false
test/001_0_9.png,test,false,false,false,false,true,false
test/001_0_13.png,test,false,false,false,false,false,false
test/001_0_17.png,test,true,false,false,false,false,true
test/001_0_18.png,test,true,false,false,false,false,true
test/001_0_20.png,test,false,false,false,false,false,false
test/001_0_26.png,test,false,false,false,false,false,false
test/001_0_33.png,test,false,false,false,false,false,false
test/001_0_39.png,test,false,false,false,false,false,false
test/001_0_46.png,test,false,false,false,false,false,false
test/001_0_52.png,test,false,false,false,false,false,false
test/001_0_59.png,test,false,false,false,false,false,false
test/001_1_0.png,test,false,false,true,false,false,false
test/001_1_1.png,test,false,false,true,false,false,false
test/001_1_2.png,test,false,false,false,false,false,false
test/001_1_4.png,test,false,false,false,false,false,false
test/001_1_6.png,test,false,false,false,false,false,false
test/001_1_8.png,test,false,false,false,false,false,false
test/001_1_9.png,test,false,false,false,false,false,false
test/001_1_11.png,test,false,false,false,false,false,false
test/001_1_13.png,test,false,false,false,false,false,false
test/001_1_15.png,test,false,false,false,false,false,false
test/001_1_17.png,test,false,false,false,false,false,false
test/001_2_0.png,test,false,false,false,false,false,false
test/001_2_1.png,test,false,false,true,false,false,false
test/001_2_2.png,test,false,false,true,false,false,false
test/001_2_6.png,test,false,false,false,false,false,false
test/001_2_12.png,test,false,false,false,false,false,false
test/001_2_18.png,test,false,false,false,false,false,false
test/001_2_24.png,test,false,false,false,false,false,false
test/001_2_31.png,test,false,false,false,false,false,false
test/001_2_37.png,test,false,false,false,false,false,false
test/001_2_43.png,test,false,false,false,false,false,false
test/001_2_49.png,test,false,false,false,false,false,false
test/001_2_55.png,test,false,false,false,false,false,false
test/001_3_0.png,test,false,false,true,false,false,false
test/001_3_2.png,test,false,false,false,false,false,false
test/001_3_4.png,test,false,false,false,false,false,false
test/001_3_6.png,test,false,false,false,false,false,false
test/001_3_8.png,test,false,false,false,false,false,false
test/001_3_10.png,test,false,false,false,false,false,false
test/001_3_12.png,test,false,false,false,false,false,false
test/001_3_13.png,test,false,false,true,false,false,false
test/001_3_14.png,test,false,false,false,false,false,false
test/001_3_15.png,test,false,false,true,false,false,false
test/001_3_16.png,test,false,false,true,false,false,false
test/001_3_18.png,test,false,false,false,false,false,false
test/001_4_0.png,test,false,false,false,false,false,false
test/001_4_6.png,test,false,false,false,false,false,false
test/001_4_13.png,test,false,false,false,false,false,false
test/001_4_19.png,test,false,false,false,false,false,false
test/001_4_26.png,test,false,false,false,false,false,false
test/001_4_32.png,test,false,false,false,false,false,false
test/001_4_39.png,test,false,false,false,false,false,false
test/001_4_45.png,test,false,false,false,false,false,false
test/001_4_52.png,test,false,false,false,false,false,false
test/001_4_58.png,test,false,false,false,false,false,false
test/002_0_0.png,test,false,false,false,false,false,false
test/002_0_1.png,test,true,false,false,false,false,true
test/002_0_2.png,test,false,false,false,false,false,true
test/002_0_3.png,test,false,false,false,false,false,true
test/002_0_7.png,test,false,false,false,false,false,false
test/002_0_14.png,test,false,false,false,false,false,false
test/002_0_21.png,test,false,false,false,false,false,false
test/002_0_28.png,test,false,false,false,false,false,false
test/002_0_35.png,test,false,false,false,false,false,false
test/002_0_42.png,test,false,false,false,false,false,false
test/002_0_48.png,test,false,false,false,false,true,false
test/002_0_49.png,test,false,false,false,false,false,true
test/002_0_56.png,test,false,false,false,false,false,false
test/002_0_63.png,test,false,false,false,false,false,false
test/002_1_0.png,test,false,false,false,false,false,false
test/002_1_7.png,test,false,false,false,false,false,false
test/002_1_13.png,test,false,false,false,false,false,false
test/002_1_20.png,test,false,false,false,false,false,false
test/002_1_26.png,test,false,false,false,false,false,false
test/002_1_33.png,test,false,false,false,false,false,false
test/002_1_39.png,test,false,false,false,false,false,false
test/002_1_46.png,test,false,false,false,false,false,false
test/002_1_52.png,test,false,false,false,false,false,false
test/002_1_58.png,test,false,false,false,false,false,true
test/002_1_59.png,test,false,false,false,false,false,true
train/003_0_0.png,train,true,false,false,false,false,true
train/003_0_6.png,train,true,false,false,false,false,true
train/003_0_29.png,train,false,false,false,false,false,false
train/003_0_32.png,train,false,false,false,false,false,false
train/004_0_0.png,train,true,false,false,false,true,false
train/004_0_1.png,train,true,false,false,false,false,false
train/004_0_18.png,train,false,false,false,false,true,false
train/004_0_22.png,train,false,false,false,false,false,false
train/004_1_0.png,train,false,false,false,true,false,false
train/004_1_3.png,train,false,false,false,false,false,false
train/004_1_12.png,train,false,false,false,false,false,false
train/004_1_14.png,train,false,false,false,false,false,false
train/004_2_1.png,train,false,false,false,true,false,false
train/004_2_2.png,train,false,false,false,true,false,false
train/004_2_20.png,train,false,false,false,false,false,false
train/004_2_42.png,train,false,false,false,false,false,false
train/005_0_12.png,train,false,false,false,false,false,false
train/005_0_24.png,train,false,false,false,false,false,false
train/005_0_35.png,train,true,false,false,false,false,false
train/005_0_40.png,train,false,false,false,false,false,false
train/005_1_7.png,train,false,false,false,false,false,false
train/005_1_8.png,train,false,true,false,false,false,false
train/005_1_18.png,train,false,true,false,false,false,false
train/005_1_19.png,train,false,false,false,false,false,false
train/006_0_0.png,train,true,false,false,false,true,false
train/006_0_1.png,train,false,false,false,false,false,false
train/006_0_7.png,train,true,false,false,false,false,true
train/006_0_8.png,train,false,false,false,false,false,false
train/006_1_0.png,train,false,false,false,true,false,false
train/006_1_1.png,train,false,false,false,true,false,false
train/006_2_0.png,train,false,false,false,true,false,false
train/006_2_3.png,train,false,false,false,true,false,false
train/006_2_27.png,train,false,false,false,false,false,false
train/006_2_32.png,train,false,false,false,false,false,false
train/007_0_3.png,train,false,false,false,false,true,false
train/007_0_4.png,train,true,false,false,false,false,true
train/007_0_43.png,train,false,false,false,false,false,false
train/007_0_64.png,train,false,false,false,false,false,false
train/007_1_49.png,train,false,false,true,false,false,false
train/007_1_50.png,train,false,false,false,false,false,false
train/007_1_52.png,train,false,false,true,false,false,false
train/007_1_80.png,train,false,false,false,false,false,false
train/008_0_1.png,train,true,false,false,false,false,true
train/008_0_8.png,train,false,false,false,false,false,false
train/008_0_22.png,train,false,false,false,false,false,false
train/008_0_37.png,train,true,false,false,false,false,true
train/008_1_0.png,train,false,false,true,false,false,false
train/008_1_2.png,train,false,false,true,false,false,false
train/008_1_6.png,train,false,false,false,false,false,false
train/008_1_47.png,train,false,false,false,false,false,false
train/008_2_5.png,train,false,false,false,false,false,false
train/008_2_10.png,train,false,false,false,false,false,false
train/008_2_43.png,train,false,false,false,false,false,false
train/008_2_70.png,train,false,true,false,false,false,false
train/009_0_2.png,train,false,false,false,false,true,false
train/009_0_3.png,train,true,false,false,false,false,true
train/009_0_44.png,train,false,false,false,false,false,false
train/009_0_47.png,train,false,false,false,false,false,false
train/009_1_14.png,train,false,false,true,false,false,false
train/009_1_15.png,train,false,false,true,false,false,false
train/009_1_22.png,train,false,false,false,false,false,false
train/009_1_27.png,train,false,false,false,false,false,false
train/010_0_0.png,train,true,false,false,false,true,true
train/010_0_1.png,train,true,false,false,false,false,true
train/010_0_2.png,train,false,false,false,false,false,false
train/010_0_13.png,train,false,false,false,false,false,false
train/010_1_1.png,train,false,false,true,false,false,false
train/010_1_18.png,train,false,false,false,false,false,false
train/010_1_36.png,train,false,false,false,false,false,false
train/010_1_49.png,train,false,false,false,false,false,false
train/010_2_12.png,train,false,false,false,false,false,false
train/010_2_21.png,train,false,false,false,true,false,false
train/010_2_22.png,train,false,false,false,true,false,false
train/010_2_24.png,train,false,false,false,false,false,false
train/010_3_10.png,train,false,false,false,false,false,false
train/010_3_17.png,train,false,false,false,true,false,false
train/010_3_18.png,train,false,false,false,true,false,false
train/010_3_43.png,train,false,false,false,false,false,false
train/011_0_0.png,train,true,false,false,false,false,true
train/011_0_5.png,train,false,false,false,false,false,false
train/011_0_9.png,train,false,false,false,false,false,false
train/011_0_14.png,train,false,false,false,false,false,false
train/011_1_18.png,train,false,false,false,false,false,false
train/011_1_37.png,train,false,false,false,false,false,false
train/011_1_57.png,train,false,false,false,true,false,false
train/011_1_58.png,train,false,false,false,true,false,false
test/012_0_0.png,test,true,false,false,false,false,true
test/012_0_1.png,test,false,false,false,false,true,false
test/012_0_3.png,test,true,false,false,false,false,false
test/012_0_7.png,test,false,false,false,false,false,false
test/012_0_10.png,test,false,false,false,false,false,false
test/012_0_14.png,test,false,false,false,false,false,false
test/012_0_17.png,test,false,false,false,false,false,false
test/012_0_21.png,test,false,false,false,false,false,false
test/012_0_24.png,test,false,false,false,false,false,false
test/012_0_28.png,test,false,false,false,false,false,false
test/012_0_31.png,test,false,false,false,false,false,false
test/012_1_0.png,test,false,false,false,false,false,false
test/012_1_2.png,test,false,false,false,false,false,false
test/012_1_3.png,test,false,false,false,false,false,false
test/012_1_5.png,test,false,false,false,false,false,false
test/012_1_7.png,test,false,false,false,false,false,false
test/012_1_8.png,test,false,false,false,false,false,false
test/012_1_10.png,test,false,false,false,false,false,false
test/012_1_12.png,test,false,false,false,false,false,false
test/012_1_13.png,test,false,false,false,false,false,false
test/012_1_14.png,test,true,false,false,false,false,true
test/012_1_15.png,test,true,false,false,false,false,true
test/013_0_0.png,test,false,false,false,false,true,false
test/013_0_2.png,test,false,false,false,false,false,true
test/013_0_4.png,test,false,false,false,false,false,false
test/013_0_7.png,test,false,false,false,false,false,false
test/013_0_11.png,test,false,false,false,false,false,false
test/013_0_15.png,test,true,false,false,false,false,false
test/013_0_18.png,test,false,false,false,false,false,false
test/013_0_22.png,test,false,false,false,false,false,false
test/013_0_26.png,test,false,false,false,false,false,false
test/013_0_29.png,test,false,false,false,false,false,false
test/013_0_33.png,test,false,false,false,false,false,false
test/013_1_0.png,test,false,false,false,false,false,false
test/013_1_7.png,test,false,false,false,false,false,false
test/013_1_14.png,test,false,false,false,false,false,false
test/013_1_21.png,test,false,false,false,false,false,false
test/013_1_28.png,test,false,false,false,false,false,false
test/013_1_33.png,test,false,false,false,true,false,false
test/013_1_34.png,test,false,false,false,true,false,false
test/013_1_35.png,test,false,false,false,true,false,false
test/013_1_36.png,test,false,false,false,true,false,false
test/013_1_41.png,test,false,false,false,false,false,false
test/013_1_48.png,test,false,false,false,false,false,false
test/013_1_55.png,test,false,false,false,false,false,false
test/013_1_62.png,test,false,false,false,false,false,false
train/014_0_0.png,train,true,false,false,false,false,true
train/014_0_2.png,train,false,false,false,false,false,false
train/014_0_12.png,train,false,false,false,false,false,false
train/014_0_14.png,train,false,false,false,false,false,false
train/014_1_0.png,train,false,false,true,false,false,false
train/014_1_4.png,train,false,false,false,false,false,false
train/014_1_7.png,train,false,false,false,false,false,false
train/014_1_43.png,train,false,false,false,false,false,false
train/015_0_5.png,train,false,false,false,false,true,false
train/015_0_45.png,train,false,false,false,false,false,false
train/015_0_53.png,train,false,false,false,false,false,false
train/015_0_56.png,train,false,false,false,false,false,false
train/015_1_14.png,train,false,false,false,false,false,false
train/015_1_22.png,train,false,false,false,true,false,false
train/015_1_24.png,train,false,false,false,true,false,false
train/015_1_45.png,train,false,false,false,false,false,false
train/015_2_0.png,train,false,false,false,false,false,false
train/015_2_20.png,train,false,false,false,false,false,false
train/015_2_21.png,train,true,false,false,false,false,true
train/015_2_22.png,train,true,false,false,false,false,true
train/016_0_2.png,train,false,false,false,false,false,false
train/016_0_4.png,train,false,false,false,false,false,false
train/016_0_27.png,train,false,false,false,false,false,false
train/016_0_45.png,train,false,false,false,false,false,false
train/016_1_0.png,train,false,false,false,true,false,false
train/016_1_1.png,train,false,false,false,true,false,false
train/016_1_4.png,train,false,false,false,false,false,false
train/016_1_12.png,train,false,false,false,false,false,false
train/016_2_0.png,train,false,false,false,true,false,false
train/016_2_3.png,train,false,false,false,false,false,false
train/016_2_10.png,train,false,false,false,false,false,false
train/016_2_13.png,train,false,false,false,false,false,false
train/016_3_0.png,train,false,false,false,true,false,false
train/016_3_5.png,train,false,false,false,false,false,false
train/016_3_9.png,train,false,false,false,false,false,false
train/016_3_11.png,train,false,false,false,false,false,false
train/016_4_0.png,train,false,false,false,true,false,false
train/016_4_4.png,train,false,false,false,false,false,false
train/016_4_7.png,train,false,false,false,false,false,false
train/016_4_8.png,train,false,false,false,false,false,false
train/017_0_0.png,train,true,false,false,false,false,true
train/017_0_6.png,train,false,false,false,false,true,false
train/017_0_46.png,train,false,false,false,false,false,false
train/017_0_49.png,train,false,false,false,false,false,false
train/017_1_0.png,train,false,false,true,false,false,false
train/017_1_1.png,train,false,false,true,false,false,false
train/017_1_80.png,train,false,false,false,false,false,false
train/017_1_81.png,train,false,false,false,false,false,false
train/017_2_0.png,train,false,false,false,true,false,false
train/017_2_1.png,train,false,false,false,true,false,false
train/017_2_3.png,train,false,false,false,false,false,false
train/017_2_5.png,train,false,false,false,false,false,false
train/017_3_0.png,train,false,false,false,true,false,false
train/017_3_1.png,train,false,false,false,false,false,false
train/017_3_2.png,train,false,false,false,false,false,false
train/017_3_4.png,train,false,false,false,false,false,false
train/017_4_3.png,train,false,false,false,false,false,false
train/017_4_7.png,train,false,false,false,false,false,false
train/017_4_8.png,train,false,true,false,false,false,false
train/017_4_9.png,train,false,true,false,false,false,false
train/018_0_0.png,train,true,false,false,false,false,true
train/018_0_13.png,train,false,false,false,false,true,false
train/018_0_25.png,train,false,false,false,false,false,false
train/018_0_27.png,train,false,false,false,false,false,false
train/018_1_2.png,train,false,false,false,true,false,false
train/018_1_3.png,train,false,false,false,true,false,false
train/018_1_33.png,train,false,false,false,false,false,false
train/018_1_46.png,train,false,false,false,false,false,false
train/018_2_6.png,train,false,true,false,false,false,true
train/018_2_7.png,train,false,true,false,false,false,true
train/018_2_13.png,train,false,false,false,false,false,false
train/018_2_14.png,train,false,false,false,false,false,false
train/019_0_4.png,train,true,false,false,false,false,false
train/019_0_29.png,train,false,false,false,false,false,false
train/019_0_40.png,train,false,false,false,false,false,false
train/019_0_44.png,train,false,false,false,false,false,false
train/019_1_0.png,train,false,false,true,false,false,false
train/019_1_6.png,train,false,false,true,false,false,false
train/019_1_28.png,train,false,false,false,false,false,false
train/019_1_152.png,train,false,false,false,false,false,false
train/019_2_19.png,train,false,false,false,true,false,false
train/019_2_21.png,train,false,false,false,true,false,false
train/019_2_37.png,train,false,false,false,false,false,false
train/019_2_56.png,train,false,false,false,false,false,false
train/020_0_0.png,train,true,false,false,false,true,true
train/020_0_11.png,train,false,false,false,false,false,false
train/020_0_37.png,train,false,false,false,false,false,false
train/020_0_71.png,train,false,false,false,false,false,false
train/020_1_5.png,train,false,false,true,false,false,false
train/020_1_7.png,train,false,false,false,false,false,false
train/020_1_14.png,train,false,false,false,false,false,false
train/020_1_48.png,train,false,false,false,false,false,false
train/020_2_2.png,train,false,false,false,false,false,false
train/020_2_3.png,train,true,false,false,false,false,true
train/020_2_13.png,train,false,false,false,false,false,false
train/020_2_14.png,train,false,false,false,false,false,false
test/021_0_0.png,test,true,false,false,false,false,true
test/021_0_6.png,test,false,false,false,false,true,false
test/021_0_7.png,test,false,false,false,false,false,false
test/021_0_10.png,test,false,false,false,false,true,false
test/021_0_15.png,test,false,false,false,false,false,false
test/021_0_22.png,test,false,false,false,false,false,false
test/021_0_30.png,test,false,false,false,false,false,false
test/021_0_37.png,test,false,false,false,false,false,false
test/021_0_45.png,test,false,false,false,false,false,false
test/021_0_52.png,test,false,false,false,false,false,false
test/021_0_60.png,test,false,false,false,false,false,false
test/021_0_67.png,test,false,false,false,false,false,false
test/021_1_0.png,test,false,false,false,true,false,false
test/021_1_10.png,test,false,false,false,false,false,false
test/021_1_21.png,test,false,false,false,false,false,false
test/021_1_31.png,test,false,false,false,false,false,false
test/021_1_42.png,test,false,false,false,false,false,false
test/021_1_52.png,test,false,false,false,false,false,false
test/021_1_63.png,test,false,false,false,false,false,false
test/021_1_70.png,test,false,false,false,true,false,false
test/021_1_73.png,test,false,false,false,false,false,false
test/021_1_84.png,test,false,false,false,false,false,false
test/021_1_86.png,test,false,false,false,true,false,false
test/021_1_87.png,test,false,false,false,true,false,false
test/021_1_94.png,test,false,false,false,false,false,false
test/021_2_0.png,test,false,false,false,false,false,false
test/021_2_4.png,test,false,false,false,true,false,false
test/021_2_5.png,test,false,false,false,true,false,false
test/021_2_9.png,test,false,false,false,false,false,false
test/021_2_18.png,test,false,false,false,false,false,false
test/021_2_27.png,test,false,false,false,false,false,false
test/021_2_36.png,test,false,false,false,false,false,false
test/021_2_46.png,test,false,false,false,false,false,false
test/021_2_55.png,test,false,false,false,false,false,false
test/021_2_64.png,test,false,false,false,false,false,false
test/021_2_73.png,test,false,false,false,false,false,false
test/021_2_82.png,test,false,false,false,false,false,false
test/022_0_0.png,test,true,false,false,false,false,true
test/022_0_3.png,test,false,false,false,false,true,false
test/022_0_7.png,test,false,false,false,false,false,false
test/022_0_13.png,test,false,false,false,false,false,false
test/022_0_20.png,test,false,false,false,false,false,false
test/022_0_27.png,test,false,false,false,false,false,false
test/022_0_33.png,test,false,false,false,false,false,false
test/022_0_40.png,test,false,false,false,false,false,false
test/022_0_47.png,test,false,false,false,false,false,false
test/022_0_53.png,test,false,false,false,false,false,false
test/022_0_60.png,test,false,false,false,false,false,false
test/022_1_0.png,test,false,false,true,false,false,false
test/022_1_1.png,test,false,false,true,false,false,false
test/022_1_2.png,test,false,false,true,false,false,false
test/022_1_3.png,test,false,false,true,false,false,false
test/022_1_4.png,test,false,false,true,false,false,false
test/022_1_5.png,test,false,false,true,false,false,false
test/022_1_6.png,test,false,false,false,false,false,false
test/022_1_8.png,test,false,false,false,false,false,false
test/022_1_9.png,test,false,false,true,false,false,false
test/022_1_10.png,test,false,false,true,false,false,false
test/022_1_12.png,test,false,false,false,false,false,false
test/022_1_14.png,test,false,false,false,false,false,false
test/022_1_16.png,test,false,false,false,false,false,false
test/022_1_18.png,test,false,false,false,false,false,false
test/022_2_0.png,test,false,false,false,true,false,false
test/022_2_1.png,test,false,false,false,true,false,false
test/022_2_2.png,test,false,false,false,true,false,false
test/022_2_3.png,test,false,false,false,true,false,false
test/022_2_8.png,test,false,false,false,false,false,false
test/022_2_10.png,test,false,false,false,true,false,false
test/022_2_15.png,test,false,false,false,false,false,false
test/022_2_23.png,test,false,false,false,false,false,false
test/022_2_31.png,test,false,false,false,false,false,false
test/022_2_38.png,test,false,false,false,false,false,false
test/022_2_46.png,test,false,false,false,false,false,false
test/022_2_51.png,test,false,false,false,true,false,false
test/022_2_54.png,test,false,false,false,false,false,false
test/022_2_61.png,test,false,false,false,false,false,false
test/022_2_69.png,test,false,false,false,false,false,false
test/022_3_0.png,test,false,false,false,false,false,false
test/022_3_6.png,test,false,false,false,false,false,false
test/022_3_8.png,test,false,false,false,true,false,false
test/022_3_9.png,test,false,false,false,true,false,false
test/022_3_11.png,test,false,false,false,false,false,false
test/022_3_16.png,test,false,false,false,true,false,false
test/022_3_17.png,test,false,false,false,false,false,false
test/022_3_22.png,test,false,false,false,false,false,false
test/022_3_28.png,test,false,false,false,false,false,false
test/022_3_33.png,test,false,false,false,false,false,false
test/022_3_39.png,test,false,false,false,false,false,false
test/022_3_44.png,test,false,false,false,false,false,false
test/022_3_50.png,test,false,false,false,false,false,false
train/023_0_1.png,train,true,false,false,false,false,true
train/023_0_24.png,train,false,false,false,false,false,false
train/023_0_142.png,train,false,false,false,false,false,false
train/023_0_143.png,train,false,false,false,false,false,false
train/023_1_5.png,train,false,false,true,false,false,false
train/023_1_21.png,train,false,false,false,false,false,false
train/023_1_42.png,train,false,false,true,false,false,false
train/023_1_93.png,train,false,false,false,false,false,false
train/023_2_1.png,train,false,false,true,false,false,false
train/023_2_3.png,train,false,false,true,false,false,false
train/023_2_15.png,train,false,false,false,false,false,false
train/023_2_24.png,train,false,false,false,false,false,false
train/023_3_1.png,train,false,false,true,false,false,false
train/023_3_2.png,train,false,false,true,false,false,false
train/023_3_6.png,train,false,false,false,false,false,false
train/023_3_7.png,train,false,false,false,false,false,false
test/024_0_0.png,test,true,false,false,false,false,false
test/024_0_7.png,test,false,false,false,false,false,false
test/024_0_13.png,test,false,false,false,false,false,false
test/024_0_20.png,test,false,false,false,false,false,false
test/024_0_26.png,test,false,false,false,false,false,false
test/024_0_33.png,test,false,false,false,false,false,false
test/024_0_39.png,test,false,false,false,false,false,false
test/024_0_46.png,test,false,false,false,false,false,false
test/024_0_52.png,test,false,false,false,false,false,false
test/024_0_59.png,test,false,false,false,false,false,false
test/024_1_0.png,test,false,false,false,true,false,false
test/024_1_2.png,test,false,false,false,true,false,false
test/024_1_7.png,test,false,false,false,false,false,false
test/024_1_13.png,test,false,false,false,false,false,false
test/024_1_20.png,test,false,false,false,false,false,false
test/024_1_26.png,test,false,false,false,false,false,false
test/024_1_33.png,test,false,false,false,false,false,false
test/024_1_39.png,test,false,false,false,false,false,false
test/024_1_46.png,test,false,false,false,false,false,false
test/024_1_52.png,test,false,false,false,false,false,false
test/024_1_59.png,test,false,false,false,false,false,false
test/024_2_0.png,test,false,false,false,false,false,false
test/024_2_5.png,test,false,false,false,true,false,false
test/024_2_6.png,test,false,false,false,true,false,false
test/024_2_12.png,test,false,false,false,false,false,false
test/024_2_18.png,test,false,false,false,false,false,false
test/024_2_24.png,test,false,false,false,true,false,false
test/024_2_25.png,test,false,false,false,true,false,false
test/024_2_31.png,test,false,false,false,false,false,false
test/024_2_32.png,test,false,false,false,true,false,false
test/024_2_37.png,test,false,false,false,false,false,false
test/024_2_43.png,test,false,false,false,false,false,false
test/024_2_47.png,test,false,false,false,true,false,false
test/024_2_49.png,test,false,false,false,false,false,false
test/024_2_53.png,test,false,false,false,true,false,false
test/024_2_55.png,test,false,false,false,true,false,false
train/025_0_1.png,train,false,false,false,false,true,false
train/025_0_15.png,train,false,false,false,false,false,false
train/025_0_23.png,train,false,false,false,false,true,false
train/025_0_60.png,train,false,false,false,false,false,false
test/026_0_0.png,test,true,false,false,false,false,true
test/026_0_7.png,test,false,false,false,false,false,false
test/026_0_13.png,test,false,false,false,false,false,false
test/026_0_20.png,test,false,false,false,false,false,false
test/026_0_27.png,test,false,false,false,false,false,false
test/026_0_33.png,test,false,false,false,false,false,false
test/026_0_40.png,test,false,false,false,false,false,false
test/026_0_47.png,test,false,false,false,false,false,false
test/026_0_53.png,test,false,false,false,false,false,false
test/026_0_60.png,test,false,false,false,false,false,false
test/026_1_0.png,test,false,false,false,true,false,false
test/026_1_1.png,test,false,false,false,false,false,false
test/026_1_2.png,test,false,false,false,false,false,false
test/026_1_3.png,test,false,false,false,false,false,false
test/026_1_4.png,test,false,false,false,false,false,false
test/026_1_5.png,test,false,false,false,false,false,false
test/026_1_6.png,test,false,false,false,false,false,false
test/026_1_7.png,test,false,false,false,false,false,false
test/026_1_8.png,test,false,false,false,false,false,false
test/026_1_9.png,test,false,false,false,false,false,false
test/026_2_0.png,test,false,false,false,true,false,false
test/026_2_2.png,test,false,false,false,true,false,false
test/026_2_3.png,test,false,false,false,true,false,false
test/026_2_6.png,test,false,false,false,false,false,false
test/026_2_11.png,test,false,false,false,false,false,false
test/026_2_17.png,test,false,false,false,false,false,false
test/026_2_23.png,test,false,false,false,false,false,false
test/026_2_28.png,test,false,false,false,false,false,false
test/026_2_34.png,test,false,false,false,false,false,false
test/026_2_40.png,test,false,false,false,false,false,false
test/026_2_45.png,test,false,false,false,false,false,false
test/026_2_51.png,test,false,false,false,false,false,false
test/027_0_0.png,test,false,false,false,false,false,true
test/027_0_7.png,test,false,false,false,false,false,false
test/027_0_14.png,test,false,false,false,false,false,false
test/027_0_20.png,test,false,false,false,false,false,false
test/027_0_27.png,test,false,false,false,false,false,false
test/027_0_34.png,test,false,false,false,false,false,false
test/027_0_41.png,test,false,false,false,false,false,false
test/027_0_47.png,test,false,false,false,false,false,false
test/027_0_54.png,test,false,false,false,false,false,false
test/027_0_61.png,test,false,false,false,false,false,false
test/028_0_0.png,test,true,false,false,false,false,false
train/029_0_0.png,train,true,false,false,false,true,false
train/029_0_38.png,train,false,false,false,false,false,false
train/029_0_47.png,train,false,false,false,false,false,false
train/029_0_53.png,train,false,false,false,false,false,false
train/030_0_0.png,train,false,false,false,false,false,false
train/030_0_2.png,train,true,false,false,false,true,false
train/030_0_3.png,train,false,false,false,false,true,false
train/030_0_61.png,train,false,false,false,false,false,false
train/031_0_0.png,train,true,false,false,false,false,false
train/031_1_10.png,train,false,false,true,false,false,false
train/031_1_31.png,train,false,false,false,false,false,false
train/031_1_43.png,train,false,false,false,false,false,false
train/031_1_52.png,train,false,false,false,false,false,false
train/032_0_4.png,train,false,false,false,false,true,false
train/032_0_13.png,train,false,false,false,false,false,false
train/032_0_19.png,train,false,false,false,false,false,false
train/032_0_56.png,train,false,false,false,false,false,false
train/032_1_4.png,train,false,false,false,true,false,false
train/032_1_5.png,train,false,false,false,true,false,false
train/032_1_35.png,train,false,false,false,false,false,false
train/032_1_37.png,train,false,false,false,false,false,false
train/032_2_1.png,train,false,false,false,false,true,false
train/032_2_3.png,train,true,false,false,false,false,false
train/032_2_4.png,train,true,true,false,false,false,false
train/032_2_51.png,train,false,false,false,false,false,false
train/033_0_0.png,train,true,false,false,false,true,false
train/033_0_3.png,train,false,false,false,false,true,false
train/033_0_50.png,train,false,false,false,false,false,false
train/033_0_53.png,train,false,false,false,false,false,false
train/034_0_6.png,train,false,false,false,false,true,false
train/034_0_12.png,train,false,false,false,false,false,false
train/034_0_14.png,train,false,false,false,false,false,false
train/034_0_27.png,train,false,false,false,false,false,false
train/035_0_11.png,train,false,false,false,false,false,false
train/035_0_13.png,train,false,false,false,false,false,false
train/035_0_26.png,train,false,false,false,false,false,false
train/035_0_57.png,train,false,false,false,false,false,false
train/035_1_16.png,train,false,false,false,false,false,false
train/035_1_18.png,train,false,false,false,false,false,false
train/035_1_27.png,train,false,false,true,false,false,false
train/035_1_28.png,train,false,false,true,false,false,false
train/035_2_11.png,train,false,false,false,false,false,false
train/035_2_16.png,train,false,false,false,false,false,false
train/035_2_40.png,train,false,false,false,false,false,false
train/035_2_70.png,train,false,true,false,false,false,false
test/036_0_0.png,test,true,false,false,false,false,false
test/036_0_7.png,test,false,false,false,false,false,false
test/036_0_14.png,test,false,false,false,false,false,false
test/036_0_22.png,test,false,false,false,false,false,false
test/036_0_29.png,test,false,false,false,false,false,false
test/036_0_36.png,test,false,false,false,false,false,false
test/036_0_43.png,test,false,false,false,false,false,false
test/036_0_51.png,test,false,false,false,false,false,false
test/036_0_58.png,test,false,false,false,false,false,false
test/036_0_65.png,test,false,false,false,false,false,false
train/037_0_2.png,train,true,false,false,false,false,false
train/037_0_7.png,train,false,false,false,false,false,false
train/037_0_9.png,train,false,false,false,false,false,false
train/037_0_13.png,train,false,false,false,false,false,false
train/037_1_0.png,train,false,false,false,false,false,true
train/037_1_2.png,train,false,false,false,false,false,false
train/037_1_28.png,train,false,false,false,false,false,false
train/037_1_29.png,train,false,false,false,false,false,false
train/037_2_7.png,train,false,false,false,false,false,false
train/037_2_17.png,train,false,false,false,true,false,false
train/037_2_18.png,train,false,false,false,true,false,false
train/037_2_48.png,train,false,false,false,false,false,false
test/038_0_0.png,test,false,false,false,false,false,false
test/038_0_1.png,test,true,false,false,false,false,true
test/038_0_5.png,test,false,false,false,false,false,false
test/038_0_8.png,test,false,false,false,false,true,false
test/038_0_11.png,test,false,false,false,false,false,false
test/038_0_16.png,test,false,false,false,false,false,false
test/038_0_22.png,test,false,false,false,false,false,false
test/038_0_27.png,test,false,false,false,false,false,false
test/038_0_33.png,test,false,false,false,false,false,false
test/038_0_38.png,test,false,false,false,false,false,false
test/038_0_44.png,test,false,false,false,false,false,false
test/038_0_49.png,test,false,false,false,false,false,false
test/038_1_0.png,test,true,false,false,false,false,false
test/038_1_2.png,test,false,false,false,false,false,false
test/038_1_3.png,test,false,false,false,false,false,false
test/038_1_5.png,test,false,false,false,false,false,false
test/038_1_6.png,test,false,false,false,false,false,false
test/038_1_8.png,test,false,false,false,false,false,false
test/038_1_9.png,test,false,false,false,false,false,false
test/038_1_11.png,test,false,false,false,false,false,false
test/038_1_12.png,test,false,false,false,false,false,false
test/038_1_14.png,test,false,false,false,false,false,false
train/039_0_17.png,train,false,false,false,false,false,false
train/039_0_30.png,train,false,false,false,false,false,false
train/039_0_43.png,train,false,false,false,false,false,false
train/039_0_53.png,train,false,false,false,false,false,false
train/040_0_0.png,train,true,false,false,false,false,false
train/040_1_11.png,train,false,false,false,false,false,false
train/040_1_33.png,train,false,false,false,false,false,false
train/040_1_37.png,train,false,false,false,false,false,false
train/040_1_63.png,train,false,false,false,false,false,false
train/041_0_1.png,train,true,false,false,false,false,false
train/041_0_14.png,train,false,false,false,false,false,false
train/041_0_47.png,train,false,false,false,false,false,false
train/041_0_57.png,train,false,false,false,false,false,false
train/041_1_10.png,train,false,false,false,false,false,false
train/041_1_14.png,train,false,false,false,false,false,false
train/041_1_41.png,train,false,false,false,false,false,false
train/041_1_55.png,train,false,false,false,false,false,false
train/043_0_0.png,train,true,false,false,false,false,true
train/043_0_6.png,train,false,false,false,false,false,false
train/043_0_17.png,train,false,false,false,false,false,false
train/043_0_36.png,train,true,false,false,false,false,false
train/043_1_0.png,train,false,false,false,true,false,false
train/043_1_1.png,train,false,false,false,true,false,false
train/043_1_4.png,train,false,false,false,false,false,false
train/043_1_10.png,train,false,false,false,false,false,false
train/043_2_0.png,train,false,false,false,true,false,false
train/043_2_5.png,train,false,false,false,false,false,false
train/043_2_9.png,train,false,false,false,false,false,false
train/043_2_13.png,train,false,false,false,false,false,false
train/043_3_18.png,train,false,false,false,false,false,false
train/043_3_25.png,train,false,false,false,false,false,false
train/043_3_32.png,train,false,false,false,false,false,false
train/043_3_42.png,train,false,false,false,false,false,false
train/044_0_11.png,train,false,false,false,false,false,false
train/044_0_15.png,train,false,false,false,false,false,true
train/044_0_16.png,train,false,false,false,false,false,false
train/044_0_58.png,train,false,false,false,false,false,false
train/045_0_1.png,train,true,false,false,false,false,true
train/045_0_2.png,train,true,false,false,false,false,true
train/045_0_31.png,train,false,false,false,false,false,false
train/045_0_59.png,train,false,false,false,false,false,false
train/045_1_3.png,train,false,false,true,false,false,false
train/045_1_4.png,train,false,false,true,true,false,false
train/045_1_7.png,train,false,false,false,false,false,false
train/045_1_51.png,train,false,false,false,false,false,false
train/046_0_1.png,train,false,false,false,false,false,false
train/046_0_2.png,train,false,false,false,false,false,false
train/046_0_4.png,train,false,false,false,false,false,false
train/046_0_5.png,train,false,false,false,false,false,false
train/046_1_6.png,train,false,false,false,false,false,false
train/046_1_10.png,train,false,false,false,false,false,false
train/046_1_12.png,train,false,false,false,false,false,false
train/046_1_16.png,train,false,false,false,false,false,false
train/047_0_4.png,train,false,false,false,false,false,false
train/047_0_14.png,train,false,false,true,false,false,false
train/047_0_16.png,train,false,false,true,false,false,false
train/047_0_33.png,train,false,false,false,false,false,false
train/047_1_8.png,train,false,false,false,false,false,false
train/047_1_17.png,train,false,false,false,false,false,false
train/047_1_20.png,train,false,false,false,false,false,false
train/047_1_57.png,train,false,false,false,false,false,false
train/048_0_1.png,train,true,false,false,false,true,false
train/048_0_4.png,train,false,false,false,false,true,false
train/048_0_16.png,train,false,false,false,false,false,false
train/048_0_36.png,train,false,false,false,false,false,false
train/048_1_12.png,train,false,false,false,false,false,false
train/048_1_35.png,train,false,false,false,false,false,false
train/048_1_48.png,train,false,false,false,false,false,false
train/048_1_51.png,train,false,false,false,false,false,false
train/049_0_13.png,train,false,false,false,false,false,false
train/049_0_17.png,train,false,false,true,false,false,false
train/049_0_23.png,train,false,false,true,false,false,false
train/049_0_26.png,train,false,false,false,false,false,false
train/049_1_0.png,train,false,false,true,false,false,false
train/049_1_3.png,train,false,false,false,false,false,false
train/049_1_6.png,train,false,false,false,false,false,false
train/049_1_9.png,train,false,false,false,false,false,false
train/049_2_0.png,train,false,false,true,false,false,false
train/049_2_5.png,train,false,false,true,false,false,false
train/049_2_6.png,train,false,false,false,false,false,false
train/049_2_9.png,train,false,false,false,false,false,false
train/049_3_2.png,train,false,true,false,false,false,false
train/049_3_26.png,train,false,true,false,false,false,false
train/049_3_34.png,train,false,false,false,false,false,false
train/049_3_38.png,train,false,false,false,false,false,false
train/050_0_2.png,train,true,false,false,false,false,true
train/050_0_22.png,train,false,false,false,false,false,false
train/050_0_24.png,train,false,false,false,false,false,false
train/050_0_33.png,train,false,false,false,false,false,false
train/050_1_1.png,train,false,false,true,false,false,false
train/050_1_12.png,train,false,false,false,false,false,false
train/050_1_19.png,train,false,false,false,false,false,false
train/050_1_31.png,train,false,false,true,false,false,false
train/050_2_0.png,train,false,false,false,false,false,false
train/050_2_1.png,train,false,false,false,false,false,false
train/050_2_2.png,train,false,false,true,false,false,false
train/050_2_4.png,train,false,false,true,false,false,false
train/051_0_0.png,train,true,false,false,false,false,true
train/051_0_4.png,train,false,false,false,false,true,false
train/051_0_11.png,train,false,false,false,false,false,false
train/051_0_49.png,train,false,false,false,false,false,false
train/052_0_3.png,train,false,false,false,false,true,false
train/052_0_4.png,train,false,false,false,false,true,false
train/052_0_22.png,train,false,false,false,false,false,false
train/052_0_26.png,train,false,false,false,false,false,false
train/052_1_8.png,train,false,false,true,false,false,false
train/052_1_10.png,train,false,false,true,false,false,false
train/052_1_39.png,train,false,false,false,false,false,false
train/052_1_43.png,train,false,false,false,false,false,false
train/054_0_12.png,train,false,false,false,false,false,false
train/054_0_14.png,train,false,false,false,false,false,false
train/054_0_37.png,train,false,false,false,false,false,false
train/054_0_55.png,train,false,false,false,false,false,false
train/055_0_7.png,train,false,false,false,false,false,false
train/055_0_8.png,train,false,false,false,false,false,false
train/055_0_12.png,train,false,false,false,false,false,false
train/055_0_50.png,train,false,false,false,false,false,false
train/055_1_0.png,train,false,false,true,false,false,false
train/055_1_3.png,train,true,false,true,false,false,false
train/055_1_38.png,train,false,false,false,false,false,false
train/055_1_72.png,train,false,false,false,false,false,false
test/056_0_0.png,test,false,false,false,false,false,false
test/056_0_1.png,test,false,false,true,false,false,false
test/056_0_2.png,test,false,false,true,false,false,false
test/056_0_3.png,test,false,false,true,false,false,false
test/056_0_10.png,test,false,false,false,false,false,false
test/056_0_20.png,test,false,false,false,false,false,false
test/056_0_31.png,test,false,false,false,false,false,false
test/056_0_41.png,test,false,false,false,false,false,false
test/056_0_51.png,test,false,false,false,false,false,false
test/056_0_61.png,test,false,false,false,false,false,false
test/056_0_72.png,test,false,false,false,false,false,false
test/056_0_82.png,test,false,false,false,false,false,false
test/056_0_92.png,test,false,false,false,false,false,false
train/058_0_6.png,train,false,false,true,false,false,false
train/058_0_10.png,train,false,false,true,false,false,false
train/058_0_22.png,train,false,false,false,false,false,false
train/058_0_54.png,train,false,false,false,false,false,false
train/058_1_12.png,train,true,false,false,false,false,false
train/058_1_50.png,train,false,false,false,false,false,false
train/058_1_53.png,train,false,false,false,false,false,false
train/058_1_58.png,train,false,false,false,false,false,false
train/059_0_3.png,train,true,false,false,false,true,true
train/059_0_5.png,train,false,false,false,false,true,false
train/059_0_27.png,train,false,false,false,false,false,false
train/059_0_30.png,train,false,false,false,false,false,false
train/060_0_3.png,train,false,false,false,false,true,false
train/060_0_11.png,train,false,false,false,false,true,false
train/060_0_16.png,train,false,false,false,false,false,false
train/060_0_19.png,train,false,false,false,false,false,false
test/063_0_0.png,test,false,false,false,false,false,false
test/063_0_1.png,test,true,false,false,false,false,true
test/063_0_8.png,test,false,false,false,false,false,false
test/063_0_15.png,test,false,false,false,false,false,false
test/063_0_23.png,test,false,false,false,false,false,false
test/063_0_30.png,test,false,false,false,false,false,false
test/063_0_38.png,test,false,false,false,false,false,false
test/063_0_45.png,test,false,false,false,false,false,false
test/063_0_53.png,test,false,false,false,false,false,false
test/063_0_60.png,test,false,false,false,false,false,false
test/063_0_68.png,test,false,false,false,false,false,false
train/064_0_3.png,train,false,true,false,false,false,false
train/064_0_14.png,train,false,true,false,false,false,false
train/064_0_16.png,train,false,false,false,false,false,false
train/064_0_22.png,train,false,false,false,false,false,false
test/066_0_0.png,test,true,false,false,false,false,false
test/066_0_1.png,test,false,false,false,false,true,false
test/066_0_4.png,test,false,false,false,false,true,false
test/066_0_6.png,test,false,false,false,false,false,false
test/066_0_13.png,test,false,false,false,false,false,false
test/066_0_19.png,test,false,false,false,false,false,false
test/066_0_26.png,test,false,false,false,false,false,false
test/066_0_32.png,test,false,false,false,false,false,false
test/066_0_39.png,test,false,false,false,false,false,false
test/066_0_45.png,test,false,false,false,false,false,false
test/066_0_52.png,test,false,false,false,false,false,false
test/066_0_58.png,test,false,false,false,false,false,false
train/067_0_5.png,train,false,false,false,false,false,false
train/067_0_15.png,train,false,false,false,false,false,false
train/067_0_24.png,train,false,false,false,false,false,false
train/067_0_49.png,train,false,false,false,false,false,false
test/068_0_0.png,test,true,false,false,false,false,false
test/068_0_7.png,test,false,false,false,false,false,false
test/068_0_13.png,test,false,false,false,false,false,false
test/068_0_20.png,test,false,false,false,false,false,false
test/068_0_26.png,test,false,false,false,false,false,false
test/068_0_33.png,test,false,false,false,false,false,false
test/068_0_39.png,test,false,false,false,false,false,false
test/068_0_46.png,test,false,false,false,false,false,false
test/068_0_52.png,test,false,false,false,false,false,false
test/068_0_59.png,test,false,false,false,false,false,false
train/070_0_33.png,train,false,false,false,false,false,false
train/070_0_35.png,train,false,false,false,false,false,false
train/070_0_42.png,train,false,false,false,false,false,false
train/070_0_50.png,train,false,false,false,false,false,false
train/070_1_1.png,train,false,false,false,false,false,false
train/070_1_10.png,train,true,false,false,false,true,false
train/070_1_30.png,train,false,false,false,false,false,false
train/070_1_49.png,train,false,false,false,false,false,false
train/072_0_24.png,train,false,false,false,false,false,false
train/072_0_34.png,train,false,false,false,false,false,false
train/072_0_44.png,train,false,false,false,false,false,false
train/072_0_56.png,train,false,false,false,false,false,false
test/073_0_0.png,test,true,false,false,false,false,false
test/073_0_4.png,test,false,false,false,false,true,false
test/073_0_5.png,test,false,false,false,false,true,false
test/073_0_7.png,test,false,false,false,false,false,false
test/073_0_13.png,test,false,false,false,false,false,false
test/073_0_20.png,test,false,false,false,false,false,false
test/073_0_26.png,test,false,false,false,false,false,false
test/073_0_33.png,test,false,false,false,false,false,false
test/073_0_39.png,test,false,false,false,false,false,false
test/073_0_46.png,test,false,false,false,false,false,false
test/073_0_52.png,test,false,false,false,false,false,false
test/073_0_59.png,test,false,false,false,false,false,false
train/074_0_12.png,train,false,false,false,false,false,false
train/074_0_19.png,train,true,false,false,false,false,true
train/074_0_23.png,train,false,false,false,false,false,false
train/074_0_25.png,train,false,false,false,false,false,false
test/077_0_0.png,test,false,false,false,false,true,true
test/077_0_6.png,test,false,false,false,false,false,false
test/077_0_13.png,test,false,false,false,false,false,false
test/077_0_19.png,test,false,false,false,false,false,false
test/077_0_26.png,test,false,false,false,false,false,false
test/077_0_32.png,test,false,false,false,false,false,false
test/077_0_39.png,test,false,false,false,false,false,false
test/077_0_45.png,test,false,false,false,false,false,false
test/077_0_52.png,test,false,false,false,false,false,false
test/077_0_58.png,test,false,false,false,false,false,false
test/082_0_0.png,test,false,false,false,false,false,false
test/082_0_1.png,test,true,false,false,false,true,false
test/082_0_8.png,test,false,false,false,false,false,false
test/082_0_16.png,test,false,false,false,false,false,false
test/082_0_24.png,test,false,false,false,false,false,false
test/082_0_32.png,test,false,false,false,false,false,false
test/082_0_39.png,test,false,false,false,false,false,false
test/082_0_47.png,test,false,false,false,false,false,false
test/082_0_55.png,test,false,false,false,false,false,false
test/082_0_63.png,test,false,false,false,false,false,false
test/082_0_71.png,test,false,false,false,false,false,false
test/084_0_0.png,test,false,false,false,false,false,false
test/084_0_8.png,test,false,false,false,false,false,false
test/084_0_16.png,test,false,false,false,false,false,false
test/084_0_23.png,test,false,false,false,false,false,false
test/084_0_31.png,test,false,false,false,false,false,false
test/084_0_39.png,test,false,false,false,false,false,false
test/084_0_47.png,test,false,false,false,false,false,false
test/084_0_54.png,test,false,false,false,false,false,false
test/084_0_62.png,test,false,false,false,false,false,false
test/084_0_70.png,test,false,false,false,false,false,false
test/086_0_0.png,test,false,false,false,false,false,true
test/086_0_6.png,test,false,false,false,false,false,false
test/086_0_13.png,test,false,false,false,false,false,false
test/086_0_19.png,test,false,false,false,false,false,false
test/086_0_25.png,test,false,false,false,false,false,false
test/086_0_32.png,test,false,false,false,false,false,false
test/086_0_38.png,test,false,false,false,false,false,false
test/086_0_44.png,test,false,false,false,false,false,false
test/086_0_51.png,test,false,false,false,false,false,false
test/086_0_57.png,test,false,false,false,false,false,false
train/088_0_13.png,train,false,false,false,false,false,false
train/088_0_21.png,train,false,false,false,false,false,false
train/088_0_42.png,train,false,false,false,false,false,false
train/088_0_43.png,train,false,false,false,false,false,false
train/089_0_52.png,train,false,false,false,false,false,false
train/089_0_57.png,train,false,false,false,false,false,false
train/089_0_58.png,train,false,false,false,false,false,false
train/089_0_61.png,train,false,false,false,false,false,false
train/090_0_0.png,train,true,false,false,false,false,true
train/090_0_10.png,train,false,false,false,false,false,false
train/090_0_11.png,train,false,false,false,false,false,false
train/090_0_37.png,train,false,false,false,false,false,false
test/091_0_0.png,test,false,false,false,false,false,false
test/091_0_2.png,test,false,false,false,true,false,false
test/091_0_7.png,test,false,false,false,false,false,false
test/091_0_14.png,test,false,false,false,false,false,false
test/091_0_20.png,test,false,false,false,false,false,false
test/091_0_27.png,test,false,false,false,false,false,false
test/091_0_34.png,test,false,false,false,false,false,false
test/091_0_41.png,test,false,false,false,false,false,false
test/091_0_43.png,test,false,false,false,true,false,false
test/091_0_47.png,test,false,false,false,false,false,false
test/091_0_54.png,test,false,false,false,false,false,false
test/091_0_56.png,test,false,false,false,true,false,false
test/091_0_57.png,test,false,false,false,true,false,false
test/091_0_61.png,test,false,false,false,false,false,false
train/092_0_0.png,train,true,false,false,false,false,true
train/092_0_43.png,train,false,false,false,false,false,false
train/092_0_50.png,train,false,false,false,false,false,false
train/092_0_54.png,train,false,false,false,false,false,false
train/093_0_0.png,train,true,false,false,false,false,true
train/093_1_11.png,train,false,false,false,false,false,false
train/093_1_16.png,train,false,false,false,false,false,false
train/093_1_37.png,train,false,false,false,false,false,false
train/093_1_56.png,train,false,false,false,false,false,false
train/097_0_0.png,train,true,false,false,false,false,true
train/097_0_3.png,train,false,false,false,false,false,false
train/097_0_17.png,train,false,false,false,false,false,false
train/097_0_38.png,train,false,false,false,false,false,false
test/098_0_0.png,test,true,false,false,false,false,true
test/098_0_10.png,test,false,false,false,false,false,false
test/098_0_20.png,test,false,false,false,false,false,false
test/098_0_30.png,test,false,false,false,false,false,false
test/098_0_40.png,test,false,false,false,false,false,false
test/098_0_49.png,test,false,false,false,false,false,false
test/098_0_59.png,test,false,false,false,false,false,false
test/098_0_69.png,test,false,false,false,false,false,false
test/098_0_79.png,test,false,false,false,false,false,false
test/098_0_89.png,test,false,false,false,false,false,false
test/098_1_0.png,test,false,false,false,false,false,false
test/098_1_1.png,test,false,false,false,true,false,false
test/098_1_2.png,test,false,false,false,true,false,false
test/098_1_4.png,test,false,false,false,true,false,false
test/098_1_5.png,test,false,false,false,true,false,false
test/098_1_10.png,test,false,false,false,false,false,false
test/098_1_15.png,test,false,false,false,false,false,false
test/098_1_20.png,test,false,false,false,false,false,false
test/098_1_24.png,test,false,false,false,false,false,false
test/098_1_29.png,test,false,false,false,false,false,false
test/098_1_34.png,test,false,false,false,false,false,false
test/098_1_39.png,test,false,false,false,false,false,false
test/098_1_44.png,test,false,false,false,false,false,false
test/098_2_0.png,test,false,false,false,false,false,false
test/098_2_5.png,test,false,false,false,false,false,false
test/098_2_10.png,test,false,false,false,false,false,false
test/098_2_15.png,test,false,false,false,false,false,false
test/098_2_20.png,test,false,false,false,false,false,false
test/098_2_26.png,test,false,false,false,false,false,false
test/098_2_30.png,test,false,false,false,true,false,false
test/098_2_31.png,test,false,false,false,true,false,false
test/098_2_36.png,test,false,false,false,false,false,false
test/098_2_41.png,test,false,false,false,false,false,false
test/098_2_46.png,test,false,false,false,false,false,false
train/099_0_18.png,train,false,false,false,false,false,false
train/099_0_28.png,train,false,false,false,false,false,false
train/099_0_43.png,train,false,false,false,false,false,false
train/099_0_56.png,train,false,false,false,false,false,false
train/099_1_4.png,train,false,false,false,false,false,false
train/099_1_10.png,train,false,false,false,false,false,false
train/099_1_18.png,train,false,true,false,false,false,false
train/099_1_51.png,train,false,true,false,false,false,false
test/aaaaaaar_0_0.png,test,true,false,false,false,false,true
test/aaaaaaar_0_1.png,test,false,false,false,false,true,false
test/aaaaaaar_0_9.png,test,false,false,false,false,false,false
test/aaaaaaar_0_17.png,test,false,false,false,false,false,false
test/aaaaaaar_0_26.png,test,false,false,false,false,false,false
test/aaaaaaar_0_35.png,test,false,false,false,false,false,false
test/aaaaaaar_0_43.png,test,false,false,false,false,false,false
test/aaaaaaar_0_52.png,test,false,false,false,false,false,false
test/aaaaaaar_0_61.png,test,false,false,false,false,false,false
test/aaaaaaar_0_69.png,test,false,false,false,false,false,true
test/aaaaaaar_0_74.png,test,false,false,false,false,true,true
test/aaaaaaar_0_78.png,test,false,false,false,false,false,false
test/aaaaaabs_0_0.png,test,false,false,false,false,false,false
test/aaaaaabs_0_4.png,test,false,false,false,false,false,false
test/aaaaaabs_0_9.png,test,false,false,false,false,false,false
test/aaaaaabs_0_13.png,test,false,false,false,false,false,false
test/aaaaaabs_0_17.png,test,false,false,false,false,false,false
test/aaaaaabs_0_22.png,test,false,false,false,false,false,false
test/aaaaaabs_0_26.png,test,false,false,false,false,false,false
test/aaaaaabs_0_30.png,test,false,true,false,false,false,false
test/aaaaaabs_0_35.png,test,false,false,false,false,false,false
test/aaaaaabs_0_39.png,test,false,false,false,false,false,false
test/aaaaaaci_0_0.png,test,false,false,false,false,false,true
test/aaaaaaci_0_1.png,test,true,true,false,false,false,false
test/aaaaaaci_0_2.png,test,false,false,false,false,false,false
test/aaaaaaci_0_3.png,test,false,false,false,false,false,false
test/aaaaaaci_0_4.png,test,true,true,false,false,true,true
test/aaaaaaci_0_5.png,test,false,false,false,false,true,false
test/aaaaaaci_0_6.png,test,false,false,false,false,false,false
test/aaaaaaci_0_7.png,test,false,false,false,false,false,false
test/aaaaaaci_0_8.png,test,false,false,false,false,false,false
test/aaaaaaci_0_9.png,test,false,false,false,false,false,false
test/aaaaaadd_0_0.png,test,true,false,false,false,false,false
test/aaaaaadd_0_3.png,test,true,false,false,false,false,false
test/aaaaaadd_0_6.png,test,false,false,false,false,false,false
test/aaaaaadd_0_10.png,test,false,false,false,false,false,false
test/aaaaaadd_0_13.png,test,false,false,false,false,false,false
test/aaaaaadd_0_16.png,test,false,false,false,false,false,false
test/aaaaaadd_0_19.png,test,false,false,false,false,false,false
test/aaaaaadd_0_23.png,test,false,false,false,false,false,false
test/aaaaaadd_0_26.png,test,false,false,false,false,false,false
test/aaaaaadd_0_29.png,test,false,false,false,false,false,false
test/aaaaaadg_0_0.png,test,false,false,false,false,false,true
test/aaaaaadg_0_2.png,test,false,false,false,false,false,false
test/aaaaaadg_0_3.png,test,false,false,false,false,false,false
test/aaaaaadg_0_5.png,test,false,false,false,false,false,false
test/aaaaaadg_0_6.png,test,false,false,false,false,false,false
test/aaaaaadg_0_8.png,test,false,false,false,false,false,false
test/aaaaaadg_0_9.png,test,false,false,false,false,false,false
test/aaaaaadg_0_11.png,test,false,false,false,false,false,false
test/aaaaaadg_0_12.png,test,false,false,false,false,false,false
test/aaaaaadg_0_13.png,test,false,false,false,false,false,true
test/aaaaaadg_0_14.png,test,false,false,false,false,false,false
test/aaaaaadg_1_0.png,test,false,false,false,false,false,true
test/aaaaaadg_1_2.png,test,false,false,false,false,false,false
test/aaaaaadg_1_3.png,test,false,false,false,false,false,false
test/aaaaaadg_1_5.png,test,false,false,false,false,false,true
test/aaaaaadg_1_6.png,test,false,false,false,false,false,false
test/aaaaaadg_1_8.png,test,false,false,false,false,false,false
test/aaaaaadg_1_9.png,test,false,false,false,false,false,false
test/aaaaaadg_1_11.png,test,false,false,false,false,false,false
test/aaaaaadg_1_12.png,test,false,false,false,false,false,false
test/aaaaaadg_1_14.png,test,false,false,false,false,false,false
train/aaaaaadk_0_5.png,train,false,false,false,false,false,false
train/aaaaaadk_0_6.png,train,false,true,false,false,false,false
train/aaaaaadk_0_8.png,train,false,false,false,false,false,false
train/aaaaaadk_0_19.png,train,false,false,false,false,false,false
train/aaaaaadm_0_2.png,train,false,false,false,false,true,false
train/aaaaaadm_0_7.png,train,false,false,false,false,false,false
train/aaaaaadm_0_19.png,train,false,false,false,false,false,false
train/aaaaaadm_0_26.png,train,false,false,false,false,true,false
train/aaaaaadn_0_0.png,train,false,false,false,false,false,true
train/aaaaaadn_0_11.png,train,false,false,false,false,false,false
train/aaaaaadn_0_13.png,train,false,false,false,false,false,false
train/aaaaaadn_0_22.png,train,false,false,false,false,false,false
test/aaaaaads_0_0.png,test,true,false,false,false,false,false
test/aaaaaads_0_4.png,test,false,false,false,false,false,false
test/aaaaaads_0_8.png,test,false,false,false,false,false,false
test/aaaaaads_0_9.png,test,false,false,false,false,false,true
test/aaaaaads_0_10.png,test,false,false,false,false,false,true
test/aaaaaads_0_12.png,test,false,false,false,false,false,false
test/aaaaaads_0_16.png,test,false,false,false,false,false,false
test/aaaaaads_0_21.png,test,false,false,false,false,false,false
test/aaaaaads_0_25.png,test,false,false,false,false,false,false
test/aaaaaads_0_29.png,test,false,false,false,false,false,false
test/aaaaaads_0_33.png,test,false,false,false,false,false,false
test/aaaaaads_0_37.png,test,false,false,false,false,false,false
train/aaaaaadt_0_3.png,train,false,false,false,false,true,false
train/aaaaaadt_0_18.png,train,false,false,false,false,false,false
train/aaaaaadt_0_20.png,train,false,false,false,false,false,false
train/aaaaaadt_0_28.png,train,false,false,false,false,false,true
train/aaaaaadx_0_3.png,train,true,true,false,false,false,false
train/aaaaaadx_0_5.png,train,false,false,false,false,false,false
train/aaaaaadx_0_8.png,train,false,true,false,false,false,false
train/aaaaaadx_0_29.png,train,false,false,false,false,false,false
train/aaaaaadz_0_9.png,train,false,false,false,false,false,false
train/aaaaaadz_0_18.png,train,true,false,false,false,true,false
train/aaaaaadz_0_19.png,train,false,false,false,false,false,false
train/aaaaaadz_0_22.png,train,false,false,false,false,true,false
test/aaaaaaer_0_0.png,test,false,false,false,false,false,false
test/aaaaaaer_0_7.png,test,false,false,false,false,false,false
test/aaaaaaer_0_14.png,test,true,false,false,false,true,true
test/aaaaaaer_0_15.png,test,true,false,false,false,false,true
test/aaaaaaer_0_21.png,test,false,false,false,false,false,false
test/aaaaaaer_0_22.png,test,false,false,false,false,true,true
test/aaaaaaer_0_28.png,test,false,false,false,false,false,false
test/aaaaaaer_0_36.png,test,false,false,false,false,false,false
test/aaaaaaer_0_43.png,test,false,false,false,false,false,false
test/aaaaaaer_0_50.png,test,false,false,false,false,false,false
test/aaaaaaer_0_57.png,test,false,false,false,false,false,false
test/aaaaaaer_0_64.png,test,false,false,false,false,false,false
test/aaaaaaet_0_0.png,test,false,false,false,false,false,false
test/aaaaaaet_0_31.png,test,false,false,false,false,false,false
test/aaaaaaet_0_61.png,test,false,false,false,false,false,false
test/aaaaaaet_0_92.png,test,false,false,false,false,false,false
test/aaaaaaet_0_122.png,test,false,false,false,false,false,false
test/aaaaaaet_0_153.png,test,false,false,false,false,false,false
test/aaaaaaet_0_163.png,test,true,false,false,false,false,true
test/aaaaaaet_0_183.png,test,false,false,false,false,false,false
test/aaaaaaet_0_214.png,test,false,false,false,false,false,false
test/aaaaaaet_0_244.png,test,false,false,false,false,false,false
test/aaaaaaet_0_275.png,test,false,false,false,false,false,false
train/aaaaaaff_0_13.png,train,false,false,false,false,true,false
train/aaaaaaff_0_15.png,train,false,false,false,false,false,true
train/aaaaaaff_0_36.png,train,false,false,false,false,false,false
train/aaaaaaff_0_46.png,train,false,false,false,false,false,false
train/aaaaaafi_0_4.png,train,true,true,false,false,false,false
train/aaaaaafi_0_10.png,train,false,true,false,false,false,false
train/aaaaaafi_0_21.png,train,false,false,false,false,false,false
train/aaaaaafi_0_74.png,train,false,false,false,false,false,false
train/aaaaaafx_0_0.png,train,true,false,false,false,false,false
train/aaaaaafx_0_14.png,train,false,false,false,false,false,false
train/aaaaaafx_0_51.png,train,false,false,false,false,false,false
train/aaaaaafx_0_66.png,train,false,false,false,false,false,false
train/aaaaaagq_0_9.png,train,false,false,false,false,false,true
train/aaaaaagq_0_10.png,train,false,false,false,false,false,true
train/aaaaaagq_0_41.png,train,false,false,false,false,false,false
train/aaaaaagq_0_49.png,train,false,false,false,false,false,false
test/aaaaaagx_0_0.png,test,false,false,false,false,false,false
test/aaaaaagx_0_9.png,test,true,false,false,false,false,true
test/aaaaaagx_0_15.png,test,false,false,false,false,true,false
test/aaaaaagx_0_17.png,test,false,false,false,false,false,false
test/aaaaaagx_0_24.png,test,false,false,false,false,true,false
test/aaaaaagx_0_26.png,test,false,false,false,false,false,false
test/aaaaaagx_0_35.png,test,false,false,false,false,false,false
test/aaaaaagx_0_43.png,test,false,false,false,false,false,false
test/aaaaaagx_0_52.png,test,false,false,false,false,false,false
test/aaaaaagx_0_61.png,test,false,false,false,false,false,false
test/aaaaaagx_0_62.png,test,false,false,false,false,false,true
test/aaaaaagx_0_63.png,test,false,false,false,false,true,true
test/aaaaaagx_0_64.png,test,false,false,false,false,true,true
test/aaaaaagx_0_69.png,test,false,false,false,false,false,false
test/aaaaaagx_0_78.png,test,false,false,false,false,false,false
train/aaaaaahm_0_0.png,train,true,false,false,false,false,true
train/aaaaaahm_0_14.png,train,true,false,false,false,false,true
train/aaaaaahm_0_16.png,train,true,false,false,false,false,false
train/aaaaaahm_0_47.png,train,false,false,false,false,false,false
train/aaaaaahp_0_5.png,train,false,false,false,false,false,false
train/aaaaaahp_0_8.png,train,false,false,false,false,false,false
train/aaaaaahp_0_11.png,train,false,false,false,false,false,false
train/aaaaaahp_0_14.png,train,false,false,false,false,false,false
test/aaaaaahr_0_0.png,test,true,false,false,false,false,false
test/aaaaaahr_0_8.png,test,false,false,false,false,false,false
test/aaaaaahr_0_16.png,test,false,false,false,false,false,false
test/aaaaaahr_0_23.png,test,false,false,false,false,false,false
test/aaaaaahr_0_25.png,test,false,false,false,false,false,true
test/aaaaaahr_0_31.png,test,false,false,false,false,false,false
test/aaaaaahr_0_39.png,test,false,false,false,false,false,false
test/aaaaaahr_0_47.png,test,false,false,false,false,false,false
test/aaaaaahr_0_54.png,test,false,false,false,false,false,false
test/aaaaaahr_0_62.png,test,false,false,false,false,false,false
test/aaaaaahr_0_70.png,test,false,false,false,false,false,false
test/aaaaaaie_0_0.png,test,false,false,false,false,false,true
test/aaaaaaie_0_4.png,test,false,false,false,false,false,true
test/aaaaaaie_0_8.png,test,false,false,false,false,false,false
test/aaaaaaie_0_16.png,test,false,false,false,false,false,false
test/aaaaaaie_0_24.png,test,false,false,false,true,false,false
test/aaaaaaie_0_28.png,test,true,true,false,false,false,false
test/aaaaaaie_0_32.png,test,false,false,false,false,false,false
test/aaaaaaie_0_33.png,test,false,false,false,true,false,false
test/aaaaaaie_0_34.png,test,false,false,false,true,false,false
test/aaaaaaie_0_41.png,test,false,false,false,false,false,false
test/aaaaaaie_0_49.png,test,false,false,false,false,false,false
test/aaaaaaie_0_57.png,test,false,false,false,false,false,false
test/aaaaaaie_0_65.png,test,false,false,false,false,false,false
test/aaaaaaie_0_73.png,test,false,false,false,false,false,false
test/aaaaaajc_0_0.png,test,false,false,false,false,false,false
test/aaaaaajc_0_1.png,test,false,false,false,true,false,false
test/aaaaaajc_0_2.png,test,true,true,false,false,false,true
test/aaaaaajc_0_3.png,test,false,false,false,false,false,true
test/aaaaaajc_0_7.png,test,false,false,false,false,false,false
test/aaaaaajc_0_11.png,test,false,false,false,false,true,false
test/aaaaaajc_0_12.png,test,false,false,false,false,false,true
test/aaaaaajc_0_13.png,test,false,false,false,false,true,true
test/aaaaaajc_0_14.png,test,false,false,false,false,false,false
test/aaaaaajc_0_20.png,test,false,false,false,false,false,false
test/aaaaaajc_0_27.png,test,false,false,false,false,false,false
test/aaaaaajc_0_34.png,test,false,false,false,false,false,false
test/aaaaaajc_0_41.png,test,false,false,false,false,false,false
test/aaaaaajc_0_42.png,test,false,false,false,false,true,false
test/aaaaaajc_0_43.png,test,false,false,false,false,true,false
test/aaaaaajc_0_44.png,test,false,false,false,false,true,false
test/aaaaaajc_0_47.png,test,false,false,false,false,false,false
test/aaaaaajc_0_52.png,test,false,false,false,false,true,false
test/aaaaaajc_0_54.png,test,false,false,false,false,false,false
test/aaaaaajc_0_60.png,test,false,false,false,false,false,true
test/aaaaaajc_0_61.png,test,false,false,false,false,false,false
train/aaaaaajg_0_0.png,train,true,false,false,false,false,true
train/aaaaaajg_0_9.png,train,false,false,false,false,false,false
train/aaaaaajg_0_43.png,train,true,false,false,false,false,false
train/aaaaaajg_0_52.png,train,false,false,false,false,false,false
test/aaaaaako_0_0.png,test,false,false,false,false,false,true
test/aaaaaako_0_6.png,test,false,false,false,false,false,false
test/aaaaaako_0_12.png,test,false,false,false,false,false,false
test/aaaaaako_0_19.png,test,false,false,false,false,false,false
test/aaaaaako_0_25.png,test,false,false,false,false,false,false
test/aaaaaako_0_31.png,test,false,false,false,false,false,false
test/aaaaaako_0_33.png,test,false,false,false,false,false,true
test/aaaaaako_0_37.png,test,false,false,false,false,false,false
test/aaaaaako_0_44.png,test,false,false,false,false,false,false
test/aaaaaako_0_50.png,test,false,false,false,false,false,false
test/aaaaaako_0_56.png,test,false,false,false,false,false,false
train/aaaaaalp_0_24.png,train,false,false,false,false,false,true
train/aaaaaalp_0_37.png,train,false,false,false,false,false,true
train/aaaaaalp_0_65.png,train,false,false,false,false,false,false
train/aaaaaalp_0_75.png,train,false,false,false,false,false,false
test/aaaaaamc_0_0.png,test,false,false,false,false,false,false
test/aaaaaamc_0_2.png,test,false,true,false,false,false,false
test/aaaaaamc_0_3.png,test,false,false,false,false,false,false
test/aaaaaamc_0_6.png,test,false,false,false,false,false,false
test/aaaaaamc_0_8.png,test,true,true,false,false,false,true
test/aaaaaamc_0_10.png,test,false,false,false,false,false,false
test/aaaaaamc_0_13.png,test,false,false,false,false,false,false
test/aaaaaamc_0_14.png,test,false,true,false,false,false,false
test/aaaaaamc_0_15.png,test,false,false,false,false,false,true
test/aaaaaamc_0_16.png,test,false,true,false,false,false,false
test/aaaaaamc_0_19.png,test,false,false,false,false,false,false
test/aaaaaamc_0_21.png,test,false,false,false,false,false,true
test/aaaaaamc_0_23.png,test,false,false,false,false,false,false
test/aaaaaamc_0_26.png,test,false,false,false,false,false,false
test/aaaaaamc_0_29.png,test,false,false,false,false,false,false
train/aaaaaamd_0_0.png,train,false,false,false,false,false,true
train/aaaaaamd_0_4.png,train,false,false,false,false,false,false
train/aaaaaamd_0_16.png,train,false,false,false,false,false,false
train/aaaaaamd_0_18.png,train,false,false,false,false,false,false
train/aaaaaamm_0_7.png,train,false,false,false,false,false,false
train/aaaaaamm_0_14.png,train,false,false,false,false,false,true
train/aaaaaamm_0_19.png,train,false,false,false,false,false,false
train/aaaaaamm_0_22.png,train,false,false,false,false,false,false
train/aaaaaaof_0_2.png,train,false,false,false,false,false,false
train/aaaaaaof_0_3.png,train,false,false,false,false,false,true
train/aaaaaaof_0_4.png,train,false,true,false,false,false,true
train/aaaaaaof_0_23.png,train,false,false,false,false,false,false
train/aaaaaaoy_0_27.png,train,true,false,false,false,false,true
train/aaaaaaoy_0_28.png,train,false,false,false,false,false,true
train/aaaaaaoy_0_32.png,train,false,false,false,false,false,false
train/aaaaaaoy_0_53.png,train,false,false,false,false,false,false
train/aaaaaaqg_0_1.png,train,true,true,false,false,false,false
train/aaaaaaqg_0_6.png,train,false,false,false,false,false,false
train/aaaaaaqg_0_40.png,train,false,false,false,false,false,false
train/aaaaaaqg_0_54.png,train,false,false,false,false,false,false
train/aaaaaaqz_0_0.png,train,true,false,false,false,false,false
train/aaaaaaqz_0_7.png,train,true,false,false,false,false,true
train/aaaaaaqz_0_23.png,train,false,false,false,false,false,false
train/aaaaaaqz_0_26.png,train,false,false,false,false,false,false
train/aaaaaasu_0_3.png,train,false,false,false,false,false,true
train/aaaaaasu_0_8.png,train,false,false,true,false,false,true
train/aaaaaasu_0_14.png,train,false,false,false,false,false,false
train/aaaaaasu_0_62.png,train,false,false,false,false,false,false
test/aaaaaatm_0_0.png,test,false,false,false,false,false,false
test/aaaaaatm_0_3.png,test,false,false,true,false,false,false
test/aaaaaatm_0_7.png,test,false,false,false,false,false,false
test/aaaaaatm_0_13.png,test,false,false,false,false,false,false
test/aaaaaatm_0_20.png,test,false,false,false,false,false,false
test/aaaaaatm_0_27.png,test,false,false,false,false,false,false
test/aaaaaatm_0_33.png,test,false,false,false,false,false,false
test/aaaaaatm_0_40.png,test,false,false,false,false,false,false
test/aaaaaatm_0_47.png,test,false,false,false,false,false,false
test/aaaaaatm_0_53.png,test,false,false,false,false,false,false
test/aaaaaatm_0_60.png,test,false,false,false,false,false,false
test/aaaaaatx_0_0.png,test,false,false,false,true,false,false
test/aaaaaatx_0_1.png,test,false,false,false,true,false,false
test/aaaaaatx_0_2.png,test,false,false,false,true,false,false
test/aaaaaatx_0_10.png,test,false,false,false,false,false,false
test/aaaaaatx_0_19.png,test,false,false,false,false,false,false
test/aaaaaatx_0_29.png,test,false,false,false,false,false,false
test/aaaaaatx_0_38.png,test,false,false,false,false,false,false
test/aaaaaatx_0_48.png,test,false,false,false,false,false,false
test/aaaaaatx_0_57.png,test,false,false,false,false,false,false
test/aaaaaatx_0_67.png,test,false,false,false,false,false,false
test/aaaaaatx_0_69.png,test,false,false,false,true,false,false
test/aaaaaatx_0_70.png,test,false,false,false,true,false,false
test/aaaaaatx_0_71.png,test,false,false,false,true,false,false
test/aaaaaatx_0_76.png,test,false,false,false,false,false,false
test/aaaaaatx_0_86.png,test,false,false,false,false,false,false
test/aaaaaatx_1_0.png,test,false,false,false,true,false,false
test/aaaaaatx_1_1.png,test,false,false,false,true,false,false
test/aaaaaatx_1_3.png,test,false,false,false,false,false,false
test/aaaaaatx_1_6.png,test,false,false,false,false,false,false
test/aaaaaatx_1_10.png,test,false,false,false,false,false,false
test/aaaaaatx_1_13.png,test,false,false,false,false,false,false
test/aaaaaatx_1_16.png,test,false,false,false,false,false,false
test/aaaaaatx_1_19.png,test,false,false,false,false,false,false
test/aaaaaatx_1_23.png,test,false,false,false,false,false,false
test/aaaaaatx_1_26.png,test,false,false,false,false,false,false
test/aaaaaatx_1_29.png,test,false,false,false,false,false,false
test/aaaaaatx_2_0.png,test,false,false,false,true,false,false
test/aaaaaatx_2_1.png,test,false,false,false,true,false,false
test/aaaaaatx_2_2.png,test,false,false,false,false,false,false
test/aaaaaatx_2_3.png,test,false,false,false,false,false,false
test/aaaaaatx_2_5.png,test,false,false,false,false,false,false
test/aaaaaatx_2_6.png,test,false,false,false,false,false,false
test/aaaaaatx_2_8.png,test,false,false,false,false,false,false
test/aaaaaatx_2_9.png,test,false,false,false,false,false,false
test/aaaaaatx_2_11.png,test,false,false,false,false,false,false
test/aaaaaatx_2_12.png,test,false,false,false,false,false,false
test/aaaaaatx_2_14.png,test,false,false,false,false,false,false
test/aaaaaatx_3_0.png,test,false,false,false,true,false,false
test/aaaaaatx_3_1.png,test,false,false,false,true,false,false
test/aaaaaatx_3_2.png,test,false,false,false,true,false,false
test/aaaaaatx_3_5.png,test,false,false,false,false,false,false
test/aaaaaatx_3_10.png,test,false,false,false,false,false,false
test/aaaaaatx_3_15.png,test,false,false,false,false,false,false
test/aaaaaatx_3_20.png,test,false,false,false,false,false,false
test/aaaaaatx_3_25.png,test,false,false,false,false,false,false
test/aaaaaatx_3_30.png,test,false,false,false,false,false,false
test/aaaaaatx_3_35.png,test,false,false,false,false,false,false
test/aaaaaatx_3_40.png,test,false,false,false,false,false,false
test/aaaaaatx_3_45.png,test,false,false,false,false,false,false
train/aaaaaaug_0_0.png,train,true,false,false,false,true,false
train/aaaaaaug_0_2.png,train,false,false,false,false,false,false
train/aaaaaaug_0_7.png,train,true,false,false,false,false,true
train/aaaaaaug_0_17.png,train,false,false,false,false,false,false
test/aaaaaauq_0_0.png,test,false,false,false,false,false,true
test/aaaaaauq_0_3.png,test,false,false,false,false,false,false
test/aaaaaauq_0_6.png,test,false,false,false,false,false,false
test/aaaaaauq_0_10.png,test,false,false,false,false,false,false
test/aaaaaauq_0_13.png,test,false,false,false,false,false,false
test/aaaaaauq_0_16.png,test,false,false,false,false,false,false
test/aaaaaauq_0_19.png,test,false,false,false,false,false,false
test/aaaaaauq_0_23.png,test,false,false,false,false,false,false
test/aaaaaauq_0_26.png,test,false,false,false,false,false,false
test/aaaaaauq_0_29.png,test,false,false,false,false,false,false
test/aaaaaauq_1_0.png,test,false,false,false,false,false,false
test/aaaaaauq_1_3.png,test,false,false,false,false,false,false
test/aaaaaauq_1_6.png,test,false,false,false,false,false,false
test/aaaaaauq_1_10.png,test,false,false,false,false,false,false
test/aaaaaauq_1_13.png,test,false,false,false,false,false,false
test/aaaaaauq_1_16.png,test,false,false,false,false,false,false
test/aaaaaauq_1_19.png,test,false,false,false,false,false,false
test/aaaaaauq_1_23.png,test,false,false,false,false,true,true
test/aaaaaauq_1_24.png,test,false,false,false,false,true,true
test/aaaaaauq_1_26.png,test,false,false,false,false,false,false
test/aaaaaauq_1_29.png,test,false,false,false,false,false,false
test/aaaaaauq_2_0.png,test,false,false,false,false,false,false
test/aaaaaauq_2_2.png,test,false,false,false,false,false,true
test/aaaaaauq_2_3.png,test,false,false,false,false,false,false
test/aaaaaauq_2_6.png,test,false,false,false,false,false,false
test/aaaaaauq_2_8.png,test,false,false,false,false,true,false
test/aaaaaauq_2_10.png,test,false,false,false,false,false,false
test/aaaaaauq_2_13.png,test,false,false,false,false,false,false
test/aaaaaauq_2_16.png,test,false,false,false,false,false,false
test/aaaaaauq_2_19.png,test,false,false,false,false,false,false
test/aaaaaauq_2_23.png,test,false,false,false,false,false,false
test/aaaaaauq_2_26.png,test,false,false,false,false,false,false
test/aaaaaauq_2_29.png,test,false,false,false,false,false,false
train/aaaaaaur_0_0.png,train,false,false,false,false,false,true
train/aaaaaaur_0_1.png,train,false,false,false,false,false,false
train/aaaaaaur_0_18.png,train,false,false,false,false,false,true
train/aaaaaaur_0_38.png,train,false,false,false,false,false,false
train/aaaaaaur_1_0.png,train,false,false,false,false,false,true
train/aaaaaaur_1_2.png,train,false,false,false,false,false,false
train/aaaaaaur_1_11.png,train,false,false,false,false,false,false
train/aaaaaaur_1_24.png,train,false,false,false,false,false,false
train/aaaaaaur_2_5.png,train,false,false,false,false,false,false
train/aaaaaaur_2_13.png,train,false,false,false,false,false,true
train/aaaaaaur_2_14.png,train,false,false,false,false,false,true
train/aaaaaaur_2_24.png,train,false,false,false,false,false,false
train/aaaaaavn_0_0.png,train,false,false,true,false,false,false
train/aaaaaavn_0_3.png,train,false,false,false,false,false,false
train/aaaaaavn_0_13.png,train,false,false,true,false,false,false
train/aaaaaavn_0_27.png,train,false,false,false,false,false,false
test/aaaaaavs_0_0.png,test,true,false,false,false,false,true
test/aaaaaavs_0_4.png,test,false,false,false,false,false,false
test/aaaaaavs_0_8.png,test,false,false,false,false,false,false
test/aaaaaavs_0_12.png,test,false,false,false,false,false,false
test/aaaaaavs_0_15.png,test,false,false,false,false,true,true
test/aaaaaavs_0_16.png,test,false,false,false,false,true,false
test/aaaaaavs_0_21.png,test,false,false,false,false,false,false
test/aaaaaavs_0_25.png,test,false,false,false,false,false,false
test/aaaaaavs_0_29.png,test,false,false,false,false,false,false
test/aaaaaavs_0_33.png,test,false,false,false,false,false,false
test/aaaaaavs_0_37.png,test,false,false,false,false,false,false
train/aaaaaavw_0_1.png,train,false,false,false,false,false,false
train/aaaaaavw_0_15.png,train,false,false,false,false,false,false
train/aaaaaavw_0_17.png,train,false,false,false,false,false,false
train/aaaaaavw_0_28.png,train,false,false,false,false,false,false
train/aaaaaawk_0_24.png,train,false,false,false,false,false,false
train/aaaaaawk_0_114.png,train,false,false,true,false,false,true
train/aaaaaawk_0_115.png,train,false,false,true,false,false,false
train/aaaaaawk_0_171.png,train,false,false,false,false,false,false
train/aaaaaawm_0_0.png,train,false,false,true,false,false,false
train/aaaaaawm_0_1.png,train,false,false,true,false,false,false
train/aaaaaawm_0_4.png,train,false,false,false,false,false,false
train/aaaaaawm_0_20.png,train,false,false,false,false,false,false
train/aaaaaawm_1_0.png,train,false,false,true,false,false,true
train/aaaaaawm_1_2.png,train,false,false,true,false,false,false
train/aaaaaawm_1_29.png,train,false,false,false,false,false,false
train/aaaaaawm_1_36.png,train,false,false,false,false,false,false
train/aaaaaawm_2_43.png,train,false,false,false,false,false,false
train/aaaaaawm_2_98.png,train,false,false,false,false,false,false
train/aaaaaawm_2_134.png,train,false,false,true,false,false,false
train/aaaaaawm_2_135.png,train,false,false,true,false,false,false
test/aaaaaawq_0_0.png,test,true,false,false,false,false,false
test/aaaaaawq_0_2.png,test,false,false,false,false,false,false
test/aaaaaawq_0_3.png,test,false,false,false,false,false,false
test/aaaaaawq_0_5.png,test,false,false,false,false,false,false
test/aaaaaawq_0_6.png,test,false,false,false,false,false,false
test/aaaaaawq_0_8.png,test,false,false,false,false,false,false
test/aaaaaawq_0_9.png,test,false,false,false,false,false,false
test/aaaaaawq_0_11.png,test,false,false,false,false,false,false
test/aaaaaawq_0_12.png,test,false,false,false,false,false,false
test/aaaaaawq_0_14.png,test,false,false,false,false,false,false
test/aaaaaaws_0_0.png,test,true,false,false,false,false,false
test/aaaaaaws_0_2.png,test,false,false,false,false,false,false
test/aaaaaaws_0_3.png,test,false,false,false,false,false,false
test/aaaaaaws_0_5.png,test,false,false,false,false,false,false
test/aaaaaaws_0_6.png,test,false,false,false,false,false,false
test/aaaaaaws_0_8.png,test,false,false,false,false,false,false
test/aaaaaaws_0_9.png,test,false,false,false,false,false,false
test/aaaaaaws_0_11.png,test,false,false,false,false,false,false
test/aaaaaaws_0_12.png,test,false,false,false,false,false,false
test/aaaaaaws_0_14.png,test,false,false,false,false,false,false
test/aaaaaawx_0_0.png,test,true,false,false,false,false,false
test/aaaaaawx_0_8.png,test,false,false,false,false,false,false
test/aaaaaawx_0_15.png,test,false,false,false,false,false,false
test/aaaaaawx_0_23.png,test,false,false,false,false,false,false
test/aaaaaawx_0_24.png,test,false,false,false,false,false,true
test/aaaaaawx_0_25.png,test,false,false,false,false,false,true
test/aaaaaawx_0_30.png,test,false,false,false,false,false,false
test/aaaaaawx_0_33.png,test,false,false,false,false,true,true
test/aaaaaawx_0_38.png,test,false,false,false,false,false,false
test/aaaaaawx_0_45.png,test,false,false,false,false,false,false
test/aaaaaawx_0_53.png,test,false,false,false,false,false,false
test/aaaaaawx_0_60.png,test,false,false,false,false,false,false
test/aaaaaawx_0_68.png,test,false,false,false,false,false,false
train/aaaaaaxh_0_0.png,train,true,false,false,false,true,true
train/aaaaaaxh_0_26.png,train,false,false,false,false,false,false
train/aaaaaaxh_0_49.png,train,false,false,false,false,false,false
train/aaaaaaxh_0_64.png,train,false,false,false,false,false,false
test/aaaaaaxp_0_0.png,test,false,false,false,false,false,false
test/aaaaaaxp_0_4.png,test,false,false,false,false,false,true
test/aaaaaaxp_0_8.png,test,false,false,false,false,false,false
test/aaaaaaxp_0_15.png,test,false,false,false,false,false,false
test/aaaaaaxp_0_23.png,test,false,false,false,false,false,false
test/aaaaaaxp_0_30.png,test,false,false,false,false,false,false
test/aaaaaaxp_0_38.png,test,false,false,false,false,false,false
test/aaaaaaxp_0_45.png,test,false,false,false,false,false,false
test/aaaaaaxp_0_53.png,test,false,false,false,false,false,false
test/aaaaaaxp_0_60.png,test,false,false,false,false,false,false
test/aaaaaaxp_0_68.png,test,false,false,false,false,false,false
train/aaaaaaxq_0_9.png,train,false,false,false,false,false,false
train/aaaaaaxq_0_15.png,train,false,false,false,false,false,false
train/aaaaaaxq_0_20.png,train,false,false,false,false,false,false
train/aaaaaaxq_0_50.png,train,false,false,false,false,false,false
test/aaaaaayn_0_0.png,test,true,false,false,false,false,true
test/aaaaaayn_0_7.png,test,false,false,false,false,false,false
test/aaaaaayn_0_15.png,test,false,false,false,false,false,false
test/aaaaaayn_0_22.png,test,false,false,false,false,false,false
test/aaaaaayn_0_30.png,test,false,false,false,false,false,false
test/aaaaaayn_0_37.png,test,false,false,false,false,false,false
test/aaaaaayn_0_45.png,test,false,false,false,false,false,false
test/aaaaaayn_0_52.png,test,false,false,false,false,false,false
test/aaaaaayn_0_60.png,test,false,false,false,false,false,false
test/aaaaaayn_0_67.png,test,false,false,false,false,false,false
train/aaaaaazl_0_1.png,train,false,false,false,false,false,false
train/aaaaaazl_0_45.png,train,false,false,false,false,false,false
train/aaaaaazl_0_61.png,train,false,false,false,false,false,false
train/aaaaaazl_0_66.png,train,false,false,false,false,false,false
train/aaaaabba_0_0.png,train,true,false,false,false,false,true
train/aaaaabba_0_7.png,train,false,false,false,false,false,true
train/aaaaabba_0_19.png,train,false,false,false,false,false,false
train/aaaaabba_0_25.png,train,false,false,false,false,false,false
test/aaaaabbn_0_0.png,test,false,false,false,false,true,true
test/aaaaabbn_0_7.png,test,false,false,false,false,false,false
test/aaaaabbn_0_10.png,test,false,true,false,false,true,true
test/aaaaabbn_0_12.png,test,false,false,false,false,true,true
test/aaaaabbn_0_15.png,test,false,false,false,false,true,true
test/aaaaabbn_0_22.png,test,false,false,false,false,false,false
test/aaaaabbn_0_29.png,test,false,false,false,false,false,false
test/aaaaabbn_0_36.png,test,false,false,true,false,false,false
test/aaaaabbn_0_37.png,test,false,false,true,false,false,false
test/aaaaabbn_0_44.png,test,false,false,false,false,false,false
test/aaaaabbn_0_51.png,test,false,false,false,false,false,false
test/aaaaabbn_0_59.png,test,false,false,false,false,false,false
test/aaaaabbn_0_66.png,test,false,false,false,false,false,false
train/aaaaabbu_0_23.png,train,false,false,false,false,false,false
train/aaaaabbu_0_35.png,train,false,true,false,false,false,false
train/aaaaabbu_0_82.png,train,false,false,false,false,false,true
train/aaaaabbu_0_85.png,train,false,false,false,false,false,false
train/aaaaabbw_0_1.png,train,false,false,true,false,false,false
train/aaaaabbw_0_2.png,train,false,false,true,false,false,false
train/aaaaabbw_0_13.png,train,false,false,false,false,false,false
train/aaaaabbw_0_61.png,train,false,false,false,false,false,false
test/aaaaabcv_0_0.png,test,false,false,false,false,false,true
test/aaaaabcv_0_3.png,test,false,false,false,false,false,false
test/aaaaabcv_0_6.png,test,false,false,false,false,false,false
test/aaaaabcv_0_10.png,test,false,false,false,false,false,false
test/aaaaabcv_0_12.png,test,false,false,false,false,false,true
test/aaaaabcv_0_13.png,test,false,false,false,false,false,false
test/aaaaabcv_0_15.png,test,false,false,false,false,false,true
test/aaaaabcv_0_16.png,test,false,false,false,false,false,false
test/aaaaabcv_0_19.png,test,false,false,false,false,false,false
test/aaaaabcv_0_23.png,test,false,false,false,false,false,false
test/aaaaabcv_0_26.png,test,false,false,false,false,false,false
test/aaaaabcv_0_29.png,test,false,false,false,false,false,false
train/aaaaabdo_0_0.png,train,true,false,false,false,false,true
train/aaaaabdo_0_2.png,train,false,false,false,false,false,false
train/aaaaabdo_0_27.png,train,false,false,false,false,false,false
train/aaaaabdo_0_29.png,train,false,false,false,false,false,false
train/aaaaabea_0_27.png,train,false,false,false,false,false,false
train/aaaaabea_0_41.png,train,false,false,false,false,false,false
train/aaaaabea_0_59.png,train,false,false,false,false,false,false
train/aaaaabea_0_66.png,train,false,false,false,false,false,false
train/aaaaabel_0_0.png,train,true,false,false,false,false,true
train/aaaaabel_0_2.png,train,false,false,false,false,false,false
train/aaaaabel_0_8.png,train,false,false,false,false,false,false
train/aaaaabel_0_10.png,train,false,false,false,false,false,false
train/aaaaabfa_0_4.png,train,false,false,false,false,false,false
train/aaaaabfa_0_7.png,train,false,false,false,false,false,false
train/aaaaabfa_0_43.png,train,false,false,false,false,false,false
train/aaaaabfa_0_52.png,train,false,false,false,false,false,false
train/aaaaabfp_0_1.png,train,false,false,true,false,false,false
train/aaaaabfp_0_3.png,train,false,false,true,false,false,false
train/aaaaabfp_0_9.png,train,false,false,false,false,false,false
train/aaaaabfp_0_11.png,train,false,false,false,false,false,false
train/aaaaabfp_1_8.png,train,false,false,false,false,false,false
train/aaaaabfp_1_19.png,train,false,false,true,false,false,false
train/aaaaabfp_1_20.png,train,false,false,true,false,false,false
train/aaaaabfp_1_21.png,train,false,false,false,false,false,false
train/aaaaabfu_0_3.png,train,false,false,false,false,false,false
train/aaaaabfu_0_18.png,train,false,false,false,false,false,false
train/aaaaabfu_0_27.png,train,false,false,false,false,false,false
train/aaaaabfu_0_28.png,train,false,false,false,false,false,false
train/aaaaabfy_0_0.png,train,true,false,false,false,false,true
train/aaaaabfy_0_2.png,train,false,false,false,false,false,false
train/aaaaabfy_0_5.png,train,false,false,false,false,false,false
train/aaaaabfy_0_17.png,train,false,false,false,false,false,false
train/aaaaabgg_0_7.png,train,false,false,false,false,false,true
train/aaaaabgg_0_14.png,train,false,false,false,false,false,false
train/aaaaabgg_0_21.png,train,false,false,false,false,false,false
train/aaaaabgg_0_29.png,train,false,false,false,false,true,false
train/aaaaabgo_0_0.png,train,false,false,true,false,false,true
train/aaaaabgo_0_1.png,train,false,false,true,false,false,true
train/aaaaabgo_0_7.png,train,false,false,false,false,false,false
train/aaaaabgo_0_12.png,train,false,false,false,false,false,false
train/aaaaabgo_1_12.png,train,false,false,true,false,false,false
train/aaaaabgo_1_19.png,train,false,false,true,false,false,false
train/aaaaabgo_1_24.png,train,false,false,false,false,false,false
train/aaaaabgo_1_27.png,train,false,false,false,false,false,false
train/aaaaabgo_2_4.png,train,false,false,false,false,false,false
train/aaaaabgo_2_13.png,train,false,false,true,false,false,false
train/aaaaabgo_2_15.png,train,false,false,true,false,false,false
train/aaaaabgo_2_21.png,train,false,false,false,false,false,false
train/aaaaabgo_3_0.png,train,false,false,true,false,false,false
train/aaaaabgo_3_2.png,train,false,false,false,false,false,false
train/aaaaabgo_3_8.png,train,false,false,false,false,false,false
train/aaaaabgo_3_11.png,train,false,false,false,false,false,false
train/aaaaabgq_0_0.png,train,false,false,false,false,false,true
train/aaaaabgq_0_4.png,train,false,false,false,false,false,false
train/aaaaabgq_0_6.png,train,false,false,false,false,false,false
train/aaaaabgq_0_15.png,train,false,false,false,false,false,false
train/aaaaabgq_1_0.png,train,false,false,false,false,false,true
train/aaaaabgq_1_5.png,train,false,false,false,false,false,false
train/aaaaabgq_1_6.png,train,false,false,false,false,false,false
train/aaaaabgq_1_9.png,train,false,false,false,false,false,true
train/aaaaabgx_0_0.png,train,false,false,false,false,true,true
train/aaaaabgx_0_9.png,train,false,false,false,false,false,false
train/aaaaabgx_0_10.png,train,false,false,false,false,false,false
train/aaaaabgx_0_14.png,train,false,false,false,false,false,false
train/aaaaabgz_0_0.png,train,true,false,false,false,false,true
train/aaaaabgz_0_7.png,train,false,false,false,false,false,false
train/aaaaabgz_0_24.png,train,false,false,false,false,false,false
train/aaaaabgz_0_28.png,train,false,false,false,false,false,true
train/aaaaabhu_0_0.png,train,true,false,false,false,true,true
train/aaaaabhu_0_20.png,train,false,false,false,false,false,false
train/aaaaabhu_0_31.png,train,false,false,false,false,false,false
train/aaaaabhu_0_49.png,train,false,false,false,false,false,false
test/aaaaabix_0_0.png,test,false,false,false,false,true,false
test/aaaaabix_0_7.png,test,true,false,false,false,false,true
test/aaaaabix_0_8.png,test,false,false,false,false,false,false
test/aaaaabix_0_16.png,test,false,false,false,false,false,false
test/aaaaabix_0_25.png,test,false,false,false,false,false,false
test/aaaaabix_0_33.png,test,false,false,false,false,false,false
test/aaaaabix_0_41.png,test,false,false,false,false,false,false
test/aaaaabix_0_49.png,test,false,false,false,false,false,false
test/aaaaabix_0_58.png,test,false,false,false,false,false,false
test/aaaaabix_0_66.png,test,false,false,false,false,false,false
test/aaaaabix_0_74.png,test,false,false,false,false,false,false
train/aaaaabjc_0_5.png,train,false,false,false,false,false,false
train/aaaaabjc_0_9.png,train,false,false,false,false,false,false
train/aaaaabjc_0_14.png,train,false,false,false,false,true,false
train/aaaaabjc_0_18.png,train,false,false,false,false,false,false
test/aaaaabjd_0_0.png,test,false,false,false,false,false,false
test/aaaaabjd_0_2.png,test,false,false,false,false,false,true
test/aaaaabjd_0_3.png,test,false,false,false,false,false,true
test/aaaaabjd_0_6.png,test,false,false,false,false,false,false
test/aaaaabjd_0_10.png,test,false,false,false,false,false,false
test/aaaaabjd_0_12.png,test,true,false,false,false,true,false
test/aaaaabjd_0_13.png,test,false,false,false,false,false,false
test/aaaaabjd_0_16.png,test,false,false,false,false,false,false
test/aaaaabjd_0_19.png,test,true,false,false,false,false,false
test/aaaaabjd_0_23.png,test,false,false,false,false,false,false
test/aaaaabjd_0_26.png,test,false,false,false,false,false,false
test/aaaaabjd_0_29.png,test,false,false,false,false,false,false
train/aaaaabji_0_3.png,train,false,false,true,false,false,true
train/aaaaabji_0_8.png,train,false,false,false,false,false,false
train/aaaaabji_0_9.png,train,false,false,true,false,false,false
train/aaaaabji_0_12.png,train,false,false,false,false,false,false
train/aaaaabju_0_0.png,train,false,false,false,false,true,true
train/aaaaabju_0_28.png,train,false,false,false,false,false,false
train/aaaaabju_0_45.png,train,true,false,false,false,false,true
train/aaaaabju_0_107.png,train,false,false,false,false,false,false
train/aaaaabky_0_9.png,train,false,false,false,false,false,false
train/aaaaabky_0_14.png,train,false,false,false,false,false,false
train/aaaaabky_0_19.png,train,false,false,false,false,false,false
train/aaaaabky_0_25.png,train,false,false,false,false,false,false
train/aaaaabky_1_2.png,train,false,false,false,false,false,false
train/aaaaabky_1_6.png,train,false,false,false,false,false,false
train/aaaaabky_1_8.png,train,false,false,false,false,false,false
train/aaaaabky_1_13.png,train,false,false,false,false,false,false
train/aaaaablf_0_0.png,train,false,false,false,false,false,true
train/aaaaablf_0_10.png,train,false,false,false,false,false,true
train/aaaaablf_0_45.png,train,false,false,false,false,false,false
train/aaaaablf_0_47.png,train,false,false,false,false,false,false
train/aaaaablw_0_5.png,train,false,false,false,false,false,false
train/aaaaablw_0_30.png,train,false,false,false,false,false,false
train/aaaaablw_0_49.png,train,false,false,false,false,false,false
train/aaaaablw_0_68.png,train,false,false,false,false,false,false
test/aaaaabna_0_0.png,test,true,false,false,false,false,false
test/aaaaabna_0_7.png,test,false,false,false,false,false,false
test/aaaaabna_0_12.png,test,false,false,false,false,false,true
test/aaaaabna_0_14.png,test,false,false,false,false,false,false
test/aaaaabna_0_21.png,test,false,false,false,false,false,false
test/aaaaabna_0_28.png,test,false,false,false,false,false,false
test/aaaaabna_0_36.png,test,false,false,false,false,false,false
test/aaaaabna_0_43.png,test,false,false,false,false,false,false
test/aaaaabna_0_50.png,test,false,false,false,false,false,false
test/aaaaabna_0_57.png,test,false,false,false,false,false,false
test/aaaaabna_0_64.png,test,false,false,false,false,false,false
test/aaaaabom_0_0.png,test,false,false,false,true,false,false
test/aaaaabom_0_1.png,test,false,false,false,true,false,false
test/aaaaabom_0_2.png,test,false,false,false,true,false,false
test/aaaaabom_0_3.png,test,false,false,false,false,false,false
test/aaaaabom_0_6.png,test,false,false,false,false,false,false
test/aaaaabom_0_10.png,test,false,false,false,false,false,false
test/aaaaabom_0_13.png,test,false,false,false,false,false,false
test/aaaaabom_0_16.png,test,false,false,false,false,false,false
test/aaaaabom_0_19.png,test,false,false,false,false,false,false
test/aaaaabom_0_23.png,test,false,false,false,false,false,false
test/aaaaabom_0_26.png,test,false,false,false,true,false,true
test/aaaaabom_0_27.png,test,false,false,false,true,false,false
test/aaaaabom_0_29.png,test,false,false,false,false,false,false
train/aaaaaboo_0_17.png,train,false,false,false,false,false,false
train/aaaaaboo_0_33.png,train,false,false,false,false,false,false
train/aaaaaboo_0_38.png,train,false,false,false,true,false,false
train/aaaaaboo_0_39.png,train,false,false,false,true,false,false
train/aaaaabop_0_0.png,train,false,false,false,true,false,true
train/aaaaabop_0_1.png,train,false,false,false,true,false,true
train/aaaaabop_0_6.png,train,false,false,false,false,false,false
train/aaaaabop_0_7.png,train,false,false,false,false,false,false
train/aaaaabop_1_0.png,train,false,false,false,true,false,false
train/aaaaabop_1_2.png,train,false,false,false,false,false,false
train/aaaaabop_1_10.png,train,false,false,false,false,false,false
train/aaaaabop_1_26.png,train,false,false,false,false,false,false
train/aaaaabop_2_5.png,train,false,false,false,false,false,false
train/aaaaabop_2_25.png,train,false,false,false,true,false,false
train/aaaaabop_2_27.png,train,false,false,false,true,false,false
train/aaaaabop_2_40.png,train,false,false,false,false,false,false
train/aaaaaboq_0_0.png,train,false,false,false,true,false,false
train/aaaaaboq_0_6.png,train,false,false,false,false,false,false
train/aaaaaboq_0_8.png,train,false,false,false,false,false,false
train/aaaaaboq_0_20.png,train,false,false,false,false,false,false
test/aaaaabor_0_0.png,test,false,false,false,false,false,true
test/aaaaabor_0_2.png,test,false,false,false,false,false,false
test/aaaaabor_0_3.png,test,false,false,false,false,false,false
test/aaaaabor_0_5.png,test,false,false,false,false,false,false
test/aaaaabor_0_6.png,test,false,false,false,false,false,false
test/aaaaabor_0_8.png,test,false,false,false,false,false,false
test/aaaaabor_0_9.png,test,false,false,false,false,false,false
test/aaaaabor_0_11.png,test,false,false,false,false,false,false
test/aaaaabor_0_12.png,test,false,false,false,false,false,false
test/aaaaabor_0_14.png,test,false,false,false,false,false,false
test/aaaaabor_1_0.png,test,false,false,false,true,false,false
test/aaaaabor_1_3.png,test,false,false,false,false,false,false
test/aaaaabor_1_6.png,test,false,false,false,false,false,false
test/aaaaabor_1_10.png,test,false,false,false,false,false,false
test/aaaaabor_1_13.png,test,false,false,false,false,false,false
test/aaaaabor_1_16.png,test,false,false,false,false,false,false
test/aaaaabor_1_19.png,test,false,false,false,false,false,false
test/aaaaabor_1_23.png,test,false,false,false,false,false,false
test/aaaaabor_1_26.png,test,false,false,false,false,false,false
test/aaaaabor_1_29.png,test,false,false,false,false,false,false
test/aaaaabor_2_0.png,test,false,false,false,false,false,true
test/aaaaabor_2_3.png,test,false,false,false,false,false,false
test/aaaaabor_2_6.png,test,false,false,false,false,false,false
test/aaaaabor_2_10.png,test,false,false,false,false,false,false
test/aaaaabor_2_13.png,test,false,false,false,true,false,false
test/aaaaabor_2_16.png,test,false,false,false,false,false,true
test/aaaaabor_2_19.png,test,false,false,false,false,false,false
test/aaaaabor_2_23.png,test,false,false,false,false,false,false
test/aaaaabor_2_26.png,test,false,false,false,true,false,false
test/aaaaabor_2_27.png,test,false,false,false,true,false,false
test/aaaaabor_2_29.png,test,false,false,false,false,false,false
test/aaaaabor_3_0.png,test,false,false,false,true,false,true
test/aaaaabor_3_2.png,test,false,false,false,false,false,false
test/aaaaabor_3_3.png,test,false,false,false,false,false,false
test/aaaaabor_3_5.png,test,false,false,false,false,false,false
test/aaaaabor_3_6.png,test,false,false,false,false,false,false
test/aaaaabor_3_8.png,test,false,false,false,false,false,false
test/aaaaabor_3_9.png,test,false,false,false,false,false,false
test/aaaaabor_3_11.png,test,false,false,false,false,false,false
test/aaaaabor_3_12.png,test,false,false,false,false,false,false
test/aaaaabor_3_14.png,test,false,false,false,false,false,false
test/aaaaabor_4_0.png,test,false,false,false,false,false,true
test/aaaaabor_4_3.png,test,false,false,false,false,false,false
test/aaaaabor_4_6.png,test,false,false,false,false,false,false
test/aaaaabor_4_10.png,test,false,false,false,false,false,false
test/aaaaabor_4_13.png,test,false,false,false,false,false,false
test/aaaaabor_4_16.png,test,false,false,false,false,false,false
test/aaaaabor_4_19.png,test,false,false,false,false,false,false
test/aaaaabor_4_23.png,test,false,false,false,false,false,false
test/aaaaabor_4_26.png,test,false,false,false,false,false,false
test/aaaaabor_4_29.png,test,false,false,false,false,false,false
train/aaaaabos_0_16.png,train,false,false,false,false,false,false
train/aaaaabos_0_27.png,train,false,false,false,false,false,true
train/aaaaabos_0_28.png,train,false,false,false,false,false,true
train/aaaaabos_0_29.png,train,false,false,false,false,false,false
train/aaaaabos_1_0.png,train,false,false,false,false,false,true
train/aaaaabos_1_1.png,train,false,false,false,false,false,false
train/aaaaabos_1_4.png,train,false,false,false,false,false,false
train/aaaaabos_1_22.png,train,false,false,false,false,false,false
train/aaaaabos_2_0.png,train,false,false,false,false,false,true
train/aaaaabos_2_7.png,train,false,false,false,false,false,false
train/aaaaabos_2_8.png,train,false,false,false,false,false,false
train/aaaaabos_2_9.png,train,false,false,false,false,false,false
train/aaaaabos_3_0.png,train,false,false,false,false,false,true
train/aaaaabos_3_3.png,train,false,false,false,false,false,false
train/aaaaabos_3_12.png,train,false,false,false,false,false,false
train/aaaaabos_3_13.png,train,false,false,false,false,false,false
train/aaaaabos_4_0.png,train,false,false,false,false,false,true
train/aaaaabos_4_5.png,train,false,false,false,false,false,false
train/aaaaabos_4_7.png,train,false,false,false,false,false,true
train/aaaaabos_4_12.png,train,false,false,false,false,false,false
train/aaaaabos_5_2.png,train,false,false,false,false,false,false
train/aaaaabos_5_4.png,train,false,false,false,false,false,true
train/aaaaabos_5_5.png,train,false,false,false,false,false,true
train/aaaaabos_5_7.png,train,false,false,false,false,false,false
train/aaaaabos_6_0.png,train,false,false,false,false,false,true
train/aaaaabos_6_7.png,train,false,false,false,false,false,false
train/aaaaabos_6_8.png,train,false,false,false,false,false,false
train/aaaaabos_6_11.png,train,false,false,false,false,false,false
train/aaaaabqd_0_5.png,train,true,false,false,false,false,true
train/aaaaabqd_0_17.png,train,false,false,false,false,false,false
train/aaaaabqd_0_25.png,train,false,false,false,false,false,false
train/aaaaabqd_0_55.png,train,false,false,false,false,false,false
test/aaaaabqo_0_0.png,test,true,false,false,false,false,false
test/aaaaabqo_0_5.png,test,false,false,false,false,false,true
test/aaaaabqo_0_8.png,test,false,false,false,false,false,false
test/aaaaabqo_0_15.png,test,false,false,false,false,false,false
test/aaaaabqo_0_23.png,test,false,false,false,false,false,false
test/aaaaabqo_0_31.png,test,false,false,false,false,false,false
test/aaaaabqo_0_38.png,test,false,false,false,false,false,false
test/aaaaabqo_0_46.png,test,false,false,false,false,false,false
test/aaaaabqo_0_54.png,test,false,false,false,false,false,false
test/aaaaabqo_0_61.png,test,false,false,false,false,false,false
test/aaaaabqo_0_69.png,test,false,false,false,false,false,false
train/aaaaabqq_0_1.png,train,false,false,false,false,true,false
train/aaaaabqq_0_7.png,train,false,false,false,false,false,false
train/aaaaabqq_0_16.png,train,false,false,false,false,false,false
train/aaaaabqq_0_24.png,train,false,false,false,false,true,true
train/aaaaabqs_0_0.png,train,true,false,false,false,false,true
train/aaaaabqs_0_34.png,train,false,false,false,false,false,false
train/aaaaabqs_0_37.png,train,false,false,false,false,false,false
train/aaaaabqs_0_51.png,train,false,false,false,false,false,false
train/aaaaabrj_0_8.png,train,false,false,false,false,false,false
train/aaaaabrj_0_24.png,train,false,false,false,false,false,false
train/aaaaabrj_0_26.png,train,true,false,false,false,false,true
train/aaaaabrj_0_27.png,train,true,false,false,false,false,true
train/aaaaabrr_0_0.png,train,true,false,false,false,true,false
train/aaaaabrr_0_4.png,train,false,false,false,false,true,true
train/aaaaabrr_0_54.png,train,false,false,false,false,false,false
train/aaaaabrr_0_62.png,train,false,false,false,false,false,false
train/aaaaabsw_0_0.png,train,true,false,false,false,false,true
train/aaaaabsw_0_40.png,train,false,false,false,false,false,false
train/aaaaabsw_0_49.png,train,false,false,false,false,false,false
train/aaaaabsw_0_59.png,train,false,false,false,false,false,false
train/aaaaabsy_0_1.png,train,false,false,false,false,false,false
train/aaaaabsy_0_7.png,train,false,false,false,false,false,false
train/aaaaabsy_0_21.png,train,false,false,false,false,false,false
train/aaaaabsy_0_52.png,train,true,false,false,false,false,false
train/aaaaabtg_0_12.png,train,false,false,false,true,false,false
train/aaaaabtg_0_13.png,train,false,false,false,true,false,false
train/aaaaabtg_0_33.png,train,false,false,false,false,false,false
train/aaaaabtg_0_35.png,train,false,false,false,false,false,false
test/aaaaabth_0_0.png,test,false,true,false,true,false,true
test/aaaaabth_0_7.png,test,false,false,false,false,false,false
test/aaaaabth_0_13.png,test,false,false,false,false,false,false
test/aaaaabth_0_20.png,test,false,false,false,false,false,false
test/aaaaabth_0_26.png,test,false,false,false,false,false,false
test/aaaaabth_0_33.png,test,false,false,false,false,false,true
test/aaaaabth_0_39.png,test,false,false,false,false,false,false
test/aaaaabth_0_46.png,test,false,false,false,false,false,false
test/aaaaabth_0_52.png,test,false,false,false,false,false,false
test/aaaaabth_0_59.png,test,false,false,false,false,false,false
train/aaaaabtr_0_24.png,train,false,false,false,false,false,false
train/aaaaabtr_0_33.png,train,false,false,false,false,false,false
train/aaaaabtr_0_43.png,train,false,false,false,false,false,false
train/aaaaabtr_0_54.png,train,false,false,false,false,false,false
test/aaaaabtw_0_0.png,test,true,false,false,false,false,false
test/aaaaabtw_0_8.png,test,false,false,false,false,false,false
test/aaaaabtw_0_16.png,test,false,false,false,false,false,false
test/aaaaabtw_0_24.png,test,false,false,false,false,false,false
test/aaaaabtw_0_32.png,test,false,false,false,false,false,false
test/aaaaabtw_0_40.png,test,false,false,false,false,false,false
test/aaaaabtw_0_48.png,test,false,false,false,false,false,false
test/aaaaabtw_0_56.png,test,false,false,false,false,false,false
test/aaaaabtw_0_64.png,test,false,false,false,false,false,false
test/aaaaabtw_0_72.png,test,false,false,false,false,false,false
train/aaaaabun_0_0.png,train,true,false,false,false,false,true
train/aaaaabun_0_17.png,train,false,false,false,false,false,false
train/aaaaabun_0_42.png,train,false,false,false,false,false,false
train/aaaaabun_0_43.png,train,false,false,false,false,false,false
train/aaaaabun_1_1.png,train,false,false,false,false,false,false
train/aaaaabun_1_12.png,train,false,false,false,false,false,false
train/aaaaabun_1_18.png,train,false,false,false,false,false,false
train/aaaaabun_1_21.png,train,false,false,false,false,false,false
train/aaaaabuu_0_16.png,train,true,false,false,false,false,true
train/aaaaabuu_0_17.png,train,false,false,false,false,false,true
train/aaaaabuu_0_44.png,train,false,false,false,false,false,false
train/aaaaabuu_0_49.png,train,false,false,false,false,false,false
train/aaaaabvg_0_26.png,train,false,false,false,false,false,false
train/aaaaabvg_0_29.png,train,false,false,false,false,false,false
train/aaaaabvg_0_31.png,train,false,false,false,false,false,false
train/aaaaabvg_0_59.png,train,false,false,false,false,false,false
train/aaaaabxb_0_24.png,train,false,false,false,false,false,false
train/aaaaabxb_0_43.png,train,false,false,false,false,false,false
train/aaaaabxb_0_47.png,train,false,false,false,false,false,false
train/aaaaabxb_0_62.png,train,false,false,false,false,false,false
train/aaaaabxc_0_0.png,train,false,false,true,false,false,false
train/aaaaabxc_0_66.png,train,false,false,false,false,false,false
train/aaaaabxc_0_78.png,train,false,false,false,false,false,false
train/aaaaabxc_0_106.png,train,false,false,false,false,false,false
train/aaaaabxd_0_0.png,train,false,true,false,false,false,true
train/aaaaabxd_0_11.png,train,false,false,false,false,false,false
train/aaaaabxd_0_138.png,train,false,false,false,false,false,true
train/aaaaabxd_0_139.png,train,false,false,false,false,false,false
train/aaaaabyi_0_2.png,train,false,false,false,false,false,false
train/aaaaabyi_0_3.png,train,false,false,false,false,false,false
train/aaaaabyi_0_6.png,train,false,false,false,true,false,false
train/aaaaabyi_0_11.png,train,false,false,false,true,false,false
test/aaaaabyj_0_0.png,test,false,false,false,false,false,false
test/aaaaabyj_0_2.png,test,true,false,false,true,false,false
test/aaaaabyj_0_3.png,test,false,false,false,false,false,false
test/aaaaabyj_0_5.png,test,false,false,false,false,false,false
test/aaaaabyj_0_6.png,test,false,false,false,false,false,false
test/aaaaabyj_0_8.png,test,false,false,false,false,false,false
test/aaaaabyj_0_9.png,test,false,false,false,false,false,false
test/aaaaabyj_0_11.png,test,false,false,false,false,false,false
test/aaaaabyj_0_12.png,test,false,false,false,false,false,false
test/aaaaabyj_0_14.png,test,false,false,false,false,false,false
train/aaaaabym_0_16.png,train,true,false,false,false,false,false
train/aaaaabym_0_26.png,train,false,false,false,false,true,true
train/aaaaabym_0_39.png,train,false,false,false,false,false,false
train/aaaaabym_0_44.png,train,false,false,false,false,false,false
test/aaaaabyt_0_0.png,test,true,false,false,false,false,false
test/aaaaabyt_0_6.png,test,false,false,false,false,false,false
test/aaaaabyt_0_12.png,test,false,false,false,false,false,false
test/aaaaabyt_0_19.png,test,false,false,false,false,false,false
test/aaaaabyt_0_25.png,test,false,false,false,false,false,false
test/aaaaabyt_0_31.png,test,false,false,false,false,false,false
test/aaaaabyt_0_37.png,test,false,false,false,false,false,false
test/aaaaabyt_0_44.png,test,false,false,false,false,false,false
test/aaaaabyt_0_50.png,test,false,false,false,false,false,false
test/aaaaabyt_0_56.png,test,false,false,false,false,false,false
test/aaaaacbc_0_0.png,test,false,false,false,false,false,true
test/aaaaacbc_0_2.png,test,false,false,false,false,false,false
test/aaaaacbc_0_4.png,test,false,false,false,false,false,false
test/aaaaacbc_0_6.png,test,false,false,false,false,false,true
test/aaaaacbc_0_7.png,test,false,false,false,false,false,false
test/aaaaacbc_0_9.png,test,false,false,false,false,false,false
test/aaaaacbc_0_11.png,test,false,false,false,false,false,false
test/aaaaacbc_0_13.png,test,false,false,false,false,false,false
test/aaaaacbc_0_16.png,test,false,false,false,false,false,false
test/aaaaacbc_0_18.png,test,false,false,false,false,false,false
test/aaaaacbc_0_20.png,test,false,false,false,false,false,false
test/aaaaacbc_1_0.png,test,true,false,false,false,false,false
test/aaaaacbc_1_6.png,test,false,false,false,false,false,false
test/aaaaacbc_1_12.png,test,false,false,false,false,false,false
test/aaaaacbc_1_18.png,test,false,false,false,false,false,false
test/aaaaacbc_1_19.png,test,false,false,false,false,false,true
test/aaaaacbc_1_24.png,test,false,false,false,false,false,false
test/aaaaacbc_1_29.png,test,false,false,false,false,false,false
test/aaaaacbc_1_35.png,test,false,false,false,false,false,false
test/aaaaacbc_1_41.png,test,false,false,false,false,false,false
test/aaaaacbc_1_47.png,test,false,false,false,false,false,false
test/aaaaacbc_1_53.png,test,false,false,false,false,false,false
test/aaaaacbl_0_0.png,test,true,false,false,false,false,false
test/aaaaacbl_0_7.png,test,false,false,false,false,false,false
test/aaaaacbl_0_13.png,test,false,false,false,false,false,false
test/aaaaacbl_0_20.png,test,false,false,false,false,false,false
test/aaaaacbl_0_26.png,test,false,false,false,false,false,false
test/aaaaacbl_0_33.png,test,false,false,false,false,false,false
test/aaaaacbl_0_39.png,test,false,false,false,false,false,false
test/aaaaacbl_0_46.png,test,false,false,false,false,false,false
test/aaaaacbl_0_52.png,test,false,false,false,false,false,false
test/aaaaacbl_0_59.png,test,false,false,false,false,false,false
test/aaaaaccw_0_0.png,test,true,false,false,false,false,false
test/aaaaaccw_0_7.png,test,false,false,false,false,false,false
test/aaaaaccw_0_13.png,test,false,false,false,false,false,false
test/aaaaaccw_0_20.png,test,false,false,false,false,false,false
test/aaaaaccw_0_26.png,test,false,false,false,false,false,false
test/aaaaaccw_0_33.png,test,false,false,false,false,false,false
test/aaaaaccw_0_39.png,test,false,false,false,false,false,false
test/aaaaaccw_0_46.png,test,false,false,false,false,false,false
test/aaaaaccw_0_52.png,test,false,false,false,false,false,false
test/aaaaaccw_0_59.png,test,false,false,false,false,false,false
test/aaaaaceh_0_0.png,test,false,false,false,false,false,true
test/aaaaaceh_0_7.png,test,false,false,false,false,false,false
test/aaaaaceh_0_14.png,test,false,false,false,false,false,false
test/aaaaaceh_0_22.png,test,false,false,false,false,false,false
test/aaaaaceh_0_29.png,test,true,false,false,false,false,false
test/aaaaaceh_0_36.png,test,false,false,false,false,false,false
test/aaaaaceh_0_43.png,test,false,false,false,false,false,false
test/aaaaaceh_0_51.png,test,false,false,false,false,false,false
test/aaaaaceh_0_58.png,test,false,false,false,false,false,false
test/aaaaaceh_0_65.png,test,false,false,false,false,false,false
train/aaaaacer_0_1.png,train,true,false,false,false,false,true
train/aaaaacer_0_9.png,train,false,false,false,false,false,false
train/aaaaacer_0_19.png,train,false,false,false,false,false,false
train/aaaaacer_0_50.png,train,false,false,false,false,false,false
test/aaaaacgq_0_0.png,test,true,false,false,false,false,false
test/aaaaacgq_0_8.png,test,false,false,false,false,false,false
test/aaaaacgq_0_16.png,test,false,false,false,false,false,false
test/aaaaacgq_0_23.png,test,false,false,false,false,false,false
test/aaaaacgq_0_31.png,test,false,false,false,false,false,false
test/aaaaacgq_0_39.png,test,false,false,false,false,false,false
test/aaaaacgq_0_47.png,test,false,false,false,false,false,false
test/aaaaacgq_0_54.png,test,false,false,false,false,false,false
test/aaaaacgq_0_62.png,test,false,false,false,false,false,false
test/aaaaacgq_0_70.png,test,false,false,false,false,false,false
test/aaaaacgy_0_0.png,test,true,false,false,false,false,true
test/aaaaacgy_0_2.png,test,true,false,false,false,false,false
test/aaaaacgy_0_4.png,test,false,false,false,false,false,false
test/aaaaacgy_0_6.png,test,false,false,false,false,false,false
test/aaaaacgy_0_8.png,test,false,false,false,false,false,false
test/aaaaacgy_0_9.png,test,false,false,false,false,false,false
test/aaaaacgy_0_11.png,test,false,false,false,false,false,false
test/aaaaacgy_0_13.png,test,false,false,false,false,false,false
test/aaaaacgy_0_15.png,test,false,false,false,false,false,false
test/aaaaacgy_0_17.png,test,false,false,false,false,false,false
test/aaaaachi_0_0.png,test,true,false,false,false,false,false
test/aaaaachi_0_7.png,test,false,false,false,false,false,false
test/aaaaachi_0_13.png,test,false,false,false,false,false,false
test/aaaaachi_0_20.png,test,false,false,false,false,false,false
test/aaaaachi_0_27.png,test,false,false,false,false,false,false
test/aaaaachi_0_33.png,test,false,false,false,false,false,false
test/aaaaachi_0_40.png,test,false,false,false,false,false,false
test/aaaaachi_0_47.png,test,false,false,false,false,false,false
test/aaaaachi_0_53.png,test,false,false,false,false,false,false
test/aaaaachi_0_60.png,test,false,false,false,false,false,false
test/aaaaachx_0_0.png,test,true,false,false,false,false,false
test/aaaaachx_0_7.png,test,false,false,false,false,false,false
test/aaaaachx_0_15.png,test,false,false,false,false,false,false
test/aaaaachx_0_22.png,test,false,false,false,false,false,false
test/aaaaachx_0_29.png,test,false,false,false,false,false,false
test/aaaaachx_0_37.png,test,false,false,false,false,false,false
test/aaaaachx_0_44.png,test,false,false,false,false,false,false
test/aaaaachx_0_51.png,test,false,false,false,false,false,false
test/aaaaachx_0_59.png,test,false,false,false,false,false,false
test/aaaaachx_0_66.png,test,false,false,false,false,false,false
train/aaaaacib_0_9.png,train,false,false,true,false,false,false
train/aaaaacib_0_15.png,train,false,false,false,false,false,false
train/aaaaacib_0_16.png,train,false,false,true,false,false,false
train/aaaaacib_0_57.png,train,false,false,false,false,false,false
test/aaaaacic_0_0.png,test,false,false,false,false,false,false
test/aaaaacic_0_7.png,test,false,false,false,false,false,false
test/aaaaacic_0_11.png,test,false,false,true,false,false,true
test/aaaaacic_0_12.png,test,false,false,true,false,false,true
test/aaaaacic_0_13.png,test,false,false,true,false,false,false
test/aaaaacic_0_14.png,test,false,false,false,false,false,false
test/aaaaacic_0_20.png,test,false,false,false,false,false,false
test/aaaaacic_0_27.png,test,false,false,false,false,false,false
test/aaaaacic_0_34.png,test,false,false,false,false,false,false
test/aaaaacic_0_41.png,test,false,false,false,false,false,false
test/aaaaacic_0_47.png,test,false,false,false,false,false,false
test/aaaaacic_0_54.png,test,false,false,false,false,false,false
test/aaaaacic_0_61.png,test,false,false,false,false,false,false
train/aaaaacid_0_0.png,train,false,false,true,false,false,true
train/aaaaacid_0_1.png,train,false,false,true,false,false,true
train/aaaaacid_0_31.png,train,false,false,false,false,false,false
train/aaaaacid_0_41.png,train,false,false,false,false,false,false
train/aaaaacis_0_0.png,train,true,false,false,false,false,true
train/aaaaacis_0_2.png,train,false,false,false,false,false,true
train/aaaaacis_0_49.png,train,false,false,false,false,false,false
train/aaaaacis_0_59.png,train,false,false,false,false,false,false
train/aaaaacjf_0_14.png,train,false,false,false,false,false,false
train/aaaaacjf_0_27.png,train,false,false,false,false,false,false
train/aaaaacjf_0_42.png,train,false,false,false,false,false,false
train/aaaaacjf_0_51.png,train,false,false,false,false,false,false
test/aaaaacjh_0_0.png,test,true,false,false,false,false,false
test/aaaaacjh_0_7.png,test,false,false,false,false,false,false
test/aaaaacjh_0_14.png,test,false,false,false,false,false,false
test/aaaaacjh_0_21.png,test,false,false,false,false,false,false
test/aaaaacjh_0_28.png,test,false,false,false,false,false,false
test/aaaaacjh_0_36.png,test,false,false,false,false,false,false
test/aaaaacjh_0_43.png,test,false,false,false,false,false,false
test/aaaaacjh_0_50.png,test,false,false,false,false,false,false
test/aaaaacjh_0_57.png,test,false,false,false,false,false,false
test/aaaaacjh_0_64.png,test,false,false,false,false,false,false
train/aaaaacjp_0_10.png,train,false,false,false,false,false,false
train/aaaaacjp_0_35.png,train,false,false,false,false,false,false
train/aaaaacjp_0_53.png,train,false,false,false,false,false,false
train/aaaaacjp_0_58.png,train,false,false,false,false,false,false
train/aaaaacjz_0_26.png,train,false,false,false,false,false,false
train/aaaaacjz_0_30.png,train,false,false,false,false,false,false
train/aaaaacjz_0_31.png,train,false,false,false,false,false,false
train/aaaaacjz_0_48.png,train,false,false,false,false,false,false
train/aaaaacko_0_30.png,train,false,false,false,false,false,false
train/aaaaacko_0_38.png,train,false,false,false,false,false,false
train/aaaaacko_0_103.png,train,false,false,false,false,false,false
train/aaaaacko_0_122.png,train,false,false,false,false,false,false
train/aaaaacko_1_3.png,train,false,false,false,false,false,false
train/aaaaacko_1_29.png,train,false,false,false,false,false,false
train/aaaaacko_1_32.png,train,false,false,false,false,false,false
train/aaaaacko_1_49.png,train,false,false,false,false,false,false
train/aaaaacks_0_0.png,train,true,false,false,false,false,true
train/aaaaacks_0_47.png,train,false,false,false,false,false,false
train/aaaaacks_0_49.png,train,false,false,false,false,false,false
train/aaaaacks_0_61.png,train,false,false,false,false,false,false
train/aaaaaclp_0_0.png,train,true,false,false,false,false,false
train/aaaaaclp_0_1.png,train,false,false,false,false,false,false
train/aaaaaclp_0_12.png,train,false,false,false,false,false,false
train/aaaaaclp_0_18.png,train,false,false,false,false,false,false
train/aaaaacmk_0_32.png,train,false,false,false,false,false,false
train/aaaaacmk_0_49.png,train,false,false,false,true,false,true
train/aaaaacmk_0_52.png,train,false,false,false,true,false,false
train/aaaaacmk_0_56.png,train,false,false,false,false,false,false
train/aaaaacml_0_1.png,train,false,false,false,true,false,true
train/aaaaacml_0_3.png,train,false,false,false,true,false,true
train/aaaaacml_0_7.png,train,false,false,false,false,false,false
train/aaaaacml_0_35.png,train,false,false,false,false,false,false
train/aaaaacnb_0_1.png,train,false,false,false,false,false,true
train/aaaaacnb_0_3.png,train,false,false,false,false,false,false
train/aaaaacnb_0_21.png,train,false,false,false,false,false,false
train/aaaaacnb_0_57.png,train,false,false,false,false,false,false
test/aaaaacnc_0_0.png,test,true,false,false,false,false,false
test/aaaaacnc_0_7.png,test,false,false,false,false,false,false
test/aaaaacnc_0_13.png,test,false,false,false,false,false,false
test/aaaaacnc_0_20.png,test,false,false,false,false,false,false
test/aaaaacnc_0_26.png,test,false,false,false,false,false,false
test/aaaaacnc_0_33.png,test,false,false,false,false,false,false
test/aaaaacnc_0_39.png,test,false,false,false,false,false,false
test/aaaaacnc_0_46.png,test,false,false,false,false,false,false
test/aaaaacnc_0_52.png,test,false,false,false,false,false,false
test/aaaaacnc_0_59.png,test,false,false,false,false,false,false
train/aaaaacof_0_15.png,train,false,false,false,false,false,false
train/aaaaacof_0_30.png,train,true,false,false,false,true,true
train/aaaaacof_0_31.png,train,false,false,false,false,false,true
train/aaaaacof_0_61.png,train,false,false,false,false,false,false
train/aaaaacon_0_1.png,train,true,false,false,false,false,true
train/aaaaacon_0_2.png,train,true,false,false,false,false,true
train/aaaaacon_0_4.png,train,false,false,false,false,false,false
train/aaaaacon_0_6.png,train,false,false,false,false,false,false
train/aaaaacpc_0_0.png,train,false,true,false,false,false,false
train/aaaaacpc_0_2.png,train,false,false,false,false,false,false
train/aaaaacpc_0_8.png,train,false,false,false,false,false,false
train/aaaaacpc_0_13.png,train,false,false,false,false,false,false
train/aaaaacpd_0_0.png,train,false,false,false,true,false,false
train/aaaaacpd_0_7.png,train,false,false,false,false,false,false
train/aaaaacpd_0_11.png,train,false,false,false,false,false,false
train/aaaaacpd_0_53.png,train,false,false,false,true,false,false
test/aaaaacqc_0_0.png,test,false,false,false,false,false,false
test/aaaaacqc_0_6.png,test,false,false,false,false,true,false
test/aaaaacqc_0_8.png,test,false,false,false,false,false,false
test/aaaaacqc_0_15.png,test,false,false,false,false,false,false
test/aaaaacqc_0_22.png,test,false,false,false,true,false,true
test/aaaaacqc_0_23.png,test,false,false,false,false,false,false
test/aaaaacqc_0_28.png,test,false,false,false,false,true,false
test/aaaaacqc_0_30.png,test,false,false,false,false,false,false
test/aaaaacqc_0_31.png,test,false,false,false,false,true,false
test/aaaaacqc_0_38.png,test,false,false,false,false,false,false
test/aaaaacqc_0_45.png,test,false,false,false,false,false,false
test/aaaaacqc_0_53.png,test,false,false,false,false,false,false
test/aaaaacqc_0_60.png,test,false,false,false,false,false,false
test/aaaaacqc_0_68.png,test,false,false,false,false,false,false
test/aaaaacqd_0_0.png,test,false,false,false,false,false,false
test/aaaaacqd_0_8.png,test,false,false,false,false,false,false
test/aaaaacqd_0_15.png,test,false,false,false,false,false,false
test/aaaaacqd_0_18.png,test,false,false,false,true,false,false
test/aaaaacqd_0_19.png,test,false,false,false,true,false,false
test/aaaaacqd_0_23.png,test,false,false,false,false,false,false
test/aaaaacqd_0_30.png,test,false,false,false,false,false,false
test/aaaaacqd_0_38.png,test,false,false,false,false,false,false
test/aaaaacqd_0_45.png,test,false,false,false,false,false,false
test/aaaaacqd_0_53.png,test,false,false,false,false,false,false
test/aaaaacqd_0_60.png,test,false,false,false,false,false,false
test/aaaaacqd_0_68.png,test,false,false,false,false,false,false
train/aaaaacqe_0_26.png,train,false,false,false,false,false,false
train/aaaaacqe_0_31.png,train,false,false,false,false,false,false
train/aaaaacqe_0_36.png,train,false,false,false,false,false,false
train/aaaaacqe_0_49.png,train,false,false,false,false,false,false
test/aaaaacqy_0_0.png,test,true,false,false,false,false,false
test/aaaaacqy_0_2.png,test,true,false,false,false,false,true
test/aaaaacqy_0_8.png,test,false,false,false,false,false,false
test/aaaaacqy_0_15.png,test,false,false,false,false,false,false
test/aaaaacqy_0_23.png,test,false,false,false,false,false,false
test/aaaaacqy_0_31.png,test,false,false,false,false,false,false
test/aaaaacqy_0_38.png,test,false,false,false,false,false,false
test/aaaaacqy_0_46.png,test,false,false,false,false,false,false
test/aaaaacqy_0_54.png,test,false,false,false,false,false,false
test/aaaaacqy_0_61.png,test,false,false,false,false,false,false
test/aaaaacqy_0_69.png,test,false,false,false,false,false,false
test/aaaaacrj_0_0.png,test,true,false,false,false,false,false
test/aaaaacrj_0_3.png,test,true,false,false,false,true,false
test/aaaaacrj_0_8.png,test,false,false,false,false,false,false
test/aaaaacrj_0_15.png,test,false,false,false,false,false,false
test/aaaaacrj_0_23.png,test,false,false,false,false,false,false
test/aaaaacrj_0_30.png,test,false,false,false,false,false,false
test/aaaaacrj_0_38.png,test,false,false,false,false,false,false
test/aaaaacrj_0_45.png,test,false,false,false,false,false,false
test/aaaaacrj_0_53.png,test,false,false,false,false,false,false
test/aaaaacrj_0_60.png,test,false,false,false,false,false,false
test/aaaaacrj_0_68.png,test,false,false,false,false,false,false
test/aaaaacse_0_0.png,test,false,false,true,false,false,false
test/aaaaacse_0_3.png,test,false,false,true,false,false,false
test/aaaaacse_0_4.png,test,false,false,true,false,false,false
test/aaaaacse_0_5.png,test,false,false,true,false,false,false
test/aaaaacse_0_7.png,test,false,false,false,false,false,false
test/aaaaacse_0_14.png,test,false,false,false,false,false,false
test/aaaaacse_0_21.png,test,false,false,false,false,false,false
test/aaaaacse_0_28.png,test,false,false,false,false,false,false
test/aaaaacse_0_34.png,test,false,false,false,false,false,false
test/aaaaacse_0_39.png,test,false,false,true,false,false,false
test/aaaaacse_0_40.png,test,false,false,true,false,false,false
test/aaaaacse_0_41.png,test,false,false,false,false,false,false
test/aaaaacse_0_48.png,test,false,false,false,false,false,false
test/aaaaacse_0_55.png,test,false,false,false,false,false,false
test/aaaaacse_0_62.png,test,false,false,false,false,false,false
train/aaaaacsw_0_24.png,train,false,false,false,false,false,false
train/aaaaacsw_0_26.png,train,false,false,false,false,false,false
train/aaaaacsw_0_27.png,train,false,false,false,false,false,false
train/aaaaacsw_0_58.png,train,false,false,false,false,false,false
train/aaaaactf_0_14.png,train,false,false,false,false,false,false
train/aaaaactf_0_20.png,train,false,false,false,false,false,false
train/aaaaactf_0_31.png,train,false,false,false,false,false,false
train/aaaaactf_0_49.png,train,false,false,false,false,false,false
test/aaaaactm_0_0.png,test,false,false,true,false,false,true
test/aaaaactm_0_1.png,test,false,false,true,false,false,true
test/aaaaactm_0_2.png,test,false,false,true,false,false,true
test/aaaaactm_0_3.png,test,false,false,true,false,false,true
test/aaaaactm_0_4.png,test,false,false,true,false,false,true
test/aaaaactm_0_5.png,test,false,false,true,false,false,false
test/aaaaactm_0_6.png,test,false,false,false,false,false,false
test/aaaaactm_0_12.png,test,false,false,false,false,false,false
test/aaaaactm_0_17.png,test,false,false,false,false,false,false
test/aaaaactm_0_23.png,test,false,false,false,false,false,false
test/aaaaactm_0_29.png,test,false,false,false,false,false,false
test/aaaaactm_0_35.png,test,false,false,false,false,false,false
test/aaaaactm_0_40.png,test,false,false,false,false,false,false
test/aaaaactm_0_46.png,test,false,false,false,false,false,false
test/aaaaactm_0_52.png,test,false,false,false,false,false,false
test/aaaaacuq_0_0.png,test,true,false,false,false,false,false
test/aaaaacuq_0_7.png,test,false,false,false,false,false,false
test/aaaaacuq_0_13.png,test,false,false,false,false,false,false
test/aaaaacuq_0_20.png,test,false,false,false,false,false,false
test/aaaaacuq_0_26.png,test,false,false,false,false,false,false
test/aaaaacuq_0_33.png,test,false,false,false,false,false,false
test/aaaaacuq_0_39.png,test,false,false,false,false,false,false
test/aaaaacuq_0_46.png,test,false,false,false,false,false,false
test/aaaaacuq_0_52.png,test,false,false,false,false,false,false
test/aaaaacuq_0_59.png,test,false,false,false,false,false,false
train/aaaaacur_0_31.png,train,false,false,false,false,false,false
train/aaaaacur_0_45.png,train,false,false,false,false,false,false
train/aaaaacur_0_48.png,train,false,false,false,false,false,false
train/aaaaacur_0_57.png,train,false,false,false,false,false,false
train/aaaaacvq_0_0.png,train,true,false,false,false,false,true
train/aaaaacvq_0_15.png,train,false,false,false,false,false,false
train/aaaaacvq_0_39.png,train,false,false,false,false,false,false
train/aaaaacvq_0_48.png,train,false,false,false,false,false,false
test/aaaaacvy_0_0.png,test,true,false,false,false,false,false
test/aaaaacvy_0_7.png,test,false,false,false,false,false,false
test/aaaaacvy_0_13.png,test,false,false,false,false,false,false
test/aaaaacvy_0_20.png,test,false,false,false,false,false,false
test/aaaaacvy_0_26.png,test,false,false,false,false,false,false
test/aaaaacvy_0_33.png,test,false,false,false,false,false,false
test/aaaaacvy_0_39.png,test,false,false,false,false,false,false
test/aaaaacvy_0_46.png,test,false,false,false,false,false,false
test/aaaaacvy_0_52.png,test,false,false,false,false,false,false
test/aaaaacvy_0_59.png,test,false,false,false,false,false,false
train/aaaaacwg_0_3.png,train,false,false,false,false,false,false
train/aaaaacwg_0_10.png,train,false,false,false,false,false,false
train/aaaaacwg_0_18.png,train,false,false,false,false,false,false
train/aaaaacwg_0_28.png,train,false,false,false,false,false,false
train/aaaaacwq_0_0.png,train,false,false,false,false,true,true
train/aaaaacwq_0_6.png,train,false,false,false,false,true,true
train/aaaaacwq_0_32.png,train,false,false,false,false,false,false
train/aaaaacwq_0_44.png,train,false,false,false,false,false,false
train/aaaaacww_0_7.png,train,false,false,false,false,false,false
train/aaaaacww_0_8.png,train,false,false,true,false,false,false
train/aaaaacww_0_9.png,train,false,false,true,false,false,false
train/aaaaacww_0_16.png,train,false,false,false,false,false,false
train/aaaaacwx_0_6.png,train,false,false,true,false,false,false
train/aaaaacwx_0_7.png,train,false,false,true,false,false,false
train/aaaaacwx_0_12.png,train,false,false,false,false,false,false
train/aaaaacwx_0_42.png,train,false,false,false,false,false,false
test/aaaaacxk_0_0.png,test,true,false,false,false,false,false
test/aaaaacxk_0_6.png,test,false,false,false,false,false,false
test/aaaaacxk_0_11.png,test,false,false,false,false,false,false
test/aaaaacxk_0_17.png,test,false,false,false,false,false,false
test/aaaaacxk_0_22.png,test,false,false,false,false,false,false
test/aaaaacxk_0_28.png,test,false,false,false,false,false,false
test/aaaaacxk_0_33.png,test,false,false,false,false,false,false
test/aaaaacxk_0_39.png,test,false,false,false,false,false,false
test/aaaaacxk_0_44.png,test,false,false,false,false,false,false
test/aaaaacxk_0_50.png,test,false,false,false,false,false,false
test/aaaaacxl_0_0.png,test,true,false,false,false,false,true
test/aaaaacxl_0_17.png,test,false,false,false,false,false,false
test/aaaaacxl_0_34.png,test,false,false,false,false,false,false
test/aaaaacxl_0_52.png,test,false,false,false,false,false,false
test/aaaaacxl_0_69.png,test,false,false,false,false,false,false
test/aaaaacxl_0_86.png,test,false,false,false,false,false,false
test/aaaaacxl_0_103.png,test,false,false,false,false,false,false
test/aaaaacxl_0_121.png,test,false,false,false,false,false,false
test/aaaaacxl_0_138.png,test,false,false,false,false,false,false
test/aaaaacxl_0_155.png,test,false,false,false,false,false,false
test/aaaaacxx_0_0.png,test,true,false,false,false,false,false
test/aaaaacxx_0_7.png,test,false,false,false,false,false,false
test/aaaaacxx_0_14.png,test,false,false,false,false,false,false
test/aaaaacxx_0_21.png,test,false,false,false,false,false,false
test/aaaaacxx_0_28.png,test,false,false,false,false,false,false
test/aaaaacxx_0_34.png,test,false,false,false,false,false,false
test/aaaaacxx_0_41.png,test,false,false,false,false,false,false
test/aaaaacxx_0_48.png,test,false,false,false,false,false,false
test/aaaaacxx_0_55.png,test,false,false,false,false,false,false
test/aaaaacxx_0_62.png,test,false,false,false,false,false,false
train/aaaaacyp_0_9.png,train,false,false,false,false,false,false
train/aaaaacyp_0_17.png,train,false,false,false,false,false,false
train/aaaaacyp_0_47.png,train,false,false,true,false,false,false
train/aaaaacyp_0_49.png,train,false,false,true,false,false,false
test/aaaaacyw_0_0.png,test,false,false,false,false,false,true
test/aaaaacyw_0_7.png,test,false,false,false,false,false,false
test/aaaaacyw_0_13.png,test,true,false,false,false,false,true
test/aaaaacyw_0_14.png,test,true,false,false,false,false,true
test/aaaaacyw_0_15.png,test,false,true,false,false,false,false
test/aaaaacyw_0_16.png,test,false,true,false,false,false,false
test/aaaaacyw_0_20.png,test,false,false,false,false,false,false
test/aaaaacyw_0_26.png,test,false,false,false,false,false,false
test/aaaaacyw_0_33.png,test,false,false,false,false,false,false
test/aaaaacyw_0_39.png,test,false,false,false,false,false,false
test/aaaaacyw_0_46.png,test,false,false,false,false,false,false
test/aaaaacyw_0_52.png,test,false,false,false,false,false,false
test/aaaaacyw_0_59.png,test,false,false,false,false,false,false
train/aaaaaczk_0_0.png,train,true,false,false,false,false,true
train/aaaaaczk_0_13.png,train,false,false,false,false,false,false
train/aaaaaczk_0_16.png,train,false,false,false,false,false,false
train/aaaaaczk_0_28.png,train,false,false,false,false,false,false
train/aaaaadan_0_2.png,train,false,false,false,true,false,false
train/aaaaadan_0_9.png,train,false,false,false,false,false,false
train/aaaaadan_0_26.png,train,false,false,false,false,false,false
train/aaaaadan_0_60.png,train,false,false,false,true,false,false
train/aaaaadat_0_0.png,train,false,false,false,true,false,false
train/aaaaadat_0_2.png,train,false,false,false,true,false,false
train/aaaaadat_0_5.png,train,false,false,false,false,false,false
train/aaaaadat_0_24.png,train,false,false,false,false,false,false
train/aaaaadat_1_0.png,train,false,false,false,true,false,false
train/aaaaadat_1_2.png,train,false,false,false,false,false,false
train/aaaaadat_1_4.png,train,false,false,false,false,false,false
train/aaaaadat_1_8.png,train,false,false,false,false,false,false
train/aaaaadat_2_0.png,train,false,false,false,true,false,false
train/aaaaadat_2_4.png,train,false,false,false,false,false,false
train/aaaaadat_2_24.png,train,false,false,false,false,false,false
train/aaaaadat_2_27.png,train,false,false,false,false,false,false
train/aaaaadat_3_0.png,train,false,false,false,true,false,false
train/aaaaadat_3_10.png,train,false,false,false,false,false,false
train/aaaaadat_3_11.png,train,false,false,false,false,false,false
train/aaaaadat_3_24.png,train,false,false,false,false,false,false
train/aaaaadat_4_0.png,train,false,false,false,true,false,false
train/aaaaadat_4_2.png,train,false,false,false,false,false,false
train/aaaaadat_4_11.png,train,false,false,false,false,false,false
train/aaaaadat_4_12.png,train,false,false,false,false,false,false
train/aaaaadat_5_0.png,train,false,false,false,true,false,false
train/aaaaadat_5_1.png,train,false,false,false,false,false,false
train/aaaaadat_5_2.png,train,false,false,false,false,false,false
train/aaaaadat_5_22.png,train,false,false,false,false,false,false
train/aaaaadat_6_0.png,train,false,false,false,true,false,false
train/aaaaadat_6_6.png,train,false,false,false,false,false,false
train/aaaaadat_6_18.png,train,false,false,false,false,false,false
train/aaaaadat_6_24.png,train,false,false,false,false,false,false
train/aaaaadbw_0_28.png,train,false,false,false,false,false,false
train/aaaaadbw_0_45.png,train,false,false,false,false,false,false
train/aaaaadbw_0_46.png,train,false,false,false,false,false,false
train/aaaaadbw_0_54.png,train,false,false,false,false,false,false
test/aaaaaddp_0_0.png,test,true,false,false,false,false,false
test/aaaaaddp_0_7.png,test,false,false,false,false,false,false
test/aaaaaddp_0_14.png,test,false,false,false,false,false,false
test/aaaaaddp_0_21.png,test,false,false,false,false,false,false
test/aaaaaddp_0_25.png,test,false,false,false,false,false,true
test/aaaaaddp_0_28.png,test,false,false,false,false,false,false
test/aaaaaddp_0_34.png,test,false,false,false,false,false,false
test/aaaaaddp_0_41.png,test,false,false,false,false,false,false
test/aaaaaddp_0_48.png,test,false,false,false,false,false,false
test/aaaaaddp_0_55.png,test,false,false,false,false,false,false
test/aaaaaddp_0_62.png,test,false,false,false,false,false,false
train/aaaaadea_0_4.png,train,false,false,false,false,false,false
train/aaaaadea_0_12.png,train,false,false,false,false,false,false
train/aaaaadea_0_42.png,train,false,false,false,false,false,false
train/aaaaadea_0_69.png,train,false,false,false,false,false,false
train/aaaaadey_0_29.png,train,false,false,false,false,false,false
train/aaaaadey_0_30.png,train,false,false,false,false,false,false
train/aaaaadey_0_37.png,train,false,false,false,false,false,false
train/aaaaadey_0_40.png,train,false,false,false,false,false,false
train/aaaaadgr_0_0.png,train,false,false,true,false,false,false
train/aaaaadgr_0_1.png,train,false,false,true,false,false,false
train/aaaaadgr_0_15.png,train,false,false,false,false,false,false
train/aaaaadgr_0_24.png,train,false,false,false,false,false,false
train/aaaaadik_0_5.png,train,false,false,false,false,false,false
train/aaaaadik_0_17.png,train,false,false,false,false,false,false
train/aaaaadik_0_18.png,train,false,false,false,false,false,false
train/aaaaadik_0_24.png,train,false,false,false,false,false,false
train/aaaaadio_0_8.png,train,false,false,false,false,false,false
train/aaaaadio_0_40.png,train,false,false,false,false,false,false
train/aaaaadio_0_51.png,train,false,false,false,false,false,false
train/aaaaadio_0_58.png,train,false,false,false,false,false,false
train/aaaaadjd_0_18.png,train,false,false,false,false,false,false
train/aaaaadjd_0_26.png,train,false,false,false,false,false,false
train/aaaaadjd_0_27.png,train,false,false,false,false,false,false
train/aaaaadjd_0_29.png,train,false,false,false,false,false,false
train/aaaaadjn_0_4.png,train,false,false,false,false,false,false
train/aaaaadjn_0_28.png,train,false,false,false,false,false,false
train/aaaaadjn_0_33.png,train,false,false,false,false,false,false
train/aaaaadjn_0_54.png,train,false,false,false,false,false,false
train/aaaaadlc_0_24.png,train,false,false,false,false,false,false
train/aaaaadlc_0_33.png,train,false,true,false,false,false,false
train/aaaaadlc_0_36.png,train,false,false,false,false,false,false
train/aaaaadlc_0_40.png,train,false,false,false,false,false,false
train/aaaaadlg_0_26.png,train,false,false,false,false,false,false
train/aaaaadlg_0_41.png,train,false,false,false,false,false,false
train/aaaaadlg_0_42.png,train,false,false,false,false,false,false
train/aaaaadlg_0_58.png,train,false,false,false,false,false,false
train/aaaaadnh_0_24.png,train,false,false,false,false,false,false
train/aaaaadnh_0_26.png,train,false,false,false,false,false,false
train/aaaaadnh_0_33.png,train,false,false,false,false,false,false
train/aaaaadnh_0_45.png,train,false,false,false,false,false,false
train/aaaaadni_0_0.png,train,true,false,false,false,false,false
train/aaaaadni_0_15.png,train,false,false,false,false,false,false
train/aaaaadni_0_37.png,train,false,false,false,false,false,false
train/aaaaadni_0_42.png,train,false,false,false,false,false,true
train/aaaaadoa_0_7.png,train,false,false,false,false,false,false
train/aaaaadoa_0_12.png,train,false,false,false,false,false,true
train/aaaaadoa_0_24.png,train,false,false,false,false,false,false
train/aaaaadoa_0_25.png,train,false,false,false,false,false,false
test/aaaaadoo_0_0.png,test,true,false,false,false,false,false
test/aaaaadoo_0_8.png,test,false,false,false,false,false,false
test/aaaaadoo_0_16.png,test,false,false,false,false,false,false
test/aaaaadoo_0_24.png,test,false,false,false,false,false,false
test/aaaaadoo_0_32.png,test,true,false,false,false,false,false
test/aaaaadoo_0_41.png,test,false,false,false,false,false,false
test/aaaaadoo_0_49.png,test,false,false,false,false,false,false
test/aaaaadoo_0_57.png,test,false,false,false,false,false,false
test/aaaaadoo_0_65.png,test,false,false,false,false,false,false
test/aaaaadoo_0_73.png,test,false,false,false,false,false,false
test/aaaaadov_0_0.png,test,false,false,false,false,false,true
test/aaaaadov_0_4.png,test,false,false,false,false,false,false
test/aaaaadov_0_8.png,test,false,false,false,false,false,false
test/aaaaadov_0_13.png,test,false,false,false,false,false,false
test/aaaaadov_0_17.png,test,false,false,false,false,false,false
test/aaaaadov_0_21.png,test,false,false,false,false,false,false
test/aaaaadov_0_25.png,test,false,false,false,false,false,false
test/aaaaadov_0_30.png,test,false,false,false,false,false,false
test/aaaaadov_0_34.png,test,false,false,false,false,false,false
test/aaaaadov_0_38.png,test,false,false,false,false,false,false
test/aaaaadpg_0_0.png,test,false,false,false,false,false,false
test/aaaaadpg_0_7.png,test,false,false,false,false,false,false
test/aaaaadpg_0_13.png,test,false,false,false,false,false,false
test/aaaaadpg_0_20.png,test,false,false,false,false,false,false
test/aaaaadpg_0_27.png,test,false,false,false,false,false,false
test/aaaaadpg_0_33.png,test,false,false,false,false,false,false
test/aaaaadpg_0_40.png,test,false,false,false,false,false,false
test/aaaaadpg_0_47.png,test,false,false,false,false,false,false
test/aaaaadpg_0_53.png,test,false,false,false,false,false,false
test/aaaaadpg_0_60.png,test,false,false,false,false,false,false
train/aaaaadqg_0_0.png,train,false,false,false,false,false,true
train/aaaaadqg_0_6.png,train,false,false,false,false,false,false
train/aaaaadqg_0_9.png,train,false,false,false,false,false,false
train/aaaaadqg_0_11.png,train,false,false,false,false,false,false
test/aaaaadqq_0_0.png,test,false,false,false,false,false,true
test/aaaaadqq_0_1.png,test,false,false,false,false,false,false
test/aaaaadqq_0_2.png,test,false,false,false,false,false,false
test/aaaaadqq_0_3.png,test,false,false,false,false,false,false
test/aaaaadqq_0_4.png,test,false,false,false,false,false,false
test/aaaaadqq_0_5.png,test,false,false,false,false,false,false
test/aaaaadqq_0_6.png,test,false,false,false,false,false,false
test/aaaaadqq_0_7.png,test,false,false,false,false,false,false
test/aaaaadqq_0_8.png,test,false,false,false,false,false,false
train/aaaaadqt_0_23.png,train,false,false,false,false,false,false
train/aaaaadqt_0_30.png,train,false,false,false,false,false,false
train/aaaaadqt_0_36.png,train,false,false,false,false,false,false
train/aaaaadqt_0_51.png,train,false,false,false,false,false,false
train/aaaaadqz_0_9.png,train,false,false,false,false,false,false
train/aaaaadqz_0_11.png,train,false,false,false,false,false,false
train/aaaaadqz_0_55.png,train,false,false,false,true,false,false
train/aaaaadqz_0_58.png,train,false,false,false,true,false,false
train/aaaaadrd_0_0.png,train,true,false,false,false,false,true
train/aaaaadrd_0_21.png,train,false,false,false,false,false,false
train/aaaaadrd_0_22.png,train,false,false,false,false,false,false
train/aaaaadrd_0_28.png,train,false,false,false,false,false,false
train/aaaaadrd_1_1.png,train,true,false,false,false,false,false
train/aaaaadrd_1_8.png,train,false,false,false,false,false,false
train/aaaaadrd_1_11.png,train,false,false,false,false,false,false
train/aaaaadrd_1_14.png,train,false,false,false,false,false,false
test/aaaaadrg_0_0.png,test,false,false,false,true,false,false
test/aaaaadrg_0_1.png,test,false,false,false,true,false,false
test/aaaaadrg_0_10.png,test,false,false,false,false,false,false
test/aaaaadrg_0_11.png,test,false,false,false,true,false,false
test/aaaaadrg_0_20.png,test,false,false,false,false,false,false
test/aaaaadrg_0_30.png,test,false,false,false,false,false,false
test/aaaaadrg_0_40.png,test,false,false,false,false,false,false
test/aaaaadrg_0_49.png,test,false,false,false,false,false,false
test/aaaaadrg_0_59.png,test,false,false,false,false,false,false
test/aaaaadrg_0_69.png,test,false,false,false,false,false,false
test/aaaaadrg_0_79.png,test,false,false,false,false,false,false
test/aaaaadrg_0_89.png,test,false,false,false,false,false,false
test/aaaaadrh_0_0.png,test,false,false,false,true,false,false
test/aaaaadrh_0_1.png,test,false,false,false,true,false,false
test/aaaaadrh_0_10.png,test,false,false,false,false,false,false
test/aaaaadrh_0_20.png,test,false,false,false,false,false,false
test/aaaaadrh_0_30.png,test,false,false,false,false,false,false
test/aaaaadrh_0_40.png,test,false,false,false,false,false,false
test/aaaaadrh_0_49.png,test,false,false,false,false,false,false
test/aaaaadrh_0_59.png,test,false,false,false,false,false,false
test/aaaaadrh_0_69.png,test,false,false,false,false,false,false
test/aaaaadrh_0_79.png,test,false,false,false,false,false,false
test/aaaaadrh_0_89.png,test,false,false,false,false,false,false
train/aaaaadru_0_0.png,train,false,false,false,false,true,true
train/aaaaadru_0_1.png,train,false,false,false,false,false,false
train/aaaaadru_0_8.png,train,false,false,false,false,true,false
train/aaaaadru_0_14.png,train,false,false,false,false,false,false
train/aaaaadru_1_1.png,train,false,false,false,false,false,false
train/aaaaadru_1_7.png,train,false,false,false,false,true,false
train/aaaaadru_1_24.png,train,false,false,false,false,true,false
train/aaaaadru_1_29.png,train,false,false,false,false,false,false
train/aaaaadru_2_0.png,train,false,false,false,false,true,false
train/aaaaadru_2_3.png,train,false,false,false,false,false,false
train/aaaaadru_2_4.png,train,false,false,false,false,false,false
train/aaaaadru_2_10.png,train,false,false,false,false,false,false
train/aaaaadru_3_0.png,train,false,false,false,false,true,false
train/aaaaadru_3_2.png,train,false,false,false,false,false,false
train/aaaaadru_3_23.png,train,false,false,false,false,false,false
train/aaaaadru_3_26.png,train,false,false,false,false,true,false
train/aaaaadrv_0_13.png,train,false,false,false,false,false,false
train/aaaaadrv_0_14.png,train,false,true,false,false,false,false
train/aaaaadrv_0_26.png,train,false,false,false,false,false,false
train/aaaaadrv_0_28.png,train,false,false,false,false,false,false
train/aaaaadsd_0_5.png,train,false,true,false,false,false,true
train/aaaaadsd_0_6.png,train,false,false,false,false,false,true
train/aaaaadsd_0_7.png,train,false,false,false,false,false,false
train/aaaaadsd_0_29.png,train,false,false,false,false,false,false
train/aaaaadsg_0_0.png,train,false,false,true,false,false,true
train/aaaaadsg_0_4.png,train,false,false,true,false,false,false
train/aaaaadsg_0_7.png,train,false,false,false,false,false,false
train/aaaaadsg_0_25.png,train,false,false,false,false,false,false
train/aaaaadsh_0_1.png,train,false,false,true,false,false,true
train/aaaaadsh_0_22.png,train,false,false,false,false,false,false
train/aaaaadsh_0_57.png,train,false,false,false,false,false,false
train/aaaaadsh_0_68.png,train,false,false,true,false,false,false
test/aaaaadsr_0_0.png,test,true,false,false,false,false,false
test/aaaaadsr_0_4.png,test,false,false,false,false,false,false
test/aaaaadsr_0_7.png,test,false,false,false,false,false,false
test/aaaaadsr_0_11.png,test,false,false,false,false,false,false
test/aaaaadsr_0_14.png,test,false,false,false,false,false,false
test/aaaaadsr_0_18.png,test,false,false,false,false,false,false
test/aaaaadsr_0_21.png,test,false,false,false,false,false,false
test/aaaaadsr_0_25.png,test,false,false,false,false,false,false
test/aaaaadsr_0_28.png,test,false,false,false,false,false,false
test/aaaaadsr_0_32.png,test,false,false,false,false,false,false
train/aaaaadss_0_0.png,train,true,false,false,false,false,true
train/aaaaadss_0_17.png,train,false,false,false,false,false,false
train/aaaaadss_0_27.png,train,false,false,false,false,false,false
train/aaaaadss_0_29.png,train,true,false,false,false,false,true
train/aaaaadst_0_0.png,train,true,false,false,false,false,false
train/aaaaadst_0_4.png,train,false,false,false,false,false,false
train/aaaaadst_0_6.png,train,false,false,false,false,false,false
train/aaaaadst_0_8.png,train,false,false,false,false,false,false
train/aaaaadst_1_0.png,train,false,false,false,false,false,true
train/aaaaadst_1_3.png,train,false,false,false,false,false,false
train/aaaaadst_1_22.png,train,false,false,false,false,false,false
train/aaaaadst_1_28.png,train,false,false,false,false,false,false
train/aaaaadst_2_2.png,train,false,false,false,false,false,false
train/aaaaadst_2_3.png,train,false,false,false,false,false,false
train/aaaaadst_2_9.png,train,false,false,false,false,false,true
train/aaaaadst_2_13.png,train,false,false,false,false,false,false
train/aaaaadst_3_0.png,train,false,false,false,false,false,true
train/aaaaadst_3_4.png,train,false,false,false,false,false,false
train/aaaaadst_3_8.png,train,false,false,false,false,false,false
train/aaaaadst_3_9.png,train,false,false,false,false,false,false
test/aaaaadsv_0_0.png,test,true,false,false,false,false,false
test/aaaaadsv_0_2.png,test,false,false,false,false,false,false
test/aaaaadsv_0_3.png,test,false,false,false,false,false,false
test/aaaaadsv_0_5.png,test,false,false,false,false,false,false
test/aaaaadsv_0_6.png,test,false,false,false,false,false,false
test/aaaaadsv_0_8.png,test,false,false,false,false,false,false
test/aaaaadsv_0_9.png,test,false,false,false,false,false,false
test/aaaaadsv_0_11.png,test,false,false,false,false,false,false
test/aaaaadsv_0_12.png,test,false,false,false,false,false,false
test/aaaaadsv_0_13.png,test,false,false,false,false,false,true
test/aaaaadsv_0_14.png,test,false,false,false,false,false,true
test/aaaaadsv_1_0.png,test,false,false,false,false,false,false
test/aaaaadsv_1_3.png,test,false,false,false,false,false,false
test/aaaaadsv_1_6.png,test,false,false,false,false,false,false
test/aaaaadsv_1_10.png,test,false,false,false,false,false,false
test/aaaaadsv_1_13.png,test,false,false,false,false,false,false
test/aaaaadsv_1_16.png,test,false,false,false,false,false,false
test/aaaaadsv_1_19.png,test,false,false,false,false,false,false
test/aaaaadsv_1_23.png,test,false,false,false,false,false,false
test/aaaaadsv_1_26.png,test,false,false,false,false,false,true
test/aaaaadsv_1_27.png,test,false,false,false,false,false,true
test/aaaaadsv_1_29.png,test,false,false,false,false,false,false
test/aaaaadty_0_0.png,test,true,false,false,false,false,true
test/aaaaadty_0_1.png,test,true,false,false,false,false,false
test/aaaaadty_0_3.png,test,false,false,false,false,false,false
test/aaaaadty_0_4.png,test,false,false,false,false,false,false
test/aaaaadty_0_6.png,test,false,false,false,false,false,false
test/aaaaadty_0_7.png,test,false,false,false,false,false,false
test/aaaaadty_0_9.png,test,false,false,false,false,false,false
test/aaaaadty_0_10.png,test,false,false,false,false,false,false
test/aaaaadty_0_12.png,test,false,false,false,false,false,false
test/aaaaadty_0_13.png,test,false,false,false,false,false,false
train/aaaaadud_0_0.png,train,true,false,false,false,false,true
train/aaaaadud_0_2.png,train,false,false,false,false,false,false
train/aaaaadud_0_19.png,train,false,false,false,false,false,false
train/aaaaadud_0_51.png,train,false,false,false,false,false,false
train/aaaaaduk_0_5.png,train,false,false,false,false,false,false
train/aaaaaduk_0_7.png,train,false,false,true,false,false,false
train/aaaaaduk_0_9.png,train,false,false,true,false,false,false
train/aaaaaduk_0_19.png,train,false,false,false,false,false,false
train/aaaaaduk_1_0.png,train,false,false,false,false,false,false
train/aaaaaduk_1_3.png,train,false,false,true,false,false,false
train/aaaaaduk_1_4.png,train,false,false,true,false,false,false
train/aaaaaduk_1_9.png,train,false,false,false,false,false,false
train/aaaaaduk_2_0.png,train,false,false,true,false,false,false
train/aaaaaduk_2_15.png,train,false,false,false,false,false,false
train/aaaaaduk_2_27.png,train,false,false,true,false,false,false
train/aaaaaduk_2_28.png,train,false,false,false,false,false,false
train/aaaaaduk_3_2.png,train,false,false,true,false,false,false
train/aaaaaduk_3_3.png,train,false,false,true,false,false,false
train/aaaaaduk_3_10.png,train,false,false,false,false,false,false
train/aaaaaduk_3_13.png,train,false,false,false,false,false,false
train/aaaaaduk_4_0.png,train,false,false,false,false,false,false
train/aaaaaduk_4_3.png,train,false,false,false,false,false,false
train/aaaaaduk_4_11.png,train,false,false,true,false,false,false
train/aaaaaduk_4_23.png,train,false,false,false,false,false,false
test/aaaaadul_0_0.png,test,false,false,false,false,false,false
test/aaaaadul_0_3.png,test,false,false,false,false,false,false
test/aaaaadul_0_6.png,test,false,false,false,false,false,false
test/aaaaadul_0_7.png,test,false,false,true,false,false,false
test/aaaaadul_0_8.png,test,false,false,true,false,false,true
test/aaaaadul_0_10.png,test,false,false,false,false,false,false
test/aaaaadul_0_13.png,test,false,false,false,false,false,false
test/aaaaadul_0_16.png,test,false,false,false,false,false,false
test/aaaaadul_0_19.png,test,false,false,false,false,false,false
test/aaaaadul_0_23.png,test,false,false,false,false,false,false
test/aaaaadul_0_26.png,test,false,false,false,false,false,false
test/aaaaadul_0_29.png,test,false,false,false,false,false,false
test/aaaaadul_1_0.png,test,false,false,false,false,false,false
test/aaaaadul_1_2.png,test,false,false,true,false,false,true
test/aaaaadul_1_3.png,test,false,false,true,false,false,true
test/aaaaadul_1_5.png,test,false,false,false,false,false,false
test/aaaaadul_1_6.png,test,false,false,false,false,false,false
test/aaaaadul_1_8.png,test,false,false,false,false,false,false
test/aaaaadul_1_9.png,test,false,false,false,false,false,false
test/aaaaadul_1_11.png,test,false,false,false,false,false,false
test/aaaaadul_1_12.png,test,false,false,false,false,false,false
test/aaaaadul_1_14.png,test,false,false,false,false,false,false
test/aaaaadul_2_0.png,test,false,false,true,false,false,false
test/aaaaadul_2_1.png,test,false,false,true,false,false,false
test/aaaaadul_2_3.png,test,false,false,false,false,false,false
test/aaaaadul_2_6.png,test,false,false,false,false,false,false
test/aaaaadul_2_10.png,test,false,false,false,false,false,false
test/aaaaadul_2_13.png,test,false,false,false,false,false,false
test/aaaaadul_2_14.png,test,false,false,true,false,false,false
test/aaaaadul_2_15.png,test,false,false,true,false,false,false
test/aaaaadul_2_16.png,test,false,false,false,false,false,false
test/aaaaadul_2_19.png,test,false,false,false,false,false,false
test/aaaaadul_2_23.png,test,false,false,false,false,false,false
test/aaaaadul_2_26.png,test,false,false,true,false,false,false
test/aaaaadul_2_27.png,test,false,false,true,false,false,false
test/aaaaadul_2_29.png,test,false,false,false,false,false,false
test/aaaaadul_3_0.png,test,false,false,false,false,false,false
test/aaaaadul_3_2.png,test,false,false,true,false,false,false
test/aaaaadul_3_3.png,test,false,false,true,false,false,false
test/aaaaadul_3_6.png,test,false,false,false,false,false,false
test/aaaaadul_3_10.png,test,false,false,false,false,false,false
test/aaaaadul_3_13.png,test,false,false,true,false,false,true
test/aaaaadul_3_16.png,test,false,false,false,false,false,false
test/aaaaadul_3_19.png,test,false,false,false,false,false,false
test/aaaaadul_3_23.png,test,false,false,false,false,false,false
test/aaaaadul_3_26.png,test,false,false,false,false,false,false
test/aaaaadul_3_29.png,test,false,false,false,false,false,false
test/aaaaadul_4_0.png,test,false,false,false,false,false,false
test/aaaaadul_4_3.png,test,false,false,false,false,false,false
test/aaaaadul_4_5.png,test,false,false,false,false,false,false
test/aaaaadul_4_8.png,test,false,false,false,false,false,false
test/aaaaadul_4_10.png,test,false,false,false,false,false,false
test/aaaaadul_4_13.png,test,false,false,false,false,false,false
test/aaaaadul_4_15.png,test,false,false,false,false,false,false
test/aaaaadul_4_18.png,test,false,false,false,false,false,false
test/aaaaadul_4_20.png,test,false,false,false,false,false,false
test/aaaaadul_4_22.png,test,false,false,true,false,false,true
test/aaaaadul_4_23.png,test,false,false,false,false,false,false
test/aaaaadul_5_0.png,test,false,false,false,false,false,false
test/aaaaadul_5_3.png,test,false,false,false,false,false,false
test/aaaaadul_5_6.png,test,false,false,false,false,false,false
test/aaaaadul_5_10.png,test,false,false,false,false,false,false
test/aaaaadul_5_13.png,test,false,false,false,false,false,false
test/aaaaadul_5_16.png,test,false,false,false,false,false,false
test/aaaaadul_5_19.png,test,false,false,true,false,false,true
test/aaaaadul_5_23.png,test,false,false,false,false,false,false
test/aaaaadul_5_24.png,test,false,false,true,false,false,false
test/aaaaadul_5_25.png,test,false,false,true,false,false,true
test/aaaaadul_5_26.png,test,false,false,false,false,false,false
test/aaaaadul_5_29.png,test,false,false,true,false,false,false
train/aaaaaduy_0_0.png,train,false,false,true,false,false,true
train/aaaaaduy_0_8.png,train,false,false,false,false,false,false
train/aaaaaduy_0_15.png,train,false,false,false,false,false,false
train/aaaaaduy_0_20.png,train,false,false,false,false,false,false
train/aaaaaduy_1_1.png,train,false,false,true,false,false,true
train/aaaaaduy_1_7.png,train,false,false,false,false,false,false
train/aaaaaduy_1_10.png,train,false,false,false,false,false,false
train/aaaaaduy_1_11.png,train,false,false,false,false,false,false
train/aaaaadvc_0_1.png,train,false,false,false,false,false,false
train/aaaaadvc_0_2.png,train,false,false,true,false,false,true
train/aaaaadvc_0_15.png,train,false,false,false,false,false,false
train/aaaaadvc_0_28.png,train,false,false,false,false,false,false
train/aaaaadvc_1_0.png,train,false,false,true,false,false,false
train/aaaaadvc_1_23.png,train,false,false,false,false,false,false
train/aaaaadvc_1_24.png,train,false,false,false,false,false,false
train/aaaaadvc_1_28.png,train,false,false,false,false,false,false
train/aaaaadvc_2_6.png,train,false,false,false,false,false,false
train/aaaaadvc_2_7.png,train,false,false,true,false,false,true
train/aaaaadvc_2_8.png,train,false,false,false,false,false,false
train/aaaaadvc_2_24.png,train,false,false,false,false,false,false
train/aaaaadvc_3_5.png,train,false,false,true,false,false,true
train/aaaaadvc_3_11.png,train,false,false,false,false,false,false
train/aaaaadvc_3_13.png,train,false,false,false,false,false,false
train/aaaaadvc_3_28.png,train,false,false,false,false,false,false
train/aaaaadvc_4_0.png,train,false,false,true,false,false,true
train/aaaaadvc_4_12.png,train,false,false,false,false,false,false
train/aaaaadvc_4_16.png,train,false,false,false,false,false,false
train/aaaaadvc_4_36.png,train,false,false,false,false,false,false
train/aaaaadvi_0_3.png,train,true,false,false,false,false,false
train/aaaaadvi_0_14.png,train,false,false,false,false,false,false
train/aaaaadvi_0_15.png,train,false,false,false,false,false,false
train/aaaaadvi_0_17.png,train,false,false,false,false,false,false
test/aaaaadvu_0_0.png,test,true,false,false,false,false,false
test/aaaaadvu_0_7.png,test,false,false,false,false,false,false
test/aaaaadvu_0_13.png,test,false,false,false,false,false,false
test/aaaaadvu_0_20.png,test,false,false,false,false,false,false
test/aaaaadvu_0_26.png,test,true,false,false,false,false,false
test/aaaaadvu_0_33.png,test,false,false,false,false,false,false
test/aaaaadvu_0_39.png,test,false,false,false,false,false,false
test/aaaaadvu_0_46.png,test,false,false,false,false,false,false
test/aaaaadvu_0_52.png,test,false,false,false,false,false,false
test/aaaaadvu_0_59.png,test,false,false,false,false,false,false
train/aaaaadww_0_5.png,train,false,false,false,false,false,false
train/aaaaadww_0_7.png,train,false,false,false,false,false,false
train/aaaaadww_0_10.png,train,false,false,false,false,false,false
train/aaaaadww_0_11.png,train,false,false,false,false,false,false
test/aaaaadxh_0_0.png,test,false,false,false,false,false,false
test/aaaaadxh_0_7.png,test,false,false,false,false,false,false
test/aaaaadxh_0_14.png,test,false,false,false,false,false,false
test/aaaaadxh_0_21.png,test,false,false,false,false,false,false
test/aaaaadxh_0_28.png,test,false,false,false,false,false,false
test/aaaaadxh_0_36.png,test,false,false,false,false,false,false
test/aaaaadxh_0_43.png,test,false,false,false,false,false,false
test/aaaaadxh_0_50.png,test,false,false,false,false,false,false
test/aaaaadxh_0_57.png,test,false,false,false,false,false,false
test/aaaaadxh_0_64.png,test,false,false,false,false,false,false
test/aaaaadxl_0_0.png,test,true,false,false,false,false,true
test/aaaaadxl_0_1.png,test,false,false,false,false,false,true
test/aaaaadxl_0_2.png,test,true,false,false,false,false,true
test/aaaaadxl_0_4.png,test,false,false,false,false,false,false
test/aaaaadxl_0_8.png,test,false,false,false,false,false,false
test/aaaaadxl_0_12.png,test,false,false,false,false,false,false
test/aaaaadxl_0_16.png,test,false,false,false,false,false,false
test/aaaaadxl_0_19.png,test,false,false,false,false,false,false
test/aaaaadxl_0_23.png,test,false,false,false,false,false,false
test/aaaaadxl_0_27.png,test,false,false,false,false,false,false
test/aaaaadxl_0_31.png,test,false,false,false,false,false,false
test/aaaaadxl_0_35.png,test,false,false,false,false,false,false
train/aaaaadxv_0_3.png,train,false,false,false,false,false,false
train/aaaaadxv_0_6.png,train,false,false,false,false,false,false
train/aaaaadxv_0_20.png,train,false,false,false,false,false,false
train/aaaaadxv_0_21.png,train,false,false,false,false,false,false
train/aaaaadxw_0_0.png,train,false,false,false,true,false,false
train/aaaaadxw_0_1.png,train,false,false,false,true,false,false
train/aaaaadxw_0_12.png,train,false,false,false,false,false,false
train/aaaaadxw_0_25.png,train,false,false,false,false,false,false
train/aaaaadyg_0_1.png,train,true,false,false,false,false,false
train/aaaaadyg_0_10.png,train,false,false,false,false,false,false
train/aaaaadyg_0_13.png,train,false,false,false,false,false,false
train/aaaaadyg_0_20.png,train,false,false,false,false,false,false
test/aaaaadyv_0_0.png,test,true,false,false,false,true,false
test/aaaaadyv_0_7.png,test,false,false,false,false,false,false
test/aaaaadyv_0_13.png,test,false,false,false,false,false,false
test/aaaaadyv_0_20.png,test,false,false,false,false,false,false
test/aaaaadyv_0_26.png,test,false,false,false,false,false,false
test/aaaaadyv_0_33.png,test,false,false,false,false,false,false
test/aaaaadyv_0_35.png,test,true,false,false,false,true,false
test/aaaaadyv_0_39.png,test,false,false,false,false,false,false
test/aaaaadyv_0_46.png,test,false,false,false,false,false,false
test/aaaaadyv_0_52.png,test,false,false,false,false,false,false
test/aaaaadyv_0_59.png,test,false,false,false,false,false,false
train/aaaaaeaz_0_20.png,train,true,false,false,false,false,true
train/aaaaaeaz_0_21.png,train,true,false,false,false,false,true
train/aaaaaeaz_0_30.png,train,false,false,false,false,false,false
train/aaaaaeaz_0_55.png,train,false,false,false,false,false,false
train/aaaaaecc_0_1.png,train,false,false,false,false,false,false
train/aaaaaecc_0_3.png,train,false,false,false,false,false,false
train/aaaaaecc_0_7.png,train,false,false,false,false,false,false
train/aaaaaecc_0_8.png,train,false,false,false,false,false,false
train/aaaaaecc_1_0.png,train,false,false,false,false,false,true
train/aaaaaecc_1_10.png,train,false,false,false,false,false,false
train/aaaaaecc_1_19.png,train,false,false,false,false,false,false
train/aaaaaecc_1_20.png,train,false,false,false,false,false,false
test/aaaaaecu_0_0.png,test,true,false,false,false,false,false
test/aaaaaecu_0_7.png,test,false,false,false,false,false,false
test/aaaaaecu_0_13.png,test,false,false,false,false,false,false
test/aaaaaecu_0_20.png,test,false,false,false,false,false,false
test/aaaaaecu_0_26.png,test,false,false,false,false,false,false
test/aaaaaecu_0_33.png,test,false,false,false,false,false,false
test/aaaaaecu_0_39.png,test,false,false,false,false,false,false
test/aaaaaecu_0_46.png,test,false,false,false,false,false,false
test/aaaaaecu_0_52.png,test,false,false,false,false,false,false
test/aaaaaecu_0_59.png,test,false,false,false,false,false,false
train/aaaaaedd_0_0.png,train,true,false,false,false,false,true
train/aaaaaedd_0_16.png,train,false,false,false,false,false,false
train/aaaaaedd_0_17.png,train,false,false,false,false,false,false
train/aaaaaedd_0_62.png,train,false,false,false,false,false,false
test/aaaaaeec_0_0.png,test,false,false,false,false,false,true
test/aaaaaeec_0_2.png,test,false,false,false,false,false,false
test/aaaaaeec_0_3.png,test,false,false,false,false,false,false
test/aaaaaeec_0_5.png,test,false,false,false,false,false,false
test/aaaaaeec_0_6.png,test,false,false,false,false,false,false
test/aaaaaeec_0_8.png,test,false,false,false,false,false,false
test/aaaaaeec_0_9.png,test,false,false,false,false,false,false
test/aaaaaeec_0_11.png,test,false,false,false,false,false,false
test/aaaaaeec_0_12.png,test,false,false,false,false,false,false
test/aaaaaeec_0_14.png,test,false,false,false,false,false,false
train/aaaaaeee_0_0.png,train,true,false,true,true,false,true
train/aaaaaeee_0_6.png,train,false,false,false,true,false,false
train/aaaaaeee_0_24.png,train,false,false,false,false,false,false
train/aaaaaeee_0_29.png,train,false,false,false,false,false,false
train/aaaaaeee_1_0.png,train,false,false,false,true,false,false
train/aaaaaeee_1_1.png,train,false,false,false,true,false,false
train/aaaaaeee_1_17.png,train,false,false,false,false,false,false
train/aaaaaeee_1_27.png,train,false,false,false,false,false,false
train/aaaaaeee_2_0.png,train,false,false,false,true,false,false
train/aaaaaeee_2_2.png,train,false,false,false,false,false,false
train/aaaaaeee_2_6.png,train,false,false,false,false,false,false
train/aaaaaeee_2_9.png,train,false,false,false,false,false,false
train/aaaaaeee_3_0.png,train,false,false,false,true,false,false
train/aaaaaeee_3_16.png,train,false,false,false,false,false,false
train/aaaaaeee_3_24.png,train,false,false,false,false,false,false
train/aaaaaeee_3_28.png,train,false,false,false,false,false,false
test/aaaaaeel_0_0.png,test,false,false,false,false,false,false
test/aaaaaeel_0_2.png,test,true,false,false,false,false,false
test/aaaaaeel_0_4.png,test,false,false,false,false,false,false
test/aaaaaeel_0_7.png,test,false,false,false,false,false,false
test/aaaaaeel_0_9.png,test,false,false,false,false,false,false
test/aaaaaeel_0_11.png,test,false,false,false,false,false,false
test/aaaaaeel_0_13.png,test,false,false,false,false,false,false
test/aaaaaeel_0_16.png,test,false,false,false,false,false,false
test/aaaaaeel_0_18.png,test,false,false,false,false,false,false
test/aaaaaeel_0_20.png,test,false,false,false,false,false,false
train/aaaaaeer_0_31.png,train,false,false,false,false,false,false
train/aaaaaeer_0_53.png,train,false,false,false,false,false,false
train/aaaaaeer_0_57.png,train,false,false,false,false,false,false
train/aaaaaeer_0_69.png,train,false,false,false,false,false,false
train/aaaaaeex_0_0.png,train,false,false,false,true,false,false
train/aaaaaeex_0_1.png,train,false,false,false,false,false,false
train/aaaaaeex_0_6.png,train,false,false,false,true,false,false
train/aaaaaeex_0_28.png,train,false,false,false,false,false,false
train/aaaaaeex_1_0.png,train,false,false,false,true,false,false
train/aaaaaeex_1_11.png,train,false,false,false,false,false,false
train/aaaaaeex_1_17.png,train,false,false,false,false,false,false
train/aaaaaeex_1_20.png,train,false,false,false,false,false,false
train/aaaaaeex_2_0.png,train,false,false,false,true,false,false
train/aaaaaeex_2_14.png,train,false,false,false,false,false,false
train/aaaaaeex_2_18.png,train,false,false,false,false,false,false
train/aaaaaeex_2_26.png,train,false,false,false,false,false,false
train/aaaaaefj_0_16.png,train,false,false,false,false,false,false
train/aaaaaefj_0_36.png,train,false,false,false,false,false,false
train/aaaaaefj_0_46.png,train,false,false,false,false,false,false
train/aaaaaefj_0_56.png,train,false,false,false,false,false,false
train/aaaaaefs_0_12.png,train,false,false,false,false,false,false
train/aaaaaefs_0_25.png,train,false,false,false,false,false,false
train/aaaaaefs_0_29.png,train,false,false,false,false,false,false
train/aaaaaefs_0_52.png,train,false,false,false,false,false,false
test/aaaaaegi_0_0.png,test,false,false,false,false,false,false
test/aaaaaegi_0_2.png,test,false,false,false,false,false,true
test/aaaaaegi_0_3.png,test,false,false,false,false,false,false
test/aaaaaegi_0_5.png,test,false,false,false,false,false,false
test/aaaaaegi_0_6.png,test,false,false,false,false,false,false
test/aaaaaegi_0_8.png,test,false,false,false,false,false,false
test/aaaaaegi_0_9.png,test,false,false,false,false,false,false
test/aaaaaegi_0_11.png,test,false,false,false,false,false,false
test/aaaaaegi_0_12.png,test,false,false,false,false,false,false
test/aaaaaegi_0_14.png,test,false,false,false,false,false,false
train/aaaaaegl_0_7.png,train,false,false,false,false,false,false
train/aaaaaegl_0_10.png,train,false,false,false,false,false,false
train/aaaaaegl_0_12.png,train,false,false,false,false,false,false
train/aaaaaegl_0_13.png,train,false,false,false,false,false,false
test/aaaaaegp_0_0.png,test,true,false,false,false,false,false
test/aaaaaegp_0_2.png,test,false,false,false,false,false,false
test/aaaaaegp_0_3.png,test,false,false,false,false,false,false
test/aaaaaegp_0_5.png,test,false,false,false,false,false,false
test/aaaaaegp_0_6.png,test,false,false,false,false,false,false
test/aaaaaegp_0_8.png,test,false,false,false,false,false,false
test/aaaaaegp_0_9.png,test,false,false,false,false,false,false
test/aaaaaegp_0_11.png,test,false,false,false,false,false,false
test/aaaaaegp_0_12.png,test,false,false,false,false,false,false
test/aaaaaegp_0_14.png,test,false,false,false,false,false,false
train/aaaaaehl_0_1.png,train,true,true,false,false,false,false
train/aaaaaehl_0_44.png,train,false,false,false,false,false,false
train/aaaaaehl_0_45.png,train,false,false,false,false,false,false
train/aaaaaehl_0_66.png,train,false,false,false,false,false,false
test/aaaaaehv_0_0.png,test,false,false,false,false,false,false
test/aaaaaehv_0_3.png,test,false,false,false,false,false,false
test/aaaaaehv_0_6.png,test,false,false,false,false,false,false
test/aaaaaehv_0_10.png,test,false,false,false,false,false,false
test/aaaaaehv_0_13.png,test,false,false,false,false,false,false
test/aaaaaehv_0_16.png,test,false,false,false,false,false,false
test/aaaaaehv_0_19.png,test,false,false,false,false,false,false
test/aaaaaehv_0_23.png,test,false,false,false,false,false,false
test/aaaaaehv_0_26.png,test,false,false,false,false,false,false
test/aaaaaehv_0_29.png,test,true,false,false,false,false,false
train/aaaaaeic_0_3.png,train,true,false,false,false,false,true
train/aaaaaeic_0_8.png,train,false,false,false,false,false,false
train/aaaaaeic_0_45.png,train,false,false,false,false,false,false
train/aaaaaeic_0_54.png,train,false,false,false,false,false,false
test/aaaaaeie_0_0.png,test,false,false,false,false,false,true
test/aaaaaeie_0_7.png,test,false,false,false,false,false,false
test/aaaaaeie_0_13.png,test,false,false,false,false,false,false
test/aaaaaeie_0_20.png,test,false,false,false,false,false,false
test/aaaaaeie_0_26.png,test,false,false,false,false,false,false
test/aaaaaeie_0_33.png,test,false,false,false,false,false,false
test/aaaaaeie_0_39.png,test,false,false,false,false,false,false
test/aaaaaeie_0_46.png,test,false,false,false,false,false,false
test/aaaaaeie_0_52.png,test,false,false,false,false,false,false
test/aaaaaeie_0_59.png,test,false,false,false,false,false,false
train/aaaaaeio_0_3.png,train,false,false,false,false,false,false
train/aaaaaeio_0_7.png,train,false,false,false,false,false,false
train/aaaaaeio_0_20.png,train,false,false,true,false,false,false
train/aaaaaeio_0_24.png,train,false,false,true,false,false,false
train/aaaaaejk_0_8.png,train,true,false,false,false,false,true
train/aaaaaejk_0_34.png,train,false,false,false,false,false,false
train/aaaaaejk_0_35.png,train,false,false,false,false,false,false
train/aaaaaejk_0_38.png,train,false,false,false,false,false,false
train/aaaaaelg_0_0.png,train,false,false,false,false,false,true
train/aaaaaelg_0_7.png,train,false,false,false,false,false,false
train/aaaaaelg_0_31.png,train,false,false,false,false,false,true
train/aaaaaelg_0_40.png,train,false,false,false,false,false,false
train/aaaaaelw_0_17.png,train,false,false,false,false,false,false
train/aaaaaelw_0_32.png,train,false,false,false,false,false,false
train/aaaaaelw_0_36.png,train,false,false,false,false,false,false
train/aaaaaelw_0_39.png,train,false,false,false,false,false,false
test/aaaaaems_0_0.png,test,true,false,false,false,false,false
test/aaaaaems_0_8.png,test,false,false,false,false,false,false
test/aaaaaems_0_15.png,test,false,false,false,false,false,false
test/aaaaaems_0_23.png,test,false,false,false,false,false,false
test/aaaaaems_0_30.png,test,false,false,false,false,false,false
test/aaaaaems_0_38.png,test,false,false,false,false,false,false
test/aaaaaems_0_45.png,test,false,false,false,false,false,false
test/aaaaaems_0_53.png,test,false,false,false,false,false,false
test/aaaaaems_0_60.png,test,false,false,false,false,false,false
test/aaaaaems_0_68.png,test,false,false,false,false,false,false
train/aaaaaeni_0_15.png,train,true,false,false,false,true,false
train/aaaaaeni_0_22.png,train,false,false,false,false,false,false
train/aaaaaeni_0_44.png,train,false,false,false,false,false,false
train/aaaaaeni_0_59.png,train,false,false,false,false,false,true
train/aaaaaeoa_0_0.png,train,false,true,false,false,false,false
train/aaaaaeoa_0_19.png,train,false,false,false,false,false,false
train/aaaaaeoa_0_25.png,train,false,false,false,false,false,false
train/aaaaaeoa_0_38.png,train,false,false,false,false,false,false
train/aaaaaeoa_1_0.png,train,false,false,false,false,true,false
train/aaaaaeoa_1_1.png,train,false,false,false,false,false,false
train/aaaaaeoa_1_10.png,train,false,false,false,false,false,false
train/aaaaaeoa_1_18.png,train,false,false,false,false,false,false
train/aaaaaeqc_0_0.png,train,true,false,false,false,true,false
train/aaaaaeqc_0_32.png,train,false,false,false,false,false,false
train/aaaaaeqc_0_39.png,train,false,false,false,false,false,false
train/aaaaaeqc_0_53.png,train,false,false,false,false,false,false
train/aaaaaeqd_0_31.png,train,false,false,false,false,false,false
train/aaaaaeqd_0_36.png,train,false,false,false,false,false,false
train/aaaaaeqd_0_37.png,train,false,false,false,false,false,false
train/aaaaaeqd_0_51.png,train,false,false,false,false,false,false
train/aaaaaeqr_0_5.png,train,false,false,false,false,true,false
train/aaaaaeqr_0_24.png,train,false,false,false,false,false,false
train/aaaaaeqr_0_31.png,train,false,false,false,false,false,false
train/aaaaaeqr_0_40.png,train,false,false,false,false,false,false
test/aaaaaeri_0_0.png,test,true,false,false,false,false,false
test/aaaaaeri_0_8.png,test,false,false,false,false,false,false
test/aaaaaeri_0_17.png,test,false,false,false,false,false,false
test/aaaaaeri_0_25.png,test,false,false,false,false,false,false
test/aaaaaeri_0_34.png,test,false,false,false,false,false,false
test/aaaaaeri_0_42.png,test,false,false,false,false,false,false
test/aaaaaeri_0_51.png,test,false,false,false,false,false,false
test/aaaaaeri_0_59.png,test,false,false,false,false,false,false
test/aaaaaeri_0_68.png,test,false,false,false,false,false,false
test/aaaaaeri_0_76.png,test,false,false,false,false,false,false
train/aaaaaert_0_2.png,train,false,false,false,false,false,false
train/aaaaaert_0_39.png,train,false,false,false,false,false,false
train/aaaaaert_0_50.png,train,false,false,false,false,false,false
train/aaaaaert_0_65.png,train,false,false,false,false,false,false
train/aaaaaesj_0_0.png,train,false,false,false,false,false,false
train/aaaaaesj_0_43.png,train,false,false,false,false,false,false
train/aaaaaesj_0_58.png,train,false,true,false,false,false,false
train/aaaaaesj_0_67.png,train,false,false,false,false,false,false
train/aaaaaesm_0_21.png,train,false,false,false,false,false,false
train/aaaaaesm_0_22.png,train,false,false,false,false,false,false
train/aaaaaesm_0_39.png,train,false,false,false,false,false,false
train/aaaaaesm_0_45.png,train,false,false,false,false,false,false
train/aaaaaetx_0_0.png,train,true,false,false,false,false,true
train/aaaaaetx_0_1.png,train,true,false,false,false,false,true
train/aaaaaetx_0_14.png,train,false,false,false,false,false,false
train/aaaaaetx_0_15.png,train,false,false,false,false,false,false
train/aaaaaety_0_18.png,train,false,false,false,true,false,false
train/aaaaaety_0_23.png,train,false,false,false,false,false,false
train/aaaaaety_0_27.png,train,false,false,false,true,false,false
train/aaaaaety_0_58.png,train,false,false,false,false,false,false
train/aaaaaetz_0_0.png,train,false,false,false,true,false,false
train/aaaaaetz_0_1.png,train,false,false,false,true,false,false
train/aaaaaetz_0_4.png,train,false,false,false,false,false,false
train/aaaaaetz_0_16.png,train,false,false,false,false,false,false
train/aaaaaeuh_0_1.png,train,true,false,false,false,false,false
train/aaaaaeuh_0_5.png,train,false,false,false,false,false,false
train/aaaaaeuh_0_11.png,train,false,false,false,false,false,false
train/aaaaaeuh_0_49.png,train,false,false,false,false,false,false
train/aaaaaeur_0_44.png,train,false,false,false,false,false,false
train/aaaaaeur_0_48.png,train,false,false,false,false,false,false
train/aaaaaeur_0_51.png,train,false,false,false,false,false,false
train/aaaaaeur_0_54.png,train,false,false,false,false,false,false
train/aaaaaeux_0_4.png,train,false,false,false,false,false,false
train/aaaaaeux_0_9.png,train,false,false,false,false,false,false
train/aaaaaeux_0_33.png,train,false,false,false,false,false,false
train/aaaaaeux_0_35.png,train,false,false,false,false,false,false
train/aaaaaevo_0_0.png,train,true,false,false,false,false,false
train/aaaaaevo_0_13.png,train,false,false,false,false,false,false
train/aaaaaevo_0_17.png,train,false,false,false,false,false,false
train/aaaaaevo_0_21.png,train,false,false,false,false,false,false
train/aaaaaevv_0_25.png,train,false,false,false,false,false,false
train/aaaaaevv_0_26.png,train,false,false,false,false,false,false
train/aaaaaevv_0_32.png,train,false,false,false,false,false,false
train/aaaaaevv_0_67.png,train,false,false,false,false,false,false
train/aaaaaewe_0_5.png,train,false,false,false,false,false,false
train/aaaaaewe_0_17.png,train,false,false,false,false,false,false
train/aaaaaewe_0_37.png,train,false,false,false,false,false,false
train/aaaaaewe_0_49.png,train,false,false,false,false,false,false
train/aaaaaewi_0_1.png,train,false,false,false,false,false,false
train/aaaaaewi_0_3.png,train,false,false,false,false,false,false
train/aaaaaewi_0_19.png,train,false,false,false,false,false,false
train/aaaaaewi_0_21.png,train,false,false,false,false,false,false
test/aaaaaewj_0_0.png,test,true,false,false,false,false,false
test/aaaaaewj_0_2.png,test,false,false,false,false,false,false
test/aaaaaewj_0_5.png,test,false,false,false,false,false,false
test/aaaaaewj_0_7.png,test,false,false,false,false,false,false
test/aaaaaewj_0_9.png,test,false,false,false,false,false,false
test/aaaaaewj_0_12.png,test,false,false,false,false,false,false
test/aaaaaewj_0_14.png,test,false,false,false,false,false,false
test/aaaaaewj_0_16.png,test,false,false,false,false,false,false
test/aaaaaewj_0_19.png,test,false,false,false,false,false,false
test/aaaaaewj_0_21.png,test,false,false,false,false,false,false
train/aaaaaexb_0_21.png,train,false,false,false,false,false,false
train/aaaaaexb_0_29.png,train,false,false,false,false,false,false
train/aaaaaexb_0_35.png,train,false,false,false,false,false,false
train/aaaaaexb_0_44.png,train,false,false,false,false,false,false
train/aaaaaexn_0_18.png,train,false,false,false,false,false,false
train/aaaaaexn_0_32.png,train,false,false,false,false,false,false
train/aaaaaexn_0_38.png,train,false,false,false,false,false,false
train/aaaaaexn_0_54.png,train,false,false,false,false,false,false
train/aaaaaeyk_0_13.png,train,false,false,false,false,false,false
train/aaaaaeyk_0_28.png,train,false,false,false,false,false,false
train/aaaaaeyk_0_61.png,train,false,false,false,false,false,false
train/aaaaaeyk_0_63.png,train,false,false,false,false,false,false
train/aaaaaeyr_0_1.png,train,false,false,false,false,false,false
train/aaaaaeyr_0_5.png,train,false,false,false,false,false,false
train/aaaaaeyr_0_10.png,train,true,false,false,false,false,false
train/aaaaaeyr_0_18.png,train,false,false,false,false,false,false
test/aaaaaeys_0_0.png,test,false,false,false,false,false,false
test/aaaaaeys_0_7.png,test,false,false,false,false,false,false
test/aaaaaeys_0_13.png,test,false,false,false,false,false,false
test/aaaaaeys_0_20.png,test,false,false,false,false,false,false
test/aaaaaeys_0_26.png,test,false,false,false,false,false,false
test/aaaaaeys_0_33.png,test,false,false,false,false,false,false
test/aaaaaeys_0_39.png,test,false,false,false,false,false,false
test/aaaaaeys_0_46.png,test,false,false,false,false,false,false
test/aaaaaeys_0_47.png,test,true,false,false,false,false,true
test/aaaaaeys_0_48.png,test,true,false,false,false,false,true
test/aaaaaeys_0_52.png,test,false,false,false,false,false,false
test/aaaaaeys_0_59.png,test,false,false,false,false,false,false
train/aaaaaeyu_0_2.png,train,false,false,false,false,false,false
train/aaaaaeyu_0_3.png,train,false,false,false,false,false,false
train/aaaaaeyu_0_7.png,train,false,false,false,false,false,false
train/aaaaaeyu_0_14.png,train,false,false,false,false,false,false
test/aaaaaeyz_0_0.png,test,false,false,false,false,false,false
test/aaaaaeyz_0_5.png,test,false,true,false,false,false,false
test/aaaaaeyz_0_7.png,test,false,false,false,false,false,false
test/aaaaaeyz_0_13.png,test,false,false,false,false,false,false
test/aaaaaeyz_0_20.png,test,false,false,false,false,false,false
test/aaaaaeyz_0_27.png,test,false,false,false,false,false,false
test/aaaaaeyz_0_33.png,test,false,false,false,false,false,false
test/aaaaaeyz_0_40.png,test,false,false,false,false,false,false
test/aaaaaeyz_0_47.png,test,false,false,false,false,false,false
test/aaaaaeyz_0_53.png,test,false,false,false,false,false,false
test/aaaaaeyz_0_60.png,test,false,false,false,false,false,false
train/aaaaaezj_0_3.png,train,false,false,false,false,false,true
train/aaaaaezj_0_44.png,train,false,false,false,false,false,false
train/aaaaaezj_0_56.png,train,false,false,false,false,false,false
train/aaaaaezj_0_59.png,train,false,false,false,false,false,false
test/aaaaaezm_0_0.png,test,true,false,false,false,false,true
test/aaaaaezm_0_1.png,test,true,false,false,false,false,true
test/aaaaaezm_0_7.png,test,false,false,false,false,false,false
test/aaaaaezm_0_13.png,test,false,false,false,false,false,false
test/aaaaaezm_0_20.png,test,false,false,false,false,false,false
test/aaaaaezm_0_26.png,test,false,false,false,false,false,false
test/aaaaaezm_0_33.png,test,false,false,false,false,false,false
test/aaaaaezm_0_39.png,test,false,false,false,false,false,false
test/aaaaaezm_0_46.png,test,false,false,false,false,false,false
test/aaaaaezm_0_52.png,test,false,false,false,false,false,false
test/aaaaaezm_0_59.png,test,false,false,false,false,false,false
train/aaaaafai_0_0.png,train,false,false,false,true,false,false
train/aaaaafai_0_11.png,train,false,false,false,false,false,false
train/aaaaafai_0_13.png,train,false,false,false,false,false,false
train/aaaaafai_0_17.png,train,false,false,false,false,false,false
train/aaaaafai_1_0.png,train,false,false,false,true,false,false
train/aaaaafai_1_1.png,train,false,false,false,true,false,false
train/aaaaafai_1_19.png,train,false,false,false,false,false,false
train/aaaaafai_1_31.png,train,false,false,false,false,false,false
train/aaaaafaj_0_0.png,train,false,false,true,false,false,false
train/aaaaafaj_0_1.png,train,false,false,true,false,false,false
train/aaaaafaj_0_11.png,train,false,false,false,false,false,false
train/aaaaafaj_0_13.png,train,false,false,false,false,false,false
train/aaaaafcs_0_6.png,train,true,false,false,false,false,false
train/aaaaafcs_0_31.png,train,false,false,false,false,false,false
train/aaaaafcs_0_44.png,train,false,false,false,false,false,false
train/aaaaafcs_0_66.png,train,false,false,false,false,false,false
test/aaaaafcu_0_0.png,test,true,false,false,false,false,false
test/aaaaafcu_0_7.png,test,false,false,false,false,false,false
test/aaaaafcu_0_13.png,test,false,false,false,false,false,false
test/aaaaafcu_0_20.png,test,false,false,false,false,false,false
test/aaaaafcu_0_26.png,test,false,false,false,false,false,false
test/aaaaafcu_0_33.png,test,false,false,false,false,false,false
test/aaaaafcu_0_39.png,test,false,false,false,false,false,false
test/aaaaafcu_0_46.png,test,false,false,false,false,false,false
test/aaaaafcu_0_52.png,test,false,false,false,false,false,false
test/aaaaafcu_0_59.png,test,false,false,false,false,false,false
train/aaaaafdw_0_13.png,train,false,false,false,false,false,false
train/aaaaafdw_0_23.png,train,false,true,false,false,false,false
train/aaaaafdw_0_25.png,train,false,false,false,false,false,false
train/aaaaafdw_0_26.png,train,false,false,false,false,false,false
test/aaaaafef_0_0.png,test,true,false,false,false,false,false
test/aaaaafef_0_6.png,test,false,false,false,false,false,false
test/aaaaafef_0_12.png,test,false,false,false,false,false,false
test/aaaaafef_0_18.png,test,false,false,false,false,false,false
test/aaaaafef_0_24.png,test,false,false,false,false,false,false
test/aaaaafef_0_30.png,test,false,false,false,false,false,false
test/aaaaafef_0_36.png,test,false,false,false,false,false,false
test/aaaaafef_0_42.png,test,false,false,false,false,false,false
test/aaaaafef_0_48.png,test,false,false,false,false,false,false
test/aaaaafef_0_54.png,test,false,false,false,false,false,false
train/aaaaafeu_0_5.png,train,false,false,false,false,false,false
train/aaaaafeu_0_21.png,train,false,false,false,false,false,false
train/aaaaafeu_0_26.png,train,false,false,false,false,false,false
train/aaaaafeu_0_53.png,train,false,false,false,false,false,false
test/aaaaafff_0_0.png,test,true,false,false,false,false,false
test/aaaaafff_0_4.png,test,false,false,false,false,false,false
test/aaaaafff_0_9.png,test,false,false,false,false,false,false
test/aaaaafff_0_13.png,test,false,false,false,false,false,false
test/aaaaafff_0_17.png,test,false,false,false,false,false,false
test/aaaaafff_0_22.png,test,false,false,false,false,false,false
test/aaaaafff_0_26.png,test,false,false,false,false,false,false
test/aaaaafff_0_30.png,test,false,false,false,false,false,false
test/aaaaafff_0_35.png,test,false,false,false,false,false,false
test/aaaaafff_0_39.png,test,false,false,false,false,false,false
train/aaaaaffh_0_0.png,train,true,false,false,false,false,true
train/aaaaaffh_0_17.png,train,false,false,false,false,false,false
train/aaaaaffh_0_44.png,train,false,false,false,false,false,false
train/aaaaaffh_0_52.png,train,false,false,false,false,false,false
test/aaaaaffm_0_0.png,test,false,false,false,false,false,false
test/aaaaaffm_0_7.png,test,false,false,false,false,false,false
test/aaaaaffm_0_14.png,test,false,false,false,false,false,false
test/aaaaaffm_0_22.png,test,false,false,false,false,false,false
test/aaaaaffm_0_29.png,test,false,true,false,false,false,false
test/aaaaaffm_0_30.png,test,false,true,false,false,false,false
test/aaaaaffm_0_36.png,test,false,false,false,false,false,false
test/aaaaaffm_0_43.png,test,false,false,false,false,false,false
test/aaaaaffm_0_51.png,test,false,false,false,false,false,false
test/aaaaaffm_0_58.png,test,false,false,false,false,false,false
test/aaaaaffm_0_65.png,test,false,false,false,false,false,false
train/aaaaaffr_0_36.png,train,false,false,false,false,false,false
train/aaaaaffr_0_38.png,train,false,false,false,false,false,false
train/aaaaaffr_0_50.png,train,false,false,false,false,false,false
train/aaaaaffr_0_53.png,train,false,false,false,false,false,false
train/aaaaaffz_0_24.png,train,false,false,false,false,false,false
train/aaaaaffz_0_37.png,train,false,false,false,false,false,false
train/aaaaaffz_0_42.png,train,false,false,false,false,false,false
train/aaaaaffz_0_51.png,train,false,false,false,false,false,false
train/aaaaafgm_0_0.png,train,false,false,false,false,false,true
train/aaaaafgm_0_3.png,train,false,false,false,false,false,false
train/aaaaafgm_0_4.png,train,false,false,false,false,false,false
train/aaaaafgm_0_14.png,train,false,false,false,false,false,false
train/aaaaafgy_0_6.png,train,false,false,false,false,false,false
train/aaaaafgy_0_7.png,train,false,false,false,false,false,false
train/aaaaafgy_0_14.png,train,false,false,false,false,false,false
train/aaaaafgy_0_48.png,train,false,false,false,false,false,false
train/aaaaafgz_0_6.png,train,true,false,false,false,false,false
train/aaaaafgz_0_12.png,train,false,false,false,false,false,false
train/aaaaafgz_0_21.png,train,false,false,false,false,false,false
train/aaaaafgz_0_35.png,train,false,false,false,false,false,false
train/aaaaafit_0_7.png,train,false,false,false,false,false,true
train/aaaaafit_0_8.png,train,false,false,false,false,false,true
train/aaaaafit_0_10.png,train,true,false,false,false,false,false
train/aaaaafit_0_16.png,train,false,false,false,false,false,false
test/aaaaafiv_0_0.png,test,true,false,false,false,false,false
test/aaaaafiv_0_8.png,test,false,false,false,false,false,false
test/aaaaafiv_0_15.png,test,false,false,false,false,false,false
test/aaaaafiv_0_23.png,test,false,false,false,false,false,false
test/aaaaafiv_0_31.png,test,false,false,false,false,false,false
test/aaaaafiv_0_38.png,test,false,false,false,false,false,false
test/aaaaafiv_0_46.png,test,false,false,false,false,false,false
test/aaaaafiv_0_54.png,test,false,false,false,false,false,false
test/aaaaafiv_0_61.png,test,false,false,false,false,false,false
test/aaaaafiv_0_69.png,test,false,false,false,false,false,false
train/aaaaafjb_0_2.png,train,false,false,false,false,false,false
train/aaaaafjb_0_6.png,train,false,false,false,false,false,false
train/aaaaafjb_0_10.png,train,false,false,false,false,false,false
train/aaaaafjb_0_16.png,train,false,false,false,false,false,false
train/aaaaafjb_1_9.png,train,false,false,false,false,false,false
train/aaaaafjb_1_13.png,train,false,false,false,false,false,false
train/aaaaafjb_1_23.png,train,false,false,false,false,false,false
train/aaaaafjb_1_24.png,train,false,false,false,false,false,false
test/aaaaafjm_0_0.png,test,true,false,false,false,false,true
test/aaaaafjm_0_1.png,test,true,false,false,false,false,true
test/aaaaafjm_0_2.png,test,false,false,false,false,false,false
test/aaaaafjm_0_3.png,test,false,false,false,false,false,false
test/aaaaafjm_0_5.png,test,false,false,false,false,false,false
test/aaaaafjm_0_6.png,test,false,false,false,false,false,false
test/aaaaafjm_0_8.png,test,false,false,false,false,false,false
test/aaaaafjm_0_9.png,test,false,false,false,false,false,false
test/aaaaafjm_0_11.png,test,false,false,false,false,false,false
test/aaaaafjm_0_12.png,test,false,false,false,false,false,false
test/aaaaafjm_0_14.png,test,false,false,false,false,false,false
train/aaaaafka_0_21.png,train,false,false,false,false,false,false
train/aaaaafka_0_30.png,train,false,false,false,false,false,false
train/aaaaafka_0_43.png,train,false,false,false,false,false,false
train/aaaaafka_0_67.png,train,false,false,false,false,false,false
train/aaaaafkp_0_2.png,train,false,false,false,false,false,false
train/aaaaafkp_0_4.png,train,false,false,false,false,false,false
train/aaaaafkp_0_9.png,train,false,false,false,false,false,false
train/aaaaafkp_0_24.png,train,true,true,false,false,false,false
train/aaaaafku_0_23.png,train,false,false,false,false,false,false
train/aaaaafku_0_37.png,train,false,false,false,false,false,false
train/aaaaafku_0_45.png,train,false,false,false,false,false,false
train/aaaaafku_0_55.png,train,false,false,false,false,false,false
test/aaaaafmb_0_0.png,test,false,false,false,false,false,false
test/aaaaafmb_0_8.png,test,false,false,false,false,false,false
test/aaaaafmb_0_16.png,test,false,false,false,false,false,false
test/aaaaafmb_0_24.png,test,false,false,false,false,false,false
test/aaaaafmb_0_32.png,test,false,false,false,false,false,false
test/aaaaafmb_0_39.png,test,false,false,false,false,false,false
test/aaaaafmb_0_47.png,test,false,false,false,false,false,false
test/aaaaafmb_0_50.png,test,false,false,true,false,false,false
test/aaaaafmb_0_55.png,test,false,false,false,false,false,false
test/aaaaafmb_0_63.png,test,false,false,false,false,false,false
test/aaaaafmb_0_71.png,test,false,false,false,false,false,false
test/aaaaafmi_0_0.png,test,true,false,false,false,false,false
test/aaaaafmi_0_9.png,test,false,false,false,false,false,false
test/aaaaafmi_0_17.png,test,false,false,false,false,false,false
test/aaaaafmi_0_26.png,test,false,false,false,false,false,false
test/aaaaafmi_0_34.png,test,false,false,false,false,false,false
test/aaaaafmi_0_43.png,test,false,false,false,false,false,false
test/aaaaafmi_0_51.png,test,false,false,false,false,false,false
test/aaaaafmi_0_60.png,test,false,false,false,false,false,false
test/aaaaafmi_0_68.png,test,false,false,false,false,false,false
test/aaaaafmi_0_77.png,test,false,false,false,false,false,false
train/aaaaafmn_0_30.png,train,false,false,false,false,false,false
train/aaaaafmn_0_47.png,train,false,false,false,false,false,false
train/aaaaafmn_0_51.png,train,false,false,false,false,false,false
train/aaaaafmn_0_58.png,train,false,false,false,false,false,false
test/aaaaafmv_0_0.png,test,false,false,false,false,true,false
test/aaaaafmv_0_1.png,test,false,false,false,false,true,false
test/aaaaafmv_0_3.png,test,false,false,false,false,false,false
test/aaaaafmv_0_5.png,test,false,false,false,false,false,false
test/aaaaafmv_0_8.png,test,false,false,false,false,false,false
test/aaaaafmv_0_11.png,test,false,false,false,false,false,false
test/aaaaafmv_0_13.png,test,false,false,false,false,false,false
test/aaaaafmv_0_16.png,test,false,false,false,false,false,false
test/aaaaafmv_0_19.png,test,false,false,false,false,false,false
test/aaaaafmv_0_21.png,test,false,false,false,false,false,false
test/aaaaafmv_0_24.png,test,false,false,false,false,false,false
test/aaaaafmv_1_0.png,test,false,false,false,false,true,false
test/aaaaafmv_1_4.png,test,false,false,false,false,false,false
test/aaaaafmv_1_8.png,test,false,false,false,false,false,false
test/aaaaafmv_1_12.png,test,false,false,false,false,false,false
test/aaaaafmv_1_16.png,test,false,false,false,false,false,false
test/aaaaafmv_1_20.png,test,false,false,false,false,false,false
test/aaaaafmv_1_24.png,test,false,false,false,false,false,false
test/aaaaafmv_1_28.png,test,false,false,false,false,false,false
test/aaaaafmv_1_32.png,test,false,false,false,false,false,false
test/aaaaafmv_1_36.png,test,false,false,false,false,false,false
train/aaaaafnb_0_13.png,train,true,false,false,false,false,true
train/aaaaafnb_0_30.png,train,false,false,false,false,false,false
train/aaaaafnb_0_41.png,train,false,false,false,false,false,false
train/aaaaafnb_0_65.png,train,false,false,false,false,false,false
train/aaaaafoe_0_5.png,train,false,false,false,false,false,false
train/aaaaafoe_0_20.png,train,false,false,false,false,false,false
train/aaaaafoe_0_52.png,train,false,false,false,false,false,false
train/aaaaafoe_0_68.png,train,false,true,false,false,false,false
train/aaaaafop_0_1.png,train,false,false,false,true,false,false
train/aaaaafop_0_3.png,train,false,false,false,true,false,false
train/aaaaafop_0_10.png,train,false,false,false,false,false,false
train/aaaaafop_0_44.png,train,false,false,false,false,false,false
