path,md5
test/aaaaaaav_0_0.png,9d4d53f5395aa5c99fa0ead159b4096a
test/aaaaaaav_0_14.png,69969b09d84c500ce1589fa726f4e340
test/aaaaaaav_0_21.png,fbd896157580ce2dc1b701424ae2551d
test/aaaaaaav_0_28.png,3563bf91d0a5aa535329f722c8fe863c
test/aaaaaaav_0_34.png,0c6969126fc90dfa1f37e20cc87cd992
test/aaaaaaav_0_41.png,034924570d5a5cc1aa9935352119189a
test/aaaaaaav_0_48.png,c019e19d440a57eb04100b36eff406e7
test/aaaaaaav_0_55.png,9688f715864e5260615c154579e0747d
test/aaaaaaav_0_62.png,4d308c25ffefb9d9b343da371e1f7ca1
test/aaaaaaav_0_7.png,6649edd924c21c42291107e649a4bf10
test/aaaaaacz_0_0.png,c3f3804c3f0322a22f0c8e15b8cda24e
test/aaaaaacz_0_13.png,03e2efa5b91f9c72b75bc1df115ee5c2
test/aaaaaacz_0_20.png,cc03254045643457eb39371d570220a4
test/aaaaaacz_0_26.png,f6a08b1b6f60a0ad65b544563992b908
test/aaaaaacz_0_33.png,f85533e01a76b3721d1f8b8185bf0ea3
test/aaaaaacz_0_39.png,2859c0feb8d9e7cc889f59eb6a121a51
test/aaaaaacz_0_46.png,df98b7eb1d416f2f6fdb57eb449722a3
test/aaaaaacz_0_52.png,35a99e449f61b160f8e0f94a7a09006d
test/aaaaaacz_0_59.png,69a5392fcfa3307f6e4da28c08f03303
test/aaaaaacz_0_7.png,97dbcd813a568ebd16aee92211c62547
test/aaaaaacz_1_0.png,8029868e35e3f5c6064db1df4fe1e5fe
test/aaaaaacz_1_16.png,75d71306a89d67c76002c9db3c374939
test/aaaaaacz_1_25.png,b657884005edb72ed4627eaff06840f7
test/aaaaaacz_1_33.png,ed1b8fd660a15d0b65ef27511f12e4c6
test/aaaaaacz_1_41.png,729ca5837bb27a308bde08f89650f0fb
test/aaaaaacz_1_49.png,46f55393a8b26a744a1e0e22d9256ea7
test/aaaaaacz_1_58.png,b00ec8f7b90b0d29afed1c65cd57f3ca
test/aaaaaacz_1_66.png,ef871bfd1c102112060d523c20422861
test/aaaaaacz_1_74.png,95071306128a86ae84ee47ac6161344f
test/aaaaaacz_1_8.png,90c224dcebbb890779ec385fa9f333f9
test/aaaaaaff_0_0.png,02ca5c99784d1de3ec454546b5c0d40d
test/aaaaaaff_0_13.png,bb1d5a4ff222f69dc595e95bdfef45fb
test/aaaaaaff_0_20.png,e2edd78b81fb5e40645574fb4bd9578b
test/aaaaaaff_0_26.png,a1b6ed616b27d5d67159c38771aaddf5
test/aaaaaaff_0_33.png,14e1e8df9c263465a8352b85eb622ca1
test/aaaaaaff_0_39.png,2e64747dd181856848a6cb59fc6ed9f8
test/aaaaaaff_0_46.png,e9cbbac8f67f5a9552896c0bd9e4f317
test/aaaaaaff_0_52.png,7f330fa0c5d43b05c5f15c0e907bb73f
test/aaaaaaff_0_59.png,9a10e22052d3d4edd723e37d461df9bc
test/aaaaaaff_0_7.png,5d0970db59909479898ac146f347f3da
test/aaaaaaly_0_0.png,bc90cfd0955ebdf947b1a2b83fe8f11c
test/aaaaaaly_0_13.png,c26d6894f653fc36cb9654f5fa9fde7c
test/aaaaaaly_0_19.png,88ee381d451de062388fe4effd9031e2
test/aaaaaaly_0_26.png,db1c1d0f64ca469ce5c020aff6edf03c
test/aaaaaaly_0_32.png,b1ed21d219490014fc05f7574535e083
test/aaaaaaly_0_39.png,39a4d97667eb5eed3668e9cdee22f85f
test/aaaaaaly_0_45.png,4befb09fd36c1acc5c377d5cc150bff9
test/aaaaaaly_0_52.png,0f134eb2e75d2e7db6d54d2b4eff33a5
test/aaaaaaly_0_58.png,68ca21a2d04c339c3e0a99a7ec8a94aa
test/aaaaaaly_0_6.png,65f7da9ab9fa2ba49ec5d25b55cf61b1
test/aaaaaamc_0_0.png,af553ca034ed8ff2469c5f9159f450c0
test/aaaaaamc_0_13.png,1db60908bd8d093c2265542ca79d8693
test/aaaaaamc_0_20.png,ba693b20e6abb112bb48d5b5ffb5bad1
test/aaaaaamc_0_27.png,944f8ec9d50bdee6a77900b7e05dfb14
test/aaaaaamc_0_33.png,29dcde8c21a94f7e3ebdcde46e31c3dd
test/aaaaaamc_0_40.png,0c90bc2fb9357a48aeca61678a1f2581
test/aaaaaamc_0_47.png,0fccce92bf63d90f96ad25c53e804f4f
test/aaaaaamc_0_53.png,52dbe2dfcc231689c934ac4a1c3a728d
test/aaaaaamc_0_60.png,6b10220a18983b5a0181d6ba3211415d
test/aaaaaamc_0_7.png,f570a60d91c2ff7a72b7dca9fff917e3
test/aaaaaary_0_0.png,2bfa3a697160b6a7db8722c6919c8198
test/aaaaaary_0_15.png,32951f35e6fedfd1c315c7fb4c40f05f
test/aaaaaary_0_23.png,402c772e63903a86524d5c5ea19b2065
test/aaaaaary_0_30.png,78823c7ee587ee49a896f36d68f3e73f
test/aaaaaary_0_38.png,b1a23fbc8c1f289387c41b05e8d845eb
test/aaaaaary_0_45.png,4871bdf96c8f89ba69ce23be5f5d4236
test/aaaaaary_0_53.png,c060c710c6711a65d6b43e3e2b07bb8e
test/aaaaaary_0_60.png,dba36b5c93d6b04dcaac28fc727469e4
test/aaaaaary_0_68.png,e9064ae12ad14fdcd67e8503919fa520
test/aaaaaary_0_8.png,ceafbdbc026bbca3673dc48df3a23f46
test/aaaaaary_1_0.png,b7ef1ff66ab84a8709872ee43e883b10
test/aaaaaary_1_16.png,b2d13ab60464bd1a4b456a5e9897e47d
test/aaaaaary_1_24.png,cbd9252a3247269a001c047a12ef29b5
test/aaaaaary_1_32.png,bd980e80e107a87730c7954525ea5d0f
test/aaaaaary_1_40.png,700231f61ac5dccab2fb2a66734f7903
test/aaaaaary_1_48.png,08b6c2eeba3480445b96fc1f5348be00
test/aaaaaary_1_56.png,05f4ff3c3839d082dd90142886dd3948
test/aaaaaary_1_64.png,991d50475839949389fba5c924be20fa
test/aaaaaary_1_72.png,ab1a8e5afd8b4323e8f8d64882b076ff
test/aaaaaary_1_8.png,3aa88352e3ebd9adf3ce7fedd5c63dff
test/aaaaaath_0_0.png,ec179e2f3afff8cf247871429325092b
test/aaaaaath_0_14.png,508219050a4c1af1c429a555e4c6fbfc
test/aaaaaath_0_20.png,e42fe616078b0cceed5b57c005a81dea
test/aaaaaath_0_27.png,b02dee45a93abf76312c56d91bbab254
test/aaaaaath_0_34.png,d0d8086c981820e9c16781a7cd51b366
test/aaaaaath_0_41.png,56c309b3187a13ffdf845bcd2858cff5
test/aaaaaath_0_47.png,0241fd780dd0376dfa472482dbe49f12
test/aaaaaath_0_54.png,0ef024fb8c5d82abd744eb337ea770d7
test/aaaaaath_0_61.png,c080d38b24d77aa0127ce82dc8ff1d23
test/aaaaaath_0_7.png,811303cf294026a7dc6b3e9e931e8d9a
test/aaaaaath_1_0.png,226f7ff7dffb2554bcaf0bcea1a215b5
test/aaaaaath_1_13.png,2835b6b9c57e4241d91cdfe510d423c8
test/aaaaaath_1_20.png,861e7be138f95b6e7a4ba605f48b48ba
test/aaaaaath_1_26.png,7d107d6c61705593d0b5a311feaf6f5e
test/aaaaaath_1_33.png,e2c80bbcb9a48513a83b18a1dc2a91b5
test/aaaaaath_1_39.png,4a3bdea218efbddef13f8f093c4c2723
test/aaaaaath_1_46.png,a51f92b5a37bf8bc86d844e5e736a6c9
test/aaaaaath_1_52.png,d3f7c2914d0340383b7b70842c9b43c5
test/aaaaaath_1_59.png,007d6f5f4b71294bddb5f1391ffa600b
test/aaaaaath_1_7.png,bc0f403698cd582619702cc874ade11a
test/aaaaaauj_0_0.png,f8682d5a21958c61040e161278967a30
test/aaaaaauj_0_14.png,11e7329d57878d053caa5fa3636f356d
test/aaaaaauj_0_20.png,93793876ae6eccf1f3d34beead57557a
test/aaaaaauj_0_27.png,5dd889b3b2b75c0958dc5e2af0fe95b5
test/aaaaaauj_0_34.png,f9ad77e3be9a3e606e588f76519b86fe
test/aaaaaauj_0_41.png,2c92551c7bd1bb88b5a86f751487b7ac
test/aaaaaauj_0_47.png,cedf46fb832f2a6be5daab2f37a6156e
test/aaaaaauj_0_54.png,399bbe1ffc076df68dca4abb03f22074
test/aaaaaauj_0_61.png,8d551642e97106475ed11cc1985047ae
test/aaaaaauj_0_7.png,d9f42d49408264f1f0460fd208327733
test/aaaaaavr_0_0.png,a1440573337f500b64f6e1adcd0668f8
test/aaaaaavr_0_16.png,64deeb0552ab4efa4be81fafa0cfdca9
test/aaaaaavr_0_23.png,919f0a8ce1dd77002cf00f0b4f855ee7
test/aaaaaavr_0_31.png,24093b5998609b4a5aceb53ab5d872ca
test/aaaaaavr_0_39.png,5d89499cb64cfff9739fd15bf5564f49
test/aaaaaavr_0_47.png,8606e77514f2f4be32a4afeb753e04bf
test/aaaaaavr_0_54.png,8607ef36389ca5c8b1cf5755a6a9e30e
test/aaaaaavr_0_62.png,662b70ce299e7ceed0d1fd825f854be9
test/aaaaaavr_0_70.png,9aa3cfd39907c6b27fd70fd6fe200ce9
test/aaaaaavr_0_8.png,c9d7b7670131411d40494415c2660bac
test/aaaaaavr_1_0.png,954d15a46ae2f861275437be78c09eda
test/aaaaaavr_1_16.png,77da2ee6af1971757ee9e17c87cd47f9
test/aaaaaavr_1_23.png,e3fce4ab73e8453d27fed6e5d12a7bb2
test/aaaaaavr_1_31.png,4e7ec3eb3736b28e953651f3764669e2
test/aaaaaavr_1_39.png,c2a0e0e674edf7190828da48ddcc91a0
test/aaaaaavr_1_47.png,f4fa251ea7a6d7693a62c0aa1785c459
test/aaaaaavr_1_54.png,5c2f5e097c83d52d651315cddac74ac7
test/aaaaaavr_1_62.png,4a8dca6fdf6fbe757e36fef47ff43840
test/aaaaaavr_1_70.png,8a6d72bd10913938d04fd40e9ad95c88
test/aaaaaavr_1_8.png,02d2a6b3eb57038202d0099d8a9edaa8
test/aaaaaawu_0_0.png,99302bc219efd3d027db44e5e2b3cc65
test/aaaaaawu_0_16.png,c5cc0751fe56c730ef096dfe846e3341
test/aaaaaawu_0_24.png,910cd830e11eb674f457b0b848d53b7d
test/aaaaaawu_0_32.png,57eeb507e28fde50477e32a532c9cc7d
test/aaaaaawu_0_39.png,1ff751d58d9dc7eb0c05e2d24ba6ef23
test/aaaaaawu_0_47.png,4afe4cbc9b46855ef35c1c33fbb0290f
test/aaaaaawu_0_55.png,35a283083880cacc91b122c7f122613f
test/aaaaaawu_0_63.png,edfec78fee8dcd8a7f7188fda761881a
test/aaaaaawu_0_71.png,a16bf1c2d84f4bd30e1f64149ee1e7ab
test/aaaaaawu_0_8.png,7a766833d34580ecae393ea767bee181
test/aaaaaawu_1_0.png,f4d881c04baf251b70b0b4d1446f1254
test/aaaaaawu_1_17.png,1cd3ca5878e7aec261e293c726e807da
test/aaaaaawu_1_25.png,04805453605e7f5819167e56d4df6eb7
test/aaaaaawu_1_33.png,d157fc2b8264d782269b9506f83203c4
test/aaaaaawu_1_42.png,326479bfff2724652b732aa31ee6518f
test/aaaaaawu_1_50.png,51b842bc92e4295145058bf9a16e5ac1
test/aaaaaawu_1_58.png,eacd07c421cf24aa8e91614147161783
test/aaaaaawu_1_67.png,fbdf17ac0658da73c45ebe81272bbace
test/aaaaaawu_1_75.png,0effbab3d5e3b84c6d1828c73f1b73ce
test/aaaaaawu_1_8.png,16c8a5c9a4c52dcd4e929000fe19291d
test/aaaaaaxa_0_0.png,903358d15117c089ef0b1383485e57c5
test/aaaaaaxa_0_17.png,68192ac2f38c6bcd1ec9e66163153172
test/aaaaaaxa_0_26.png,bfb68e8080b57b4c89a1601388b83780
test/aaaaaaxa_0_34.png,a987831c6cef3bd52e76c52848032b46
test/aaaaaaxa_0_43.png,3cf7e9c4f1c0d3c36dbbf3b8abf54103
test/aaaaaaxa_0_51.png,d8196ae146b8b8adede2552258e15d9e
test/aaaaaaxa_0_60.png,07344466fca00f424cfa80d8e63369a4
test/aaaaaaxa_0_68.png,2a45bdfe3194ec7eed09617e13fcec3d
test/aaaaaaxa_0_77.png,5ce8bdc1d1269e69494fecc6c464a6f4
test/aaaaaaxa_0_9.png,cc542949b5ef981b14382ae106d65589
test/aaaaaaxa_1_0.png,e2d86d719d5a3e3895f70055c916258c
test/aaaaaaxa_1_13.png,a276e268982d41fc5648903d72f16fe3
test/aaaaaaxa_1_19.png,96ee0e5d57ebf688909b72704a70b3d7
test/aaaaaaxa_1_26.png,d80302756a3c6ad90348b78586216969
test/aaaaaaxa_1_32.png,b6ecf84fa0845e2966e398f5f96cdd2d
test/aaaaaaxa_1_39.png,fd7c688e4d53b0f58b8271eb2c93b6b9
test/aaaaaaxa_1_45.png,797725ee6aea62a0d49c76b141216427
test/aaaaaaxa_1_52.png,3a9addffaab8a6f3fd0d7d96d81983dd
test/aaaaaaxa_1_58.png,ff989484d4018e4d13cef2395eb1d4ea
test/aaaaaaxa_1_6.png,0a8ff3ef443558742d1e8c6ae4f68a43
test/aaaaabhz_0_0.png,1a3f0644fbf731f1eaede633abe0a2c3
test/aaaaabhz_0_18.png,fb4aaf4656870d1f771131978f8f1be2
test/aaaaabhz_0_26.png,f78b1206324a3aa1861a3d6dc0d99ae7
test/aaaaabhz_0_35.png,5df847e966735f406b329583246e5284
test/aaaaabhz_0_44.png,01643e12f5dcc0f2c658ff1b05661b95
test/aaaaabhz_0_53.png,6df895103d1b177296853bef00a49874
test/aaaaabhz_0_61.png,b7fa70c06f7949abd85afb808f1bd045
test/aaaaabhz_0_70.png,48941393ce3344317873a325d068ef7c
test/aaaaabhz_0_79.png,ddb00dcddfe5df34f31a6e64b5a7dbf4
test/aaaaabhz_0_9.png,f83e2fdb7eac3cae127a15095fd3a8e9
test/aaaaabhz_1_0.png,c6e720edd65a9f0769069511a180b538
test/aaaaabhz_1_13.png,7f3856c3032a3758e5e57833443d6940
test/aaaaabhz_1_20.png,8cd22f9093329566adb0c507b3e18213
test/aaaaabhz_1_27.png,8c4fd88ab12c8490618fc6f05a72763b
test/aaaaabhz_1_33.png,89fda6176704e1305e6281d0bb51bbdb
test/aaaaabhz_1_40.png,d8f4af23e7fe9ec71a8e8c0a0208760e
test/aaaaabhz_1_47.png,898995d276303cc0c0aef4115db56b07
test/aaaaabhz_1_53.png,00646a620059f8de0f4f39ad4e76fb93
test/aaaaabhz_1_60.png,4bdec596b943b566c11fd9e480ca0cc9
test/aaaaabhz_1_7.png,0d88a4481e89e23807a4169cf97293d7
test/aaaaabhz_2_0.png,96ac9d3c47063ae3ba7d793c2862cce3
test/aaaaabhz_2_13.png,1e8e9fa19c694443be60979f69bb3f87
test/aaaaabhz_2_20.png,74bd41d0b0cbd854a3ea3503110260cf
test/aaaaabhz_2_27.png,dd2195fc37614ec47ec27cb2b5f0c97b
test/aaaaabhz_2_33.png,159e85cd28cccc082fd9322ce4355a33
test/aaaaabhz_2_40.png,8660ae0bb53066407c74c4ac1cba7e19
test/aaaaabhz_2_47.png,fcadacf89ba24cd390126afc75ff05ac
test/aaaaabhz_2_53.png,0b1ff287586852b45fab05ed3fd464e8
test/aaaaabhz_2_60.png,5546a7c0803b78d01bdff981d96c0c37
test/aaaaabhz_2_7.png,3efecead983f71684ccae2e6a03063d2
test/aaaaabhz_3_0.png,68510953a826a9ae095e98e3f578411e
test/aaaaabhz_3_13.png,0729de54ab98b4bd44178e8cfa159e31
test/aaaaabhz_3_20.png,461effa08e958e7d731358b8145a9f7d
test/aaaaabhz_3_26.png,a9ef8ce2debf1eeea2ba8ee3b49b1e39
test/aaaaabhz_3_33.png,5bbe62b3667c5569625ff8191f4d68aa
test/aaaaabhz_3_39.png,bb3039c41eab7e86fa6c77d622f0e8ff
test/aaaaabhz_3_46.png,f22d9aa5d16076fc397919cb1da0681a
test/aaaaabhz_3_52.png,cdf7b7e837f42eafe1f42af24eae9378
test/aaaaabhz_3_59.png,6dd0e6f9bb3e7557791f147c529b861b
test/aaaaabhz_3_7.png,9bc5a6bafe3e92887b16786d82ab097c
test/aaaaabiw_0_0.png,ce340ce67a73672e5b761ab39cf0b83e
test/aaaaabiw_0_17.png,dc54acf0c663742a4ea2fd256fe51700
test/aaaaabiw_0_25.png,287fa791d807fba5f0a951fd7789df0d
test/aaaaabiw_0_34.png,56423daf3d7e8bea06b5ae0ee1d3c22c
test/aaaaabiw_0_42.png,de5a356d550310a843d81af82a1bd135
test/aaaaabiw_0_51.png,385e114425f6e23e685231d9236d527f
test/aaaaabiw_0_59.png,9133cecf857b18b575e559be2cf7623f
test/aaaaabiw_0_68.png,134b5034b40d03152900715b278a4432
test/aaaaabiw_0_76.png,d3b6f6fe2ffa716b6cff5f3759603877
test/aaaaabiw_0_8.png,394f7e50d290c64a4209c7ef01944081
test/aaaaabiw_1_0.png,219c480daba9d72b99052574d028b0b3
test/aaaaabiw_1_13.png,8497d63b81bffd5414d84a0c522f2528
test/aaaaabiw_1_20.png,5229e3777df20ee54fe5a190024945af
test/aaaaabiw_1_26.png,a4b19f92df02eba98ee45e1f5c27411e
test/aaaaabiw_1_33.png,222c029ce456753f6f847f8725230cb6
test/aaaaabiw_1_39.png,fa7d4dd538d2518a8c27254d26175041
test/aaaaabiw_1_46.png,4165ca725d4b54df05e56561f0abef44
test/aaaaabiw_1_52.png,86d455f6c68b6bdbbcd2f03485511442
test/aaaaabiw_1_59.png,608168c04492fbd4c895e68f77335876
test/aaaaabiw_1_7.png,7494633017c111eb2939e48ae9e78c02
test/aaaaabjt_0_0.png,b054a679f186ac9827795e9e7f9c613b
test/aaaaabjt_0_16.png,9e333c52db94917514a8b6a68bab8838
test/aaaaabjt_0_24.png,fe981dfd6dbe1a11fcb6a95b8152b3fd
test/aaaaabjt_0_32.png,68f16e0620788ea93dcc7ce39b6a78d3
test/aaaaabjt_0_40.png,1011cd6e5cf61819171d3fab04860934
test/aaaaabjt_0_48.png,7e460d3bb6a9af358bce3b0d31ae297c
test/aaaaabjt_0_56.png,3e7977ee3ae41c4add99a707029a5179
test/aaaaabjt_0_64.png,a202a4de2e22d78be43ed7b3a40b42a2
test/aaaaabjt_0_72.png,f33066021ea39464dabab4985de2a8e8
test/aaaaabjt_0_8.png,e72935876fe413600162e8feffd15772
test/aaaaabjt_1_0.png,b57d731f9410dd5d7c2e5044486e388c
test/aaaaabjt_1_13.png,768f05313ddc92ceedd7558d36bd2f86
test/aaaaabjt_1_19.png,cf9ec1cc2869f860e72e7380a61ea7c6
test/aaaaabjt_1_26.png,8ee0dd86d28ece75574562ff64089109
test/aaaaabjt_1_32.png,28ba48f82bac5e556a0ffa59a9a62af9
test/aaaaabjt_1_39.png,4465a3cad57fb86a3afd3f87fe068a42
test/aaaaabjt_1_45.png,bc3647d01ca534c06612a4b1dbb3f6db
test/aaaaabjt_1_52.png,f9e08d3198ef85bf146ad84649b67412
test/aaaaabjt_1_58.png,a8acdcf102e17f9eb819df8848ba59bb
test/aaaaabjt_1_6.png,c10fef6c71750bc0faccd1362153f032
test/aaaaabjt_2_0.png,5b112acae43f4a32a3fc972b83d1ffd5
test/aaaaabjt_2_14.png,35271b077dd8d82da6319dbd291cfa01
test/aaaaabjt_2_21.png,688f20213da36c312c72cf0bdaf1731c
test/aaaaabjt_2_28.png,554fcdbdefe9929902987d81edac8a80
test/aaaaabjt_2_36.png,8bef201693082f92dcb9ca7c525e98b9
test/aaaaabjt_2_43.png,1b79ef253e641fc53e543edb10ac111d
test/aaaaabjt_2_50.png,5359ec1f0536cd3275650c506a7363f1
test/aaaaabjt_2_57.png,6c6cc5b3ecde2e565d054df563036cd8
test/aaaaabjt_2_64.png,5ce682fb70ae4dd35a98a8d77cb9ed50
test/aaaaabjt_2_7.png,59bba1f548e25666748d23eac03eb008
test/aaaaabom_0_0.png,760fd3838f56f06004b1d8dddaf8bc39
test/aaaaabom_0_13.png,dff4743b439f2185520ae51602d84cc5
test/aaaaabom_0_20.png,a88f2eb2d419dfcb6fd95afb92b3ed29
test/aaaaabom_0_26.png,3e1fe99e442fd6daef0571df57a743b6
test/aaaaabom_0_33.png,c351e229d530ba05f50b4fd652e6e5de
test/aaaaabom_0_39.png,1f9ca6b65ece3e4fb283bf7c61885039
test/aaaaabom_0_46.png,72ee5888b4ede720bbf799068f5a34f0
test/aaaaabom_0_52.png,ccbcaa5f7c159469f6c90c3c11a1c741
test/aaaaabom_0_59.png,83a810cc9829e33144a22d8d1c1e18be
test/aaaaabom_0_7.png,f7c44f6054f754aa52a6578e9cd020c5
test/aaaaabrx_0_0.png,4eaaa88292976d4e110d42e07c679445
test/aaaaabrx_0_14.png,ed215e9d06c6e2d72dfa2de0c794ab2b
test/aaaaabrx_0_21.png,a0658c3057bc1518073b8c86f15937f7
test/aaaaabrx_0_28.png,092fb135f4e9b4c44f96eb807011833a
test/aaaaabrx_0_35.png,6b5fcc5a39bf98a220fa1b79800a9cc0
test/aaaaabrx_0_42.png,f567c6d59f62b897a20378f5400a2f11
test/aaaaabrx_0_49.png,700aff9ed82a8433e3d615e2e8e9404e
test/aaaaabrx_0_56.png,450946c9dfa4b1dad6ec31c6cc9a0158
test/aaaaabrx_0_63.png,f2c502a72641fdb287c16510a7e8ef9b
test/aaaaabrx_0_7.png,b26b84b8a2dfb2cc5792a5089c2a9512
test/aaaaabvu_0_0.png,1b6c25b30ee4b046bd5b507e181d021c
test/aaaaabvu_0_14.png,5368264dbcbf9b3adc0e25ede2dfec25
test/aaaaabvu_0_21.png,fd823d7084bef035c16b9ff78dfaa6f3
test/aaaaabvu_0_28.png,74396b9eedcb868a78a1932633540f72
test/aaaaabvu_0_34.png,edd5e52c13d016535be9a9793c425abf
test/aaaaabvu_0_41.png,0afe526acd94c5d9352d843c5dace383
test/aaaaabvu_0_48.png,6e16fecaff7faf1ba13505538743fe96
test/aaaaabvu_0_55.png,7f83a66b288a8c21d08b8cdfdcd25cde
test/aaaaabvu_0_62.png,8313b0a1b3e24836c2968efdf29ce279
test/aaaaabvu_0_7.png,2ab096fc9b92ea2708816517cbb0ac5a
test/aaaaacag_0_0.png,51d7b09ba3196521c19e3f099396eb51
test/aaaaacag_0_15.png,581bc4f67a9a91585a1543c61dd5ee7d
test/aaaaacag_0_23.png,6dd43235bfdec1437ea9093348f9073c
test/aaaaacag_0_30.png,8e42484778114bab7d45cee866266c66
test/aaaaacag_0_38.png,1e9caaedc198446737f66e7aafbf0360
test/aaaaacag_0_45.png,ee75028cc035e6da18d31b7db6fcc567
test/aaaaacag_0_53.png,9f63b116e608112c38e9e5cb86afb09b
test/aaaaacag_0_60.png,ed3adc3ca4263cbea6c13d10d985e113
test/aaaaacag_0_68.png,462eabb1d94bd9c3d2860bff84000cfa
test/aaaaacag_0_8.png,4afbab46c46e4b83308a3b6b998574ba
test/aaaaacej_0_0.png,2ec5c571d1d6f373ba9b87cf5f56cb9c
test/aaaaacej_0_13.png,e94e68b591b24212da464bb659cf1599
test/aaaaacej_0_20.png,1107d91bc2ae559656729e2b357b790a
test/aaaaacej_0_26.png,217924d101f4ac9772e3729a3c34c5ad
test/aaaaacej_0_33.png,c3b4f31307ab68e3d3b03b0afdf9e6dc
test/aaaaacej_0_39.png,c48d367d1b2b46181b5f75c0aeee60c1
test/aaaaacej_0_46.png,1a0b9f37d2d42a1a5832caf22962e53e
test/aaaaacej_0_52.png,fbd08f94df01f629f016b14f65a1c89f
test/aaaaacej_0_59.png,eab64c1c232994d559ed52df78d76b9d
test/aaaaacej_0_7.png,095fc7129cd669c3758a5e1cebeaf151
test/aaaaacfa_0_0.png,476e901c08a40a65604e83a0d4c72b30
test/aaaaacfa_0_13.png,a3c7d39d4f2770c32b35258d13be3e28
test/aaaaacfa_0_20.png,eb17531c598379c23e7ef3ec7323f84e
test/aaaaacfa_0_26.png,bdfa3adad05077daa2d522e667c05ee3
test/aaaaacfa_0_33.png,14db8dd86fad2f084db75a127bc6b1c5
test/aaaaacfa_0_39.png,9d8cd7bab66c647f0a7c68ac23675b17
test/aaaaacfa_0_46.png,c0e63b84698e5673cf0c663fc05f291c
test/aaaaacfa_0_52.png,971808d161f212e41e2dd56ebc460f46
test/aaaaacfa_0_59.png,e98cbce57996e32bedae79730b50f302
test/aaaaacfa_0_7.png,0762d649dd482241f58dc013c184da6b
test/aaaaacfa_1_0.png,53367fae24f9f7b9e3f3de2b52cf528d
test/aaaaacfa_1_14.png,259a3d4843fe0b4deaa70b82943b9e4e
test/aaaaacfa_1_22.png,4247415bacfe515a4fdcfd89086ed612
test/aaaaacfa_1_29.png,852c35dc65c20953c2a43738979de4d8
test/aaaaacfa_1_36.png,ec2d8fd0c320888fab1bf74e4d59a2fb
test/aaaaacfa_1_43.png,ceeb7da2fbe3ce94bb2b960faf7ad2f4
test/aaaaacfa_1_51.png,34e1ad5c13ae798754e609ce66a03ac8
test/aaaaacfa_1_58.png,784a6a5b52bed1d8ffe2c5dc818336d3
test/aaaaacfa_1_65.png,0e5a65539f938da54a11bc6308dca54b
test/aaaaacfa_1_7.png,9bf14d9c3254cbc39a071d8b6bbd8784
test/aaaaacjw_0_0.png,6a109fec70be5532e6211ace4bcecdca
test/aaaaacjw_0_17.png,67be9c8cee3071bc77c44202bf5a2875
test/aaaaacjw_0_25.png,97ffad97f357ec98ac91b09d83582046
test/aaaaacjw_0_34.png,969f60dd12a28bc00a2e3b4dd1fe7645
test/aaaaacjw_0_42.png,f1117f45074e886a7abe9a0a87e38514
test/aaaaacjw_0_51.png,495f2306c6a22c8840af9eb9049001ca
test/aaaaacjw_0_59.png,f0af20f941eb47e64925c7b0638edc85
test/aaaaacjw_0_68.png,4120f9904a5f2b6ded745a6442d168b1
test/aaaaacjw_0_76.png,3d9f39e8e6d074b87273c6f549d9e0cf
test/aaaaacjw_0_8.png,9b3c887a3c953a7fdda48d6bc312c319
test/aaaaacjw_1_0.png,f283301c5810cf9ba5efdb02b84c0c31
test/aaaaacjw_1_13.png,763b81c096f7367fd5720502db72d5ca
test/aaaaacjw_1_19.png,2643e3e76dba7e7a2d3d34c52f17e639
test/aaaaacjw_1_26.png,135e73dfe7103c3489cf9e89dc54aeed
test/aaaaacjw_1_32.png,4759e8f8ceda8c34d50d3d1e98c41361
test/aaaaacjw_1_39.png,8aca4189fb0e6d645730eacd95ce4df5
test/aaaaacjw_1_45.png,89e7293f28f20ee3568f248af4e8759f
test/aaaaacjw_1_52.png,3c1de21d5c61dfeec20ba001047a0317
test/aaaaacjw_1_58.png,36acf74ef8a6b3bc84953dbf0ae0b1c9
test/aaaaacjw_1_6.png,6b771fccfe3ff759fe454dc5a91efbe3
test/aaaaacjw_2_0.png,ae7d39c5264ee83ef522a1cb0f4ac924
test/aaaaacjw_2_13.png,adc11e6063cd6be7c260f2d0c9688bec
test/aaaaacjw_2_20.png,fcda03111315778702467b07a170cec8
test/aaaaacjw_2_26.png,3bd07a2f12106892dbe8b28f72073c13
test/aaaaacjw_2_33.png,75b165a2e5cc8f347157240b1a147521
test/aaaaacjw_2_39.png,7bf6d2600699b2ef1dce633c65b489eb
test/aaaaacjw_2_46.png,1974ca47d1f55ebfaa96f96292f6d197
test/aaaaacjw_2_52.png,6f4bedb36f0bfe05cf5a2b1bbfa80211
test/aaaaacjw_2_59.png,cfa4ecfe231a1cba4daed250be8e07c8
test/aaaaacjw_2_7.png,6586af76f861fe067a56e149edefd036
test/aaaaacns_0_0.png,aca27cf22dbc372108415d3f61d0c3b7
test/aaaaacns_0_12.png,903b1a454b1324f9f5648c1dbc40f529
test/aaaaacns_0_19.png,8ecdbd0f2d3b40210d293765b0bfb4ab
test/aaaaacns_0_25.png,e1988157da3635e8374fc900f28c8365
test/aaaaacns_0_31.png,2f998345f30fbe1a9cde4efd59d9df9d
test/aaaaacns_0_37.png,c1088bae8e66e591eacf0bbe74e67a7b
test/aaaaacns_0_44.png,25733df7f3ba1924625906a72474fc9e
test/aaaaacns_0_50.png,42778f1a8ef2fe20f64274d96371d94a
test/aaaaacns_0_56.png,a42e3c1be383ca2159fbd6bc4ec389c5
test/aaaaacns_0_6.png,665e45ad011d064f299eb3c7b6a98c89
test/aaaaacns_1_0.png,0f2c8e2b4801e846fdd4acb97dadf5a8
test/aaaaacns_1_13.png,e99c9584028cb607537ec2d341f23c3f
test/aaaaacns_1_20.png,cdffcc6669d356b1f98870b94335df44
test/aaaaacns_1_27.png,ac5a45c0d67eaa7b8cf6fa0adde11f23
test/aaaaacns_1_33.png,0958aa67f3defeb251591b17af401bef
test/aaaaacns_1_40.png,62c9db86921c740a24c561bcdb6fc919
test/aaaaacns_1_47.png,0a48d439f450da0f91ba4e356778d4b5
test/aaaaacns_1_53.png,17ad5f3aa6de1d8dc3fc057740c1a218
test/aaaaacns_1_60.png,c51e6bb7194500d380be09fa01b6f4e4
test/aaaaacns_1_7.png,24f69b7ce7f4a1e3c9b0dff2afb5f790
test/aaaaacrz_0_0.png,32d7e3675b661fe37d6aea1706912e4b
test/aaaaacrz_0_13.png,43bb98e223ef9e9cb86172fcb83d0eac
test/aaaaacrz_0_20.png,44f639807684662a3c9f7618e671b1d9
test/aaaaacrz_0_26.png,f4042744f888e40e26949799bad280ec
test/aaaaacrz_0_33.png,0a6c7fa7a13503f0248457d7a0ee19f8
test/aaaaacrz_0_39.png,15e01acbe2754c3c99e745f3878ae9f9
test/aaaaacrz_0_46.png,a429a4ab136a8a77d83b3b4ec8afe028
test/aaaaacrz_0_52.png,7af504c0becf5b1db7cab90c835d3285
test/aaaaacrz_0_59.png,bc007b0f6792725bfb39a08def1a68be
test/aaaaacrz_0_7.png,9c7796bec0d81cd45aa7180f1a1eae7f
test/aaaaacrz_1_0.png,ccff453be26b0e1519b24afab3fe3e1f
test/aaaaacrz_1_15.png,3ee23e4e0972340653e6702be9491a2f
test/aaaaacrz_1_22.png,1debba61b9d56626cfc62ab22cc06cb5
test/aaaaacrz_1_29.png,6f54739961c3af73f184c67357fd518f
test/aaaaacrz_1_37.png,33a46e3005c233d29be74755b5ff07f6
test/aaaaacrz_1_44.png,d35824ecf55f7070f7a9cac4330accba
test/aaaaacrz_1_51.png,f2dd1999d15b59a15e0a41792cb6b600
test/aaaaacrz_1_59.png,7feefdb351823b7760a0145316d5987c
test/aaaaacrz_1_66.png,3698e3bad392d3f18dc1f23d0e5aea28
test/aaaaacrz_1_7.png,c38cbac63ca590478907a4e1109f0acf
test/aaaaacsu_0_0.png,be38d684b37bb02de4b4a91b61fdb401
test/aaaaacsu_0_15.png,fd82408fbe8f5a1a3d1d3b399343b5ef
test/aaaaacsu_0_23.png,fb2fcd088d241e9d43a431535f670fae
test/aaaaacsu_0_30.png,2a145f0897c4e546edce40a7fb1099df
test/aaaaacsu_0_38.png,ef14233224b3c1bbe7fbad234821f90d
test/aaaaacsu_0_45.png,93ddf8681d2835e1c0eafb61d5e410bb
test/aaaaacsu_0_53.png,e6eec6c095da81e2b7b05c1067c0b067
test/aaaaacsu_0_60.png,3ce3cdce69c77c283aba3944672b5d9b
test/aaaaacsu_0_68.png,d187b23a09b496ddf807676598b4410b
test/aaaaacsu_0_8.png,3af64f5ab94063431bc99f1f012eb37d
test/aaaaacuc_0_0.png,34929c71a8f17316b48885ddca6b8cae
test/aaaaacuc_0_15.png,961e87f886bd704721aff5fc93d6e981
test/aaaaacuc_0_23.png,1e81b6007b90e24c66fbcbd571e56585
test/aaaaacuc_0_31.png,32b3b37e02e0defb1a45383da713dd09
test/aaaaacuc_0_38.png,d8abd96f089bffb82206d551e6b8b754
test/aaaaacuc_0_46.png,e127593d2dd933122e809bc40fedd22e
test/aaaaacuc_0_54.png,1d3887ce0dd3939a9456d6e60be88a94
test/aaaaacuc_0_61.png,d1fcb4ebbf1208eae8cc4417a5be36ae
test/aaaaacuc_0_69.png,8c49ee671095f2db8fd37a644ae65b23
test/aaaaacuc_0_8.png,5b3e7d6e4b8cef1a559c5eba6470658e
test/aaaaacuk_0_0.png,e15a963038b0c6c69ab9976fea22acec
test/aaaaacuk_0_13.png,9105335bd777b57b511d479f859a03f2
test/aaaaacuk_0_20.png,c81cb7d11184e17eab80ea9097ed9d9e
test/aaaaacuk_0_27.png,90afdc0e1551c9bb012ebee54098faba
test/aaaaacuk_0_33.png,8cb80995f7ef70fae3a2268287b472ef
test/aaaaacuk_0_40.png,6653815190135673d466b2deea0fbf5f
test/aaaaacuk_0_47.png,b646b789a717bd2b54bacbdf25e50373
test/aaaaacuk_0_53.png,689acdf344c767e4d68dfec141963805
test/aaaaacuk_0_60.png,5953f36d0ff7c860191e9251caaaafa2
test/aaaaacuk_0_7.png,df00358cf6bc1f89980de9df56c9a089
test/aaaaacuy_0_0.png,b80062581903a34885b7410d39dc83c4
test/aaaaacuy_0_14.png,18408cd2b71dda90892e9ebc7713dbd7
test/aaaaacuy_0_21.png,c5534942e67c5b1033a85ecbac5c9979
test/aaaaacuy_0_28.png,150ff6300ec9146b828762d11f8e7a45
test/aaaaacuy_0_35.png,761011ea60e43bd0c9bb8a757b68ff2f
test/aaaaacuy_0_42.png,5a3cb414ed26b8262991b3aaba60f12a
test/aaaaacuy_0_49.png,457215a85045ffd997d35f7c4e72730a
test/aaaaacuy_0_56.png,309d60014b653d99cbdce9543e0db129
test/aaaaacuy_0_63.png,8e1bf56478e90054e396183817b5f277
test/aaaaacuy_0_7.png,8753f9dbc98bb3bb2032968eebad1d9e
test/aaaaacwd_0_0.png,d56103fb2656cad49613a8da8a41e1af
test/aaaaacwd_0_12.png,6b886e4c7e1aa6423121e526928ed9c8
test/aaaaacwd_0_18.png,d2513f9a3b83fb6b6f6ba79fa6e72292
test/aaaaacwd_0_24.png,505cc9b491e19cb2539bd687812324db
test/aaaaacwd_0_29.png,c9b9fd3dfab6b3c8b11058c808245a52
test/aaaaacwd_0_35.png,0c7be02666f6cea58c7553f9ae56fca1
test/aaaaacwd_0_41.png,f79a6ae7ba283c4d78a86a3c1e07001d
test/aaaaacwd_0_47.png,5cf8ce1f881e1d39c17a4133e19a0315
test/aaaaacwd_0_53.png,189be2c20f80f0b40288fd3ba8e66ce4
test/aaaaacwd_0_6.png,83d96c315035a3d9b103c1c22929f2db
test/aaaaacxi_0_0.png,24d1f12e4d2201248488b62bc013c2a1
test/aaaaacxi_0_16.png,278387d0fee7a4785e3a2a5b6210cf05
test/aaaaacxi_0_24.png,c05b6a44a444e1508d4b821bb27a8cf3
test/aaaaacxi_0_32.png,55046534cd36ac9b7e9b620a79174fcd
test/aaaaacxi_0_39.png,3ebf37afec6d952655e0cdede685f703
test/aaaaacxi_0_47.png,fcf17cf81132dd6b0ef46de158a90a62
test/aaaaacxi_0_55.png,83d2e3725aece200d16171863a016cd3
test/aaaaacxi_0_63.png,351aae152532a7c700ce6512e9e2d94e
test/aaaaacxi_0_71.png,6c0454b7570e29c5c542179aa4c602cf
test/aaaaacxi_0_8.png,57892970db5a06d7bd536c8e088fc828
test/aaaaacxi_1_0.png,abb71f8939b4ddbd333380a3a107f1d8
test/aaaaacxi_1_13.png,87ef505ee4bca503455a0483abf77c85
test/aaaaacxi_1_20.png,d576261aa26ba831d1060493974bc664
test/aaaaacxi_1_27.png,b0f3b6ad6126e70165660415b5adc658
test/aaaaacxi_1_33.png,5ef80e8119b4975eb0e87cd2c5fd5bc2
test/aaaaacxi_1_40.png,16cf2388005e1abeec19051a5bf9e336
test/aaaaacxi_1_47.png,1e125a204547eb9c5fd521f1b9b9f376
test/aaaaacxi_1_53.png,093f07b1945bcf1450e132f8f6acf274
test/aaaaacxi_1_60.png,10e51e5501710e8faa878ff319b0fe4b
test/aaaaacxi_1_7.png,ee76d8b6ad70763a7bc39e65ea586500
test/aaaaadak_0_0.png,9fb67bd364aca66ee2efef9af8c56b47
test/aaaaadak_0_16.png,00707d8c4c43eb3980d4257db9a6487e
test/aaaaadak_0_24.png,3102c6151880a884d2e5732d686af410
test/aaaaadak_0_32.png,6b45a42c067a8268c4a4f32bd9a9419a
test/aaaaadak_0_39.png,1cd7733f34286715f1099f623034f779
test/aaaaadak_0_47.png,fa9b55e0ec1319942b979c238792a097
test/aaaaadak_0_55.png,574ef788d1aa675b004400c3015e680b
test/aaaaadak_0_63.png,6d6644e433563fe3e8d4c456aac8dd5d
test/aaaaadak_0_71.png,22101cdc058426c010a6ee750a68f99b
test/aaaaadak_0_8.png,a7f9ef1d041b5920003901c305b4879d
test/aaaaadbn_0_0.png,37d06188f6cb7c810ee0a017961a63ed
test/aaaaadbn_0_13.png,e80007f4899a81c595aa8e3eae8023dc
test/aaaaadbn_0_19.png,42316874d5da62d0be3afb079ccdf446
test/aaaaadbn_0_26.png,c4960b17483b2b337602e5e2c59802bf
test/aaaaadbn_0_32.png,ffe76186f54fe9348cc3a036f7c67a4e
test/aaaaadbn_0_39.png,205ff57379f820d0a6279560a4f85286
test/aaaaadbn_0_45.png,b10290701e5df1e96079c7c21980e0dc
test/aaaaadbn_0_52.png,73be9d5e4942a84df560358395ab0f3b
test/aaaaadbn_0_58.png,d56aa8f599a32912f66727ba80578750
test/aaaaadbn_0_6.png,6cb4c85b82d3ab512af6d6c0ea3cbb5a
test/aaaaadfx_0_0.png,8ac178da55aa3c4760029b02e1019a3f
test/aaaaadfx_0_16.png,18af329b75a4b0802364452c03f0cb19
test/aaaaadfx_0_24.png,5b33f03c4f752cf3f899776478bdcf3b
test/aaaaadfx_0_32.png,0308f7756a0fd402a6b51c04e16a28a2
test/aaaaadfx_0_41.png,9402655d2cf6abe7109a265ae563aa5d
test/aaaaadfx_0_49.png,d215c326825b179a158a857cdcea736b
test/aaaaadfx_0_57.png,918444d004a5c00a97432e66a60fe74a
test/aaaaadfx_0_65.png,1ac843b8745b3c8afc25ac3b6623494d
test/aaaaadfx_0_73.png,3f0fb1ebaaac8c7ad2af8c3740e3ec45
test/aaaaadfx_0_8.png,eb533840143c43e890b57c0c41e375fc
test/aaaaadfx_1_0.png,d601759088c1ea3edf914c00e011a8b8
test/aaaaadfx_1_13.png,63c722f6669dbc0fb15c48adb64e115a
test/aaaaadfx_1_20.png,e85e66b1085bf1b11ef82271a9af3eb9
test/aaaaadfx_1_26.png,62f87d31ce1aae856e1ba31611fca051
test/aaaaadfx_1_33.png,62117a22b3f74c752da763643a3a337d
test/aaaaadfx_1_39.png,5cc35e078fb575f6da0016d8a519b96c
test/aaaaadfx_1_46.png,c722dcedb8a3ab45db208c20f2036ab6
test/aaaaadfx_1_52.png,d65b492122b27441d4b8ac4e4158115a
test/aaaaadfx_1_59.png,43e06f7d0b7c52dc03250aa98f6d2246
test/aaaaadfx_1_7.png,7b309c09d870c0720e6068049d328b06
test/aaaaadfx_2_0.png,f293d6478ac28839019f2c421e0215c8
test/aaaaadfx_2_14.png,ea500bd42656e85b3ab0ae18874759a9
test/aaaaadfx_2_21.png,38f92e631bc1328c05717648205ce2a5
test/aaaaadfx_2_28.png,4544cd7498800dbd4944450217606445
test/aaaaadfx_2_35.png,7b51d671336635af137cfb9cef69bb51
test/aaaaadfx_2_42.png,e358e7b6ddb51fe743561b1103ede144
test/aaaaadfx_2_49.png,31d041089f8404c01617d0b941f10021
test/aaaaadfx_2_56.png,689c1cac6f83cd099350333fc02ea7e6
test/aaaaadfx_2_63.png,1064c09a3f310c4c52a1fbe2cde0cb4e
test/aaaaadfx_2_7.png,21199f9d7413b3d511f69eca113c828d
test/aaaaadfz_0_0.png,80a5bee9c05f36467ed686d0c1689ab7
test/aaaaadfz_0_13.png,dfd0a76429f5f2d5a32fd90e37310286
test/aaaaadfz_0_20.png,6f79d7f4ae0ecec223a50c8a4e0bf973
test/aaaaadfz_0_26.png,cec68a34df12122a2c419cd3f62504ae
test/aaaaadfz_0_33.png,e2c9893cc4b727044fd3d5947c126d57
test/aaaaadfz_0_39.png,2668a4e56c9bc1f4c80dbea1d7f3bac1
test/aaaaadfz_0_46.png,6e67fe681fbf2270bb3a766398caca6e
test/aaaaadfz_0_52.png,54fc66b897508b06537e804312fc2788
test/aaaaadfz_0_59.png,b26f638bd312b18f8b11ee8ceea35ffa
test/aaaaadfz_0_7.png,5b1233f8d7e62baf897dbea3aa793dbd
test/aaaaadjb_0_0.png,a8827f2a73d35257520ee0998f959e63
test/aaaaadjb_0_13.png,72167c42c3450ef53d9ff463311e14ad
test/aaaaadjb_0_20.png,fb11b0be1554ff90958427020f4dcdff
test/aaaaadjb_0_26.png,ade2569a5f177b919e26548248ae8b86
test/aaaaadjb_0_33.png,cb9ceaa51e03e4994e89eb3fb3d58183
test/aaaaadjb_0_39.png,d5e9201e049919fa294d345a629e3dc4
test/aaaaadjb_0_46.png,ca4d1cc38945023c3ec2524d330c33d7
test/aaaaadjb_0_52.png,607cffa9fa45a269b7238728f145babc
test/aaaaadjb_0_59.png,d5de64a5f6c0c77796badbcbe4538caf
test/aaaaadjb_0_7.png,a9fee8c40e1f2ce82d41faa73464995b
test/aaaaadli_0_0.png,db64f6c1b75bc7ece8837f45c618375b
test/aaaaadli_0_15.png,7078bbb2ae0402f888274aec4a8ec042
test/aaaaadli_0_23.png,5c2508e43c0f27cf077146efc1363012
test/aaaaadli_0_30.png,dc048af1e7cdb505dfe35f9ff2516175
test/aaaaadli_0_38.png,7eec9ced1690b61b9670db0dbe6dec9b
test/aaaaadli_0_45.png,1decb33bb83f596047796506533717d8
test/aaaaadli_0_53.png,41a88e0d91fd90ace8657fe0eb97c8ac
test/aaaaadli_0_60.png,e817f0c5e2bbe997f555eacab888ea3a
test/aaaaadli_0_68.png,b9ff7630095efba9f1196df025bfe7a9
test/aaaaadli_0_8.png,9944e00019aa23d17d77d85c7893a1c3
test/aaaaadli_1_0.png,3d6aa9fd0f467106724a3d114adbf049
test/aaaaadli_1_18.png,dfa65f4f63dd698ee349cf4596fa2dfa
test/aaaaadli_1_27.png,f2942a1f954d65246b919ed492088c51
test/aaaaadli_1_36.png,d5c97727dd4f693c1528b6c2a1b94094
test/aaaaadli_1_44.png,640a6f27b639a674f565be0dacf51c33
test/aaaaadli_1_53.png,ba14f825ef0990cb94e5b5c19b9776ad
test/aaaaadli_1_62.png,0f159361c0c533319788c332486d35ff
test/aaaaadli_1_71.png,0177f16ab9e6610ebedfbb49b2af4083
test/aaaaadli_1_80.png,fe4fff021df0660aa7ebb6c746198447
test/aaaaadli_1_9.png,c8d689cdf5574829687acb034304ae18
test/aaaaadmp_0_0.png,1bd2369bb623936574e6f49895dfee8d
test/aaaaadmp_0_14.png,447b20d66e6f737d0b5c8678cb4df829
test/aaaaadmp_0_20.png,9c17f1d7791a1990a38e83975dcd8ae5
test/aaaaadmp_0_27.png,7128e861fc28657281a6e107a2a6f523
test/aaaaadmp_0_34.png,e7b632b694c812d70ac866bb21073515
test/aaaaadmp_0_41.png,db24aff6c0bc20f3c167939b5478f525
test/aaaaadmp_0_47.png,a26ec451be12c952d54dec96c09cff7f
test/aaaaadmp_0_54.png,025001936c3f07747d939147d2989b50
test/aaaaadmp_0_61.png,45eadeddc9cf14b3c58029d9c924983c
test/aaaaadmp_0_7.png,8c4737d821b477b73d0ecee13dd142ba
test/aaaaadms_0_0.png,afd50a705aa5a4b38d798fb1765d00e4
test/aaaaadms_0_13.png,aa667c3ce2368e33ebbb99cebec80fdb
test/aaaaadms_0_20.png,df34cce829c9c89d3b9c062da59e1445
test/aaaaadms_0_26.png,3f73948dd6b4c2cf901b25de0442843f
test/aaaaadms_0_33.png,7c26749d0ee1a505d236a57a24d3e3e3
test/aaaaadms_0_39.png,0649a259c1280859cd0a84a0c316ddf2
test/aaaaadms_0_46.png,d96cc11f0b1bae5037bace01c001aaf5
test/aaaaadms_0_52.png,41f3d41bad0966c05592f25e403b1f02
test/aaaaadms_0_59.png,56a3ac0bd47f78242186471581664993
test/aaaaadms_0_7.png,222f99c15f6c86a321063ac53734ccc2
test/aaaaadrn_0_0.png,db142c679ed64fe528b49a9b0b1b1b36
test/aaaaadrn_0_14.png,5de719d9de0b6949b7e1b1ae3623b470
test/aaaaadrn_0_20.png,9f6561a6f01b745b315db08702dd2e2d
test/aaaaadrn_0_27.png,144f92e2285a3313e924043b61aef7ec
test/aaaaadrn_0_34.png,e81e76f7ef3704f616fbd179c0b16975
test/aaaaadrn_0_41.png,429eb122b9d6924249d37267cfbbefdd
test/aaaaadrn_0_47.png,1c69b9255356ace5b0cabfceb7265507
test/aaaaadrn_0_54.png,deb89600b3e4742d772befd957a074ae
test/aaaaadrn_0_61.png,0af54e57a8e85e439f1b1066222ecb70
test/aaaaadrn_0_7.png,c64e553fb2c747cd7f029d348606ddeb
test/aaaaadrn_1_0.png,558e702796c2fe4e407ce8d94ff4f278
test/aaaaadrn_1_14.png,088216365bdfde810d34395b2076745d
test/aaaaadrn_1_22.png,89f940bad40a7ffce5bf840e45e2e73d
test/aaaaadrn_1_29.png,95e44ae4d1cc9f86adf41516f0936081
test/aaaaadrn_1_36.png,604c74725c17cfcf3d72f23aff36e1b5
test/aaaaadrn_1_43.png,13b610a131313ce08406a33079244886
test/aaaaadrn_1_51.png,c000814ff9676114bb793bb5572bd190
test/aaaaadrn_1_58.png,cd8c52d987f192fb1982e9b649e15466
test/aaaaadrn_1_65.png,c963a868f4b8e2c429f59df7d409b0d0
test/aaaaadrn_1_7.png,24b1ce6ffc8697ff241c903d1b738567
test/aaaaadsy_0_0.png,67f2dc9f05d13625ad5e85a5e84dcd93
test/aaaaadsy_0_14.png,27e31a3b5e6242e038e933c262f439ed
test/aaaaadsy_0_21.png,2a021111ceb76a39e172a0297f04e721
test/aaaaadsy_0_28.png,436039825eabb3832df9069e2df1abdc
test/aaaaadsy_0_35.png,7658a7e22ff60603a35bf6796c198b1c
test/aaaaadsy_0_42.png,4905e5bfd05c623916413a10b0699d6e
test/aaaaadsy_0_49.png,7ce2455d118a3df34c3cdbd2eab5b93a
test/aaaaadsy_0_56.png,194d8a01e52514447aa178351b2a69cb
test/aaaaadsy_0_63.png,b058ccf0f40601f4939fff6a92b6b87b
test/aaaaadsy_0_7.png,20e1346da928a4641034b738fb6531bb
test/aaaaadsy_1_0.png,617f45bd9e50f6072dc6c54fe43a4dd2
test/aaaaadsy_1_15.png,26f5ba15338b8070b7935bc0b3b817e9
test/aaaaadsy_1_22.png,242a92b67f261499587bd7054b38961a
test/aaaaadsy_1_29.png,878ac11e9fdb741dcc86eb0764efcab8
test/aaaaadsy_1_37.png,90923820e56e25bdf86b7883e0da374f
test/aaaaadsy_1_44.png,b6025d296c9403a081eb7cee676bfef2
test/aaaaadsy_1_51.png,00c40433678e3a13730153f0f632b03c
test/aaaaadsy_1_59.png,110a7769311e7ef6ae108281e461084c
test/aaaaadsy_1_66.png,826dfe57189d1965a7f73124f5fb734f
test/aaaaadsy_1_7.png,3ff638c7ea67ea4bf9d61c11073ef16f
test/aaaaaeap_0_0.png,5378aba0e4887548ee985bcd70757b91
test/aaaaaeap_0_16.png,038f9f1b244a1f9397cf5de55205be49
test/aaaaaeap_0_24.png,948c34929f3445b85b3fbda532be8298
test/aaaaaeap_0_32.png,596a37075a319bdf59e076e8c10ce02e
test/aaaaaeap_0_40.png,8b251fec1ae4931fef0f033852acd63e
test/aaaaaeap_0_48.png,7cff41524abb47550a132d29d1d5d1ff
test/aaaaaeap_0_56.png,1f5a1f4672d36b849ebbbeaec43d9cb7
test/aaaaaeap_0_64.png,5327b9a6bc19e9f8e1edf7ecbc94cd6a
test/aaaaaeap_0_72.png,f4cd0ca0ee070575bf7e9e9b68231603
test/aaaaaeap_0_8.png,99bc07802a1f8a46e8e80b4861318e39
test/aaaaaebo_0_0.png,45cfaa717c3049885fe2c322ccc175ce
test/aaaaaebo_0_14.png,3a0122714d656e1c2f940f959da6353a
test/aaaaaebo_0_21.png,5d09ecbc685b20029bfa910173edd3b0
test/aaaaaebo_0_28.png,d20820507df748479d0a50eac82b3f6b
test/aaaaaebo_0_36.png,d83066100e4e4eff7931e44dcda44517
test/aaaaaebo_0_43.png,4829db3c445ca70b0a4ea8a9102cad85
test/aaaaaebo_0_50.png,23ab8e039114712ef92c0dd505fe0889
test/aaaaaebo_0_57.png,fafc46ed7166afd9fb7a8e33553e2f59
test/aaaaaebo_0_64.png,a8dec8b10fcfb65cd999d73ef3f54ddc
test/aaaaaebo_0_7.png,25cb57e774e1f4964df1acce60ad6675
test/aaaaaebv_0_0.png,8f32194da238dfd3f44b04a118c19e41
test/aaaaaebv_0_16.png,d2493f0efae1c47097d90d14607ad23a
test/aaaaaebv_0_25.png,90e5570af77bebcba521f3f6d84bdf53
test/aaaaaebv_0_33.png,52de9c6ed446abade710b20f4673f773
test/aaaaaebv_0_41.png,fffc74c95167e435c8a3abf645cb3597
test/aaaaaebv_0_49.png,d7c814ec5baa99ba68aff5fed713ce62
test/aaaaaebv_0_58.png,f93e3a70c1dfd0a3c9837b66022158b7
test/aaaaaebv_0_66.png,9d03390efecf17db6c63963de54fb943
test/aaaaaebv_0_74.png,0f9b9ddfeadb29381607a10f8bc99d75
test/aaaaaebv_0_8.png,20341e44996131c836e74ca42c04f109
test/aaaaaebx_0_0.png,e63c41768858768b466db8384519ab0a
test/aaaaaebx_0_13.png,5190a617f4462faa75b827d8b208e7c5
test/aaaaaebx_0_20.png,0fd5840383bd5f8c1809e086f7dbe39e
test/aaaaaebx_0_26.png,5b8cd796b73779a38e3ae2f48984d59d
test/aaaaaebx_0_33.png,2767bc76d2f4590b598b4d838f3513bc
test/aaaaaebx_0_39.png,de6d9d6a8bcb13527d9e97c9e182bf3c
test/aaaaaebx_0_46.png,74f4afafc4b6ad7ecee4e8587ce19a0a
test/aaaaaebx_0_52.png,c517cb8be27385a5d62e60d9d9aaa8fc
test/aaaaaebx_0_59.png,a43065a543d04eaf1a84947ad2fe46eb
test/aaaaaebx_0_7.png,b1a9e38705add274b62e3f710e9ea992
test/aaaaaebx_1_0.png,9199258603c2424f5b88d400b037e9f0
test/aaaaaebx_1_13.png,427715f99b85f6419f6de9e90984502b
test/aaaaaebx_1_20.png,8cd76cc3791700780ce6bf1c23209618
test/aaaaaebx_1_26.png,d9183bad9a9a1443bc211763b6e7ba02
test/aaaaaebx_1_33.png,c46d4e9d2be387f5fb63d811105c2a8b
test/aaaaaebx_1_39.png,ee89c441ec2479aacb13f1f11e886b65
test/aaaaaebx_1_46.png,6c847c26e381036be7cf08e0ff09840b
test/aaaaaebx_1_52.png,a79a2ba575909bfd851cd69913d73370
test/aaaaaebx_1_59.png,669bfbb86a5abee6080f8d9148982155
test/aaaaaebx_1_7.png,71109f735e79b64f5410af0b5ab1bbb2
test/aaaaaebx_2_0.png,49ccc1b2999cd1d2830ca85710846891
test/aaaaaebx_2_13.png,4767541939c6fec0912799e8a27b0f7a
test/aaaaaebx_2_20.png,9a96224e8d4340c78d19d2fee49ccc79
test/aaaaaebx_2_26.png,5cb433d1a5a3d331e7bbdbf60f63e671
test/aaaaaebx_2_33.png,b5d720fa8f37da4129fcf5135bc57dec
test/aaaaaebx_2_39.png,03377f3dd5988dfbd1dfe455bf2cc664
test/aaaaaebx_2_46.png,09505153e7836ac52497524646026766
test/aaaaaebx_2_52.png,ebc2cf5eb1137a186b0f078eb8722e30
test/aaaaaebx_2_59.png,8fe56f5957b7ed8302064fcde91addb4
test/aaaaaebx_2_7.png,702f3290f0f1b6f034aaf6be9b6b5882
test/aaaaaeer_0_0.png,ef1222a22fe7c6375893c2b399092623
test/aaaaaeer_0_15.png,1bd2fcb6b5c7b8b268df61bbba83a4cb
test/aaaaaeer_0_22.png,6d07d60686a63ac2cef1da25c317a5bc
test/aaaaaeer_0_29.png,807a62e8543ae2f3854bc397b4953f7d
test/aaaaaeer_0_37.png,56a54a5e592d1b8689041a4aed2c1225
test/aaaaaeer_0_44.png,fff62e592d627045b489873504d19bc6
test/aaaaaeer_0_51.png,1efbeefa11450e074e0cee6007f0e313
test/aaaaaeer_0_59.png,916c0eeaf91f83eb9ed0d02e74d37065
test/aaaaaeer_0_66.png,1c98edfb382358759ffbbaabb745aa39
test/aaaaaeer_0_7.png,7424e1fd14ea7cfc711974765d08c127
test/aaaaaegy_0_0.png,811d12d163eb014e62dd27c7188a8668
test/aaaaaegy_0_13.png,21352751076bf2b68a39ccde225ac266
test/aaaaaegy_0_20.png,4c87bfd98342a5a138f757aee7627835
test/aaaaaegy_0_26.png,07ac2cd6d79aa1d281244ff5dd014849
test/aaaaaegy_0_33.png,44815174450de4a5e52a8b21e809d536
test/aaaaaegy_0_39.png,11e81ebc5ccc9b713a3739780f74421b
test/aaaaaegy_0_46.png,16852a016230c9051daf900af296e45a
test/aaaaaegy_0_52.png,81ae718aed5ea7cb0735cdc9a9aade5b
test/aaaaaegy_0_59.png,f0c4a5fd38ffdfd39388a692329b4007
test/aaaaaegy_0_7.png,c7c70a4f3c52b4d03dc1906fdfc64c5c
test/aaaaaehr_0_0.png,337e140959735849927fc8e6fa005823
test/aaaaaehr_0_14.png,44cbc5aae1a37ae2ec74cd2e7e6f5fda
test/aaaaaehr_0_21.png,a5232b4790798bf2cf1639244764a695
test/aaaaaehr_0_28.png,a3790c0d223130882b6d782a3d2e9fd2
test/aaaaaehr_0_36.png,641b335e7e9b2fa864b76812bb1326e7
test/aaaaaehr_0_43.png,615189539b88e49db287e992996142ef
test/aaaaaehr_0_50.png,e265c8ba900089d1fc5516a9208caeb3
test/aaaaaehr_0_57.png,6f7e9c69ad3ef2d1475769ff128b92d4
test/aaaaaehr_0_64.png,c8423b7e4d9a42c6faaca0345c476f0d
test/aaaaaehr_0_7.png,1d1e5f150967b82f4e5f30cf85b9f720
test/aaaaaejm_0_0.png,c765381430899acb37ece99c89907bb2
test/aaaaaejm_0_14.png,5552a27b9377f284e52c9aabd6ff97f4
test/aaaaaejm_0_22.png,eedd73fb7a72161c9d1befa1a1baae1c
test/aaaaaejm_0_29.png,053655d5f66892da062731d9e8eeaa01
test/aaaaaejm_0_36.png,f8491de6e15c4e5f829b794936dc6640
test/aaaaaejm_0_43.png,d3adc59fd2853fcd8fb9dfb1e484b30c
test/aaaaaejm_0_51.png,7b38085f4df74083366f840e6423cad3
test/aaaaaejm_0_58.png,21f9d28e7c3d851ac9b0eb7a25394e84
test/aaaaaejm_0_65.png,0e74ddc72a93ead45e8043186db899bf
test/aaaaaejm_0_7.png,694c5a0b9f905b420e6bcae87dbb191c
test/aaaaaelo_0_0.png,a9951ce7b047a62e06da582964838f0c
test/aaaaaelo_0_16.png,1ac6e010d8b7d2d2d5472f1470a42c3a
test/aaaaaelo_0_24.png,476af1c0722d3668463f160f27a9c066
test/aaaaaelo_0_32.png,47f5fd47774baef3217e76ab4d61a6ae
test/aaaaaelo_0_39.png,ad15da92dd869d96edcc5ded9d8d8108
test/aaaaaelo_0_47.png,d730d687ea0cc1be9a664cbb47cf9bee
test/aaaaaelo_0_55.png,56807add11e1f8ad09231a7c1f8ba1dc
test/aaaaaelo_0_63.png,98373fe1d246a141b23bbd98a43992be
test/aaaaaelo_0_71.png,2d5a3f52e9e4f58e4c18c633391f2209
test/aaaaaelo_0_8.png,e3162a1040f7d71da7a9dc6df821b8f8
test/aaaaaenj_0_0.png,e47f972a966c40a13781b85582fc470a
test/aaaaaenj_0_12.png,a6288998d6285167777c1c7a9f97801b
test/aaaaaenj_0_18.png,a9ce83517d5f265c9362c2a4022796f3
test/aaaaaenj_0_24.png,ed33508802dce92a6245868d87d5804a
test/aaaaaenj_0_29.png,960a41d062ef3c9b0e528b4da0a0ee96
test/aaaaaenj_0_35.png,b30bbcf7c3ce3c88715868ecfe4313ae
test/aaaaaenj_0_41.png,8ae342676076d8064e7d4c485c661337
test/aaaaaenj_0_47.png,a544dc85f69fc5a0089ff3923795d3db
test/aaaaaenj_0_53.png,58646845d15f472fa084b95070654e8a
test/aaaaaenj_0_6.png,4d606ca8ee4a0943dca63a57a48d8b08
test/aaaaaeog_0_0.png,976cbb01d2d2f5bca50035523ffd17d4
test/aaaaaeog_0_13.png,15221966b1dfc4adb742416075c7956e
test/aaaaaeog_0_20.png,d27535005a2a586dcf82bba213385bc4
test/aaaaaeog_0_27.png,1bed12fcd5a10f7a495c99d226ff0c48
test/aaaaaeog_0_33.png,c9f6eba7c2195abd376b509aabe07cca
test/aaaaaeog_0_40.png,1cad9bfff5c119cea8207c6d75972e9b
test/aaaaaeog_0_47.png,4dda87598227f84cca13cde22f544843
test/aaaaaeog_0_53.png,47d86a9b6a47677f39653077aff2d6be
test/aaaaaeog_0_60.png,cab57ed30f4fe9ce724e7215c16af4fc
test/aaaaaeog_0_7.png,3512292bc77e805157cf94a3de4b8399
test/aaaaaeqq_0_0.png,bbd21834753219bc4caeb9c9493425fa
test/aaaaaeqq_0_13.png,684efc0e4b4c5567154c5ad85763c056
test/aaaaaeqq_0_20.png,34b3490ae79890e3bf9f0a50fba31c61
test/aaaaaeqq_0_26.png,899984b2136fa673e38994492f93b3ae
test/aaaaaeqq_0_33.png,ad4a2e26b608946f1d1c576fb34e2f58
test/aaaaaeqq_0_39.png,43b3c08ed02dc1a03fa285f9ae2b3e08
test/aaaaaeqq_0_46.png,df637993cca9f11df9f4a524481a364f
test/aaaaaeqq_0_52.png,ffe4e5fe753b87a30c1b3d6b8c38662a
test/aaaaaeqq_0_59.png,107c89053145493606358bce867eaa96
test/aaaaaeqq_0_7.png,b8a9e0570d12870f88306b4d25e61c46
test/aaaaaeqq_1_0.png,6f8ead3615e7dc9242b3481e5af3f46d
test/aaaaaeqq_1_13.png,51dba27a8904b3ad1c243d0327705bc2
test/aaaaaeqq_1_20.png,d47b0a3fef41b21867d38d9b52c08d9f
test/aaaaaeqq_1_26.png,01cf6cc1026138269ec393c13f158064
test/aaaaaeqq_1_33.png,bb0dd79f33cff1ef2be1df9187d54d6f
test/aaaaaeqq_1_39.png,7e77a3b68379911ac11580575b137388
test/aaaaaeqq_1_46.png,3a0b7dc7f94eb5f7ed5a192cc8795728
test/aaaaaeqq_1_52.png,224fdb27a80bdc3025e15ded85b82c55
test/aaaaaeqq_1_59.png,2b22dac8fb8ca65a458b9e8e23deff3f
test/aaaaaeqq_1_7.png,d9b0473737334b0dae7afbf0ee114f5c
test/aaaaaeuq_0_0.png,42039be1bed817d8160d7f5e8ca7abbf
test/aaaaaeuq_0_13.png,aafcde3c8202240c4a9944497eb774fe
test/aaaaaeuq_0_20.png,e09362251e34aa28a00a5f1dbbb60ee8
test/aaaaaeuq_0_26.png,c9522a0184f4bfa5b5bc739c9b50be6e
test/aaaaaeuq_0_33.png,e5d97bfea7badcbd2453fe20beefbb3e
test/aaaaaeuq_0_39.png,cb876b4d313802f58518af9ccae8a44d
test/aaaaaeuq_0_46.png,e9e36813f3fb1ec006b93f942948393d
test/aaaaaeuq_0_52.png,6b01c0b34fa0c3993890c3ed42e6bc66
test/aaaaaeuq_0_59.png,a1ac9923ded7ec24f933330c18bbf371
test/aaaaaeuq_0_7.png,8adcdc231c86fc261d5d505efd97e478
test/aaaaaewf_0_0.png,378b86ddf53378b5d1f904d4c36df4a0
test/aaaaaewf_0_16.png,f7566601046362c85077988e4460a97a
test/aaaaaewf_0_24.png,832d3cc4035b7de542d84c911aefc000
test/aaaaaewf_0_32.png,a9b63031b79c0206a238d510e1bb79fd
test/aaaaaewf_0_39.png,af19c742eee251d02c2d9c261a154785
test/aaaaaewf_0_47.png,76cdb8da414451bf58bcf22cc97188b7
test/aaaaaewf_0_55.png,18b2c5a5b5fefc24823847b8220afa4c
test/aaaaaewf_0_63.png,d659b2a3482f00092834982f7adb94ed
test/aaaaaewf_0_71.png,79fd82fee4cc8a79c9e015ffbc3fb8c4
test/aaaaaewf_0_8.png,6e5bed56be93a079ef1b7e95cb2e6cb5
test/aaaaaezj_0_0.png,7413a7875f68657e941cb32804a0f1cf
test/aaaaaezj_0_15.png,45e642cd05d9affdba4c9610be1bac35
test/aaaaaezj_0_22.png,25cd44bc4eefe4bdd40cd8b7be9e5e92
test/aaaaaezj_0_30.png,eb3459785dc447b3fe8e3a0b8d81dfdb
test/aaaaaezj_0_37.png,3383cbcdf4b4fa00ba42e6d686a7222f
test/aaaaaezj_0_45.png,98aa5e59165a2027598fac486a5b5d54
test/aaaaaezj_0_52.png,e9c3fc3585d90ffa58638f394a3f2259
test/aaaaaezj_0_60.png,b458ec6e424c877008da3d93cefbcf18
test/aaaaaezj_0_67.png,2cebdb4422df3b5573e254fdb17caebe
test/aaaaaezj_0_7.png,ac037664b941c3840d42446da7dcfbfc
test/aaaaaezj_1_0.png,0b3bd205f20f8da7fbd5572118834d0c
test/aaaaaezj_1_13.png,5c061b41f6bfd4869ea0f9633ee486bc
test/aaaaaezj_1_20.png,48f09d533eb49029d1e53059e433bcf7
test/aaaaaezj_1_26.png,14c57b279775ccc94236bd2eb723db7a
test/aaaaaezj_1_33.png,77b9e102d75ac87fba003b575e89327b
test/aaaaaezj_1_39.png,7d748f1a45862498ff9b24c0d82dad00
test/aaaaaezj_1_46.png,fa864095547a11beb4a13acbc9f48b8c
test/aaaaaezj_1_52.png,b12da4d74036c8180e0d9eaeb1a0e4de
test/aaaaaezj_1_59.png,ef9447bb0e46857e4dd7d06af86b5c30
test/aaaaaezj_1_7.png,5509d5ee4aa39aa73287033c8a3cc813
test/aaaaaezl_0_0.png,85e048b16536ac27e6efb8e5b1ecbc8d
test/aaaaaezl_0_15.png,f73b62dcc08e7275f9a4f793478efc5b
test/aaaaaezl_0_23.png,b80da2cecb6706f336cd30f3cea7d4bd
test/aaaaaezl_0_30.png,c705c3c4eaa2fa2a7c8318f912abc59d
test/aaaaaezl_0_38.png,8ae6dc2c600dc4d29381fcd8e048cc28
test/aaaaaezl_0_45.png,18785cd828fcd30044779c9008b9862b
test/aaaaaezl_0_53.png,5948033d0f549bef8cf4d94d6abc8f5c
test/aaaaaezl_0_60.png,1f53ffa5713abf5017a3cc693422a37d
test/aaaaaezl_0_68.png,8f0ac8df85a8530de57d62519d087c1b
test/aaaaaezl_0_8.png,8697c1b5266cc1797eabe36d0ec46ff5
test/aaaaafaf_0_0.png,f7c9851d2207f1b04ad81e0f335c21f9
test/aaaaafaf_0_13.png,8f11e43dbb06db51952b11bec4b1d109
test/aaaaafaf_0_19.png,a9ddc225fd365833fd7a8263edc02ea7
test/aaaaafaf_0_25.png,1099bada8088d0dcb90555b744f3d62c
test/aaaaafaf_0_32.png,4b677184f0f6415a8622d6ea33a5fe05
test/aaaaafaf_0_38.png,74b1b54bd2d819f697d4e0e90499920a
test/aaaaafaf_0_44.png,0d731a9ccb011e28680426faaccab8aa
test/aaaaafaf_0_51.png,66e70670a26801458dc870566ad377d8
test/aaaaafaf_0_57.png,cec955eff6b5078b70e2ae1558a6628f
test/aaaaafaf_0_6.png,fa8cd0486dce40a65fb56b86982b694c
test/aaaaafee_0_0.png,4e15f76d06bff971a454ca9eef9d51bb
test/aaaaafee_0_14.png,5a3838f0fb6f1f80b1251ee2dbcbaa2d
test/aaaaafee_0_21.png,24cf790dcfbcb0947a48c0860f77ceaf
test/aaaaafee_0_28.png,a1d8f7a2f3d3bab81342c7dd4a0c30d7
test/aaaaafee_0_34.png,be7926e0cf9f4e33d246f8a655c82e0a
test/aaaaafee_0_41.png,b887daa7f7fe1be73d93b45d7d77cfcc
test/aaaaafee_0_48.png,8e7c4f7fbef42172d63de0f937d6fec1
test/aaaaafee_0_55.png,0126ac30e9c813964873383855820700
test/aaaaafee_0_62.png,577852389ad755916612e4c2b7207bd9
test/aaaaafee_0_7.png,280ad08def91c5871120bea749feca25
test/aaaaaflb_0_0.png,f7862f758d5bedcc930ac42838e84832
test/aaaaaflb_0_13.png,4454fe1d814c98edfffd64e72510012a
test/aaaaaflb_0_19.png,0fb765beca63b6d4b88b7c67327455fd
test/aaaaaflb_0_26.png,98f480ed6d730dcc76ea0997ba5147e7
test/aaaaaflb_0_32.png,bd0a03440622b25c5d75f4b501bc7c8c
test/aaaaaflb_0_39.png,3c6e1d77df8f50b94893ec0cbda5363e
test/aaaaaflb_0_45.png,ef8d6f0d2ea7a42250e53139daf8f9f3
test/aaaaaflb_0_52.png,0ddbacf4d67136ab2c1bcb5f3b287466
test/aaaaaflb_0_58.png,373e0f7dc4cdbcce3d900cd3a2eebb65
test/aaaaaflb_0_6.png,f3918057c0b0e23bcd787a2973f9a562
test/aaaaaflb_1_0.png,bac84862c272ff4ae92b6a392db3dcb1
test/aaaaaflb_1_16.png,6944c31fc76a8c0f8eb34f0eed3ce006
test/aaaaaflb_1_25.png,adf721772871e0f84263392ac5ba6c93
test/aaaaaflb_1_33.png,9946242742e05584a5ec179c3488a36a
test/aaaaaflb_1_41.png,91d6ba16e0845a3cc9fe1254d2b396d2
test/aaaaaflb_1_49.png,49f44e8de7a15069230968387f35fca2
test/aaaaaflb_1_58.png,df283a903c4a4dff28c1ec81df6a4aed
test/aaaaaflb_1_66.png,fdfc48f81d39f324810e39c5f114c883
test/aaaaaflb_1_74.png,6e134d6cdd030a7888b499a0f26d2452
test/aaaaaflb_1_8.png,0d2e48601348378adeab83de88737fd4
test/aaaaaftk_0_0.png,bd806fa4655d29d0ba89a51b826573e5
test/aaaaaftk_0_13.png,66152f8e041de73915f76df3c22ee2a2
test/aaaaaftk_0_20.png,ec55d7e894cafe2fbccbaa8775f4ffa3
test/aaaaaftk_0_26.png,51c4d864ff7916c72f66aaf36ae23b01
test/aaaaaftk_0_33.png,35717a6280ed75e341dae59720fa4884
test/aaaaaftk_0_39.png,5bb5e06bab7851975c4192c72104975c
test/aaaaaftk_0_46.png,d5d9ab0e89e9b4bf796444aba18d7417
test/aaaaaftk_0_52.png,b3b6071294a27b6e1fc25fbda86e1ecf
test/aaaaaftk_0_59.png,f03552e725ab5081a4f109880bddaebd
test/aaaaaftk_0_7.png,d21853c5cb78b8e823073f0577d252b4
test/aaaaaftk_1_0.png,729e9513bfb3c7e8cc246d361ae689d7
test/aaaaaftk_1_12.png,a3e5c442fbfcc1cc15258be022a14d81
test/aaaaaftk_1_19.png,bfe1f2ad9c1b60f19fcdb7e50c96b375
test/aaaaaftk_1_25.png,783ac97830b1ff707c62fc9f2832a7fc
test/aaaaaftk_1_31.png,b2c984b155fe4641ea12d6d3db13668b
test/aaaaaftk_1_37.png,99600aa75caad3338a05a935aab77306
test/aaaaaftk_1_44.png,ccbc346a0439dc81d5f3a3de057005dd
test/aaaaaftk_1_50.png,c2c6d227f0ec6d9b30159e1819c8844f
test/aaaaaftk_1_56.png,4828c4e9ee87a9adeaad87c701ce7a83
test/aaaaaftk_1_6.png,970654d78a0e5a9dac406fb467ce4336
test/aaaaafwl_0_0.png,ef811fefe5a9b708ef9f93f110f6e7bc
test/aaaaafwl_0_14.png,9849936d19bcf2364a41cbc9ea0e4e09
test/aaaaafwl_0_21.png,bcb4aa7aef1b81d9953b9cf903f30499
test/aaaaafwl_0_28.png,b6d4aabf34b86c03fc51d16035f8302a
test/aaaaafwl_0_35.png,2d2bbf6e9c9fd9f52703a814a6e866b9
test/aaaaafwl_0_42.png,35c50fb6aba07c58d4b9cda99787bdad
test/aaaaafwl_0_49.png,3c559e585f01bcda6d36defa7a7d8060
test/aaaaafwl_0_56.png,1e5888b5daec667afcc440d86cbc92e7
test/aaaaafwl_0_63.png,da76a2133e3376537cac6377378eff6a
test/aaaaafwl_0_7.png,57ee31e925cfe09d60cd62b9fcb42126
test/aaaaafxx_0_0.png,941ffa6e4171f6039ac9454e69328ab3
test/aaaaafxx_0_107.png,ac1df0d842ac4bbb3900526507dcdd0e
test/aaaaafxx_0_125.png,f4d794f53add19255475cc7c2fa694d7
test/aaaaafxx_0_143.png,9333234681f9c82ca8aa7d131e62f93e
test/aaaaafxx_0_161.png,13e9dbd7460912a7aa6cdecadcf735e8
test/aaaaafxx_0_18.png,f859aba9033c15209212b18e3025593f
test/aaaaafxx_0_36.png,12ebd7b5110d257b8b76096cf5909c9a
test/aaaaafxx_0_54.png,92c722a3dec9eec91db7a6c2683c97da
test/aaaaafxx_0_72.png,2d96cba6a6f3b6236f8fbf53456f1157
test/aaaaafxx_0_89.png,89b87a77094c68fe4435bb31cb957908
test/aaaaafxx_1_0.png,ca2064962f2f5c45d1d456be66b53779
test/aaaaafxx_1_14.png,c317c6240d0446aa27094bb3589e4992
test/aaaaafxx_1_20.png,24c514dbae6cf7b0e376b929f1d10f92
test/aaaaafxx_1_27.png,5d52510ffad1599f7cab65c0a4960833
test/aaaaafxx_1_34.png,8e82f1f7fc2794c02a2120fba6ea9716
test/aaaaafxx_1_41.png,7e323aaba87830b67839c97d786e16f8
test/aaaaafxx_1_47.png,812cffdd8df25488fb2dd450ee98ef3f
test/aaaaafxx_1_54.png,c832a2a41b8a4929efa803bcb7241933
test/aaaaafxx_1_61.png,5e5710165234be4d0a0f019e2717cf0a
test/aaaaafxx_1_7.png,4de1a36ae530a1c962630277d84fb688
test/aaaaafyi_0_0.png,d81da0be826d3de133b7c1d42b978a6e
test/aaaaafyi_0_17.png,0b04e27313059c9fbaebd27f11cad820
test/aaaaafyi_0_25.png,399c14e24628b2e7de17582ee839fdee
test/aaaaafyi_0_34.png,9a9570d73a8d282a53ff0738753d8773
test/aaaaafyi_0_42.png,0c12814f50e0355da069f5c956823db6
test/aaaaafyi_0_51.png,eaa0c6c792ac9fb33badefd123ea6a59
test/aaaaafyi_0_59.png,341341c9fe24afa00d29d752e3c90513
test/aaaaafyi_0_68.png,edc5fba00bb0d73d2f4df9e94fba35fc
test/aaaaafyi_0_76.png,25c28e23dd766e4b6eb51cfbe811f607
test/aaaaafyi_0_8.png,6a0d722e56d79d546880ce59ebd2a7f1
test/aaaaafyj_0_0.png,348dc618d26ef5fddd35e0f4b10a3758
test/aaaaafyj_0_16.png,0427e2345afe02060bf99552ef488fc5
test/aaaaafyj_0_25.png,0379f39e250e7618ac17002c16ce2971
test/aaaaafyj_0_33.png,52109266738fdab5988ffc8dc7d21c18
test/aaaaafyj_0_41.png,90b1752394f22c5b8b9db957093b88d6
test/aaaaafyj_0_49.png,276eb6899ac50464da655d88dccdecdb
test/aaaaafyj_0_58.png,b0e48fdfc54040a1a46b985b9edd54d6
test/aaaaafyj_0_66.png,649210598b34174e4353fbc2cfb0a612
test/aaaaafyj_0_74.png,01433493b69c892616ae4862e08a9134
test/aaaaafyj_0_8.png,74f0ca0fbc86654ecf1a0467a575716a
test/aaaaagdc_0_0.png,d86d6582a5ebcdf5df7f32afbfe44ee1
test/aaaaagdc_0_14.png,953ba3ff71679cd35d19e4507b561cd6
test/aaaaagdc_0_22.png,ec761cd31e6d817a7429ca9249f96588
test/aaaaagdc_0_29.png,766e949585eec7ec08f140819c19b8f1
test/aaaaagdc_0_36.png,da8120baa6b12ee93f936653c1df8976
test/aaaaagdc_0_43.png,432e2e9b6f45663170f2879c55e5432e
test/aaaaagdc_0_51.png,d458cf87ebb0cbe126c2a25cd428c5fe
test/aaaaagdc_0_58.png,07c8d339089af0fe6145fa69037cf3e6
test/aaaaagdc_0_65.png,3e599e3ef2973b3480901df1a1f2a8a8
test/aaaaagdc_0_7.png,418358d0e03efc9c3c1c3634f0804a18
test/aaaaagqf_0_0.png,7ac9d0587c4b534a4cc4e064c07062d1
test/aaaaagqf_0_13.png,274274a6997c0e26ab8cc3e95a32bc9d
test/aaaaagqf_0_20.png,0d30eab3457b501e8ea797ec1f40b7e3
test/aaaaagqf_0_27.png,44b2008b6b33879fad4621347ef05eb8
test/aaaaagqf_0_33.png,058adc48684e0697a267eeb6a80d99eb
test/aaaaagqf_0_40.png,0ce727d0bae1970505b68ab5a577e6f5
test/aaaaagqf_0_47.png,dffce73b1d9868ddbb2a68cafea479c9
test/aaaaagqf_0_53.png,cdf6708ef015e82197365de9e4ab2bae
test/aaaaagqf_0_60.png,083bece4a7cef16e7701fb7fa49a3a0c
test/aaaaagqf_0_7.png,8559b3a64d3992c82c00acddc8269d85
test/aaaaagvm_0_0.png,799b85d51645124cd32e8d62401ad064
test/aaaaagvm_0_13.png,96723180b8f5ee13a4fbc9a170dc80ab
test/aaaaagvm_0_20.png,d3823a292b4a5b0bc9dc7fdce5e621aa
test/aaaaagvm_0_26.png,bb7d759d4e63d7c2ea10ea670e46bec1
test/aaaaagvm_0_33.png,58111f6a784481c4eaffcaaa259363e8
test/aaaaagvm_0_39.png,db73de269f2c5f7b2baa5829ba21b88c
test/aaaaagvm_0_46.png,45385f0f8b783c6114475718312a6184
test/aaaaagvm_0_52.png,2b0166c641ca6f1cb7fb13516eb4158b
test/aaaaagvm_0_59.png,3a7177cef113bfc489947db94d4d212b
test/aaaaagvm_0_7.png,db38150d6553908aafccf465edaa4af3
test/aaaaahce_0_0.png,c5974308dcf9fa555e35672d3ea1be1f
test/aaaaahce_0_14.png,ba260343911fd79973115d9a6a010e8b
test/aaaaahce_0_20.png,224eea631a2b4aad26b303b2ff6c75a3
test/aaaaahce_0_27.png,b1597e1d6c2fb0b2e35c101536f34f5c
test/aaaaahce_0_34.png,5e98580e55df8136409f69e8c0c108a3
test/aaaaahce_0_41.png,4af347d1915f4e4dd1ed436258c28781
test/aaaaahce_0_47.png,e8f1395ea54cdf8aeca743a574cbca8c
test/aaaaahce_0_54.png,a52a096742d05ae0f7a78e84add526e1
test/aaaaahce_0_61.png,31cf93cc55efda15899acfd4778f310a
test/aaaaahce_0_7.png,2039ad9e7ed4fbd25a48435e4b82e686
test/aaaaahcw_0_0.png,4172e21b5f74aaaeab82f7aede69c1c6
test/aaaaahcw_0_13.png,255e584361cdfe0b4b370fc05cf22342
test/aaaaahcw_0_20.png,ee29dc675f26c5a1da0bf065b6126a49
test/aaaaahcw_0_26.png,491999a7e9da1233ad38342d21bd18b6
test/aaaaahcw_0_33.png,368e5b6db3cf0d87d288eeff2737951e
test/aaaaahcw_0_39.png,5bd5bc2d240646398374046c1b6a3314
test/aaaaahcw_0_46.png,0a1dc6f656165a9453a06cb6d060cb56
test/aaaaahcw_0_52.png,c8ae3c59b8f2ad55212d4dc100849597
test/aaaaahcw_0_59.png,89308fa7534411616cd885fa2391ee4d
test/aaaaahcw_0_7.png,56f14f94faae923008ccd45ad84d34bd
test/aaaaahlk_0_0.png,538c2d1c53a153c29e6adc4af716621b
test/aaaaahlk_0_16.png,275d22013ca721fe7e1ca9573b5b34bd
test/aaaaahlk_0_25.png,b31d14e576519ae459b39eccafe77cd8
test/aaaaahlk_0_33.png,2e25678e7d0c99fd203af0ed5c2e1dfb
test/aaaaahlk_0_41.png,d9ca14c27ae56db582229da1248eb6b8
test/aaaaahlk_0_49.png,523324cfb16b4a6139fbe887915bb718
test/aaaaahlk_0_58.png,5181520852d622a8a460679ef68d121f
test/aaaaahlk_0_66.png,2093be08909da40c1a4ba46924d730c8
test/aaaaahlk_0_74.png,cccfb60dd620e201ea0f0864510b95d5
test/aaaaahlk_0_8.png,50db76306a678fb19c93e5a20776f7b7
test/aaaaahms_0_0.png,e726628dab33a4869db67fb8c89ca87b
test/aaaaahms_0_13.png,22acccdf5bdd9c5f6fff1d6bffcdf8b5
test/aaaaahms_0_19.png,8e829d5ee6e576e8bcf85a304ac96b9e
test/aaaaahms_0_26.png,92fbcd0372e3acf58959bd8114cd3f08
test/aaaaahms_0_32.png,588c470a657280a003b16f4e10ee2235
test/aaaaahms_0_39.png,de8173ca00eb332936da053bcc34230d
test/aaaaahms_0_45.png,a9b4a04391244ad58416aa6280ef444b
test/aaaaahms_0_52.png,63ac4822f5ea56770e76fdc1f083977f
test/aaaaahms_0_58.png,6fb6779608488f17f6356c0eb24c252d
test/aaaaahms_0_6.png,4965cd305fc543941e8a89826d9f5c82
test/aaaaahnl_0_0.png,e9ffa2008ece7083ea943e0f68e501fd
test/aaaaahnl_0_14.png,bbad4cb0a4f36b83161a553abf9a324b
test/aaaaahnl_0_22.png,63cda5ef174d3ed22b37eed3bae43dda
test/aaaaahnl_0_29.png,2205103ef37f7daf32051e4fb3fc55b5
test/aaaaahnl_0_36.png,de5c34a133217d15efdf9c760ba6ee48
test/aaaaahnl_0_43.png,ebeb0eefee81153b6ff86968102a8c3d
test/aaaaahnl_0_51.png,40e94ac8cec491c38a2e0e08c66cd90d
test/aaaaahnl_0_58.png,73fff51bd3706a6bec5e73ad2b315f03
test/aaaaahnl_0_65.png,cdd02aa10384b54504fd2abd788a7031
test/aaaaahnl_0_7.png,6a5eca6311d919001c15218b3816926c
test/aaaaahuc_0_0.png,5bc9c469944685b147b643296861e9e3
test/aaaaahuc_0_13.png,d4c404d611a42631eff0f380c724e6b9
test/aaaaahuc_0_19.png,adbd0893d7704dec13fc5679bc56be0f
test/aaaaahuc_0_26.png,2c0ce21767ca83706436d05597980eb9
test/aaaaahuc_0_32.png,f87dc48723d456bc6b29710224541198
test/aaaaahuc_0_39.png,6e2cd10cfe937370185b372c476be652
test/aaaaahuc_0_45.png,1f52feffb91549907dd468b078562395
test/aaaaahuc_0_52.png,0cddabd2a085ff33b5c29a2ab4047556
test/aaaaahuc_0_58.png,4f72f211df12a4c678f09214570c00cc
test/aaaaahuc_0_6.png,ec77a467e575c221be5b8630ed7b1f10
test/aaaaahuc_1_0.png,a402ac51ff7f4676c054424b6787d251
test/aaaaahuc_1_17.png,5edfdfd405ef60e50bb068a93bfaec94
test/aaaaahuc_1_25.png,bdc73ac2ce20a5372d49c5ab90c09a22
test/aaaaahuc_1_34.png,a90d166cb2e62a0f93da842e05ba133e
test/aaaaahuc_1_42.png,4228b50ab70097cb08fa0574f2d6f9b5
test/aaaaahuc_1_51.png,582b5db1fc2503797cc5a650e015c3ae
test/aaaaahuc_1_59.png,f647fd1b0cb695772a20c2c970b1836b
test/aaaaahuc_1_68.png,1f213c5980adba12386c2a2e589a0b02
test/aaaaahuc_1_76.png,f3df4db2128c9214024bdaf7708297e9
test/aaaaahuc_1_8.png,bbf00667abcb9b901256678ea1dd5ef7
test/aaaaahuc_2_0.png,89eeba7d52020aacf45576983f19ef76
test/aaaaahuc_2_17.png,2706b18df5a5582e4c0c5244300362d0
test/aaaaahuc_2_26.png,c1c11fb87bea78a1e63516d3d070e63f
test/aaaaahuc_2_34.png,1a3784fd9bf542eba7fbe05b62c5ca82
test/aaaaahuc_2_43.png,e67216161f583434b9dce28cf50bf3f2
test/aaaaahuc_2_51.png,65057adce2dc3ab3b6ee663f3a78a586
test/aaaaahuc_2_60.png,51c30ef10bb3758309d933c5467f9033
test/aaaaahuc_2_68.png,a2d8b09d826f11b9b5fee44de9a5dbe0
test/aaaaahuc_2_77.png,6a279d63aa0d680067638b76d7057ecc
test/aaaaahuc_2_9.png,b0c3fb9f55fb7e05c3da9606a48b6f31
test/aaaaahul_0_0.png,c68914f6e72645ec958e6954003c577f
test/aaaaahul_0_13.png,aeb26539dd2d483c4b5549fc690a07d5
test/aaaaahul_0_20.png,adc62031acd9c19910879eba95d4a1ef
test/aaaaahul_0_26.png,c604ab775751f668e830e61607781017
test/aaaaahul_0_33.png,1f8abf230185ef295f3fc87c9b5bb415
test/aaaaahul_0_39.png,baf63c6b6ee2c3b1d100f04fe10e0e02
test/aaaaahul_0_46.png,7a5aecfb8b3514f796d026282f317b73
test/aaaaahul_0_52.png,f0cbce5b4360a464929f5da978711205
test/aaaaahul_0_59.png,52ee112cf0605012da6da3190ff80ec0
test/aaaaahul_0_7.png,eb724a246787614f11f4d9f1ae11cdda
test/aaaaahum_0_0.png,6edd972e5596f75bf0608136ac4b2d2e
test/aaaaahum_0_15.png,11122a278b49ebfb49b0edd94d8b2711
test/aaaaahum_0_23.png,5018f157dcf8a8183cf7a78fa1238c3d
test/aaaaahum_0_30.png,005f9bff1790eeee97e1a40454213b9b
test/aaaaahum_0_38.png,7f7cd29e686b38b4b9c19edcbe688f71
test/aaaaahum_0_45.png,f062b788ab12554d7ddb2225e03660fa
test/aaaaahum_0_53.png,6d0f0600605924891b7955e018c4c8e6
test/aaaaahum_0_60.png,2ac9f500f7d950787c508c54be5a09f9
test/aaaaahum_0_68.png,2ae69d5f2cb2d8240a89650d09854d29
test/aaaaahum_0_8.png,d0b2d7e611ffadbb5da61a98df6bc7af
test/aaaaahvc_0_0.png,d65ce7e1e94e13deb165248c23c0abe0
test/aaaaahvc_0_17.png,eeaadb2f3efabfd0684531f1d3274e0d
test/aaaaahvc_0_26.png,981e26231af561b5b7d3d97bb987f4ad
test/aaaaahvc_0_35.png,98d041c5720e8ab2911799a1a57d417e
test/aaaaahvc_0_43.png,0db214118e700dad8021111bb4c24659
test/aaaaahvc_0_52.png,5b0082adf1015bae90623da21c1f876c
test/aaaaahvc_0_61.png,6f33e48ad35269fc552721b28d22dc07
test/aaaaahvc_0_69.png,72f455de5ef4ffb561bcee3c1743432d
test/aaaaahvc_0_78.png,d96cb15e4dbc21581a662091287cb7e4
test/aaaaahvc_0_9.png,f7ae9b41d613a959348cb50b475d79de
test/aaaaahvi_0_0.png,80acc66e684fcffdf557609c992e376b
test/aaaaahvi_0_16.png,8989341ebaf0b1d691d640a6a2c9e774
test/aaaaahvi_0_24.png,787242bb4b236564ac73ed33fce589f5
test/aaaaahvi_0_32.png,ef59977eb2417724d05fd98e31cb543a
test/aaaaahvi_0_39.png,93b175bbe0613d3cb6074a6aa4c96ca5
test/aaaaahvi_0_47.png,b1eb9c2ac7fa06d56a1c09c4df377d85
test/aaaaahvi_0_55.png,914880a34d10ba51cbc816cb622ef4ad
test/aaaaahvi_0_63.png,e5a67bb1917ea43adb1427049f2a9815
test/aaaaahvi_0_71.png,c0aba21cd5479322325cc328dd0b5d85
test/aaaaahvi_0_8.png,3d5c14ba2e4f9a1ddfb7203b3ebffc58
test/aaaaahwd_0_0.png,f06bfc3e236e3cdb5fe6012f3d85d6ac
test/aaaaahwd_0_13.png,e8747f05d21d23f729f043e450330797
test/aaaaahwd_0_19.png,262529d137b44d05cc470d8499cecb1f
test/aaaaahwd_0_26.png,28e4a458f5c64ac7c023853b39798a74
test/aaaaahwd_0_32.png,ea4b94dc0004ec08a61657ee29886fe3
test/aaaaahwd_0_39.png,9f6f057bd085013c79c98503fb1dacae
test/aaaaahwd_0_45.png,7b95e1e2ea45699fea4da1561908e909
test/aaaaahwd_0_52.png,8fd23627381a6f5dbf93db2c0226d3b0
test/aaaaahwd_0_58.png,3afe15be9b469abf2d7b8b0720e4dfad
test/aaaaahwd_0_6.png,028f45880d3889292010fdc6390185b4
test/aaaaahwd_1_0.png,8e352d7bbcfdc7f36909d19594ee2007
test/aaaaahwd_1_15.png,d28b52cea57f7febf5d785d88fe8b378
test/aaaaahwd_1_22.png,bf536855eda1e9de5fbf6b0e8592c72a
test/aaaaahwd_1_29.png,8c38b51ffcab9ee84089a5222eb5b26e
test/aaaaahwd_1_37.png,2daad8a46d081da4646fbb30934e4789
test/aaaaahwd_1_44.png,0719812790cf5bf69f9b467b4a6f0c81
test/aaaaahwd_1_51.png,33a4434f0fff58296472b63766c5d71e
test/aaaaahwd_1_59.png,27c2209be23367f6f40be1df45ca8077
test/aaaaahwd_1_66.png,36838054aaf6bdcd5bff542532f98c8e
test/aaaaahwd_1_7.png,1766fb693594a384faa41cea4ae28b1a
test/aaaaahxr_0_0.png,c92fc71bc0e25c6d1512a0d1261670dd
test/aaaaahxr_0_16.png,a0ec37326b9755b61a44a7ec6407a0c3
test/aaaaahxr_0_23.png,a7a80f29c73acb954d91b25bd846f9a0
test/aaaaahxr_0_31.png,7c2f50279783a11ba2bd5f32e5fb0ba3
test/aaaaahxr_0_39.png,f51ac39d724358e076c345d5299e6d36
test/aaaaahxr_0_47.png,70d28679fe2a68b071b4874ec7607f84
test/aaaaahxr_0_54.png,137b8db1082364b4fd325f1193177c71
test/aaaaahxr_0_62.png,8314598a12567af99f5e5d1f870bdfc8
test/aaaaahxr_0_70.png,3e84e5c7f10cfa86b6b2e4709e09842b
test/aaaaahxr_0_8.png,e69e3264627a7672fbfcf9af96193f44
test/aaaaaict_0_0.png,700c5ef2fdd93d4b626a0f04325e8957
test/aaaaaict_0_13.png,0cbee0546524a8616b94497d70713696
test/aaaaaict_0_20.png,754938139a0eaeb3dfa42dc38ca11aca
test/aaaaaict_0_27.png,8f71acaa4601eb10dbe33ebe752dff1c
test/aaaaaict_0_33.png,91365dbf68df0c4eb276f4b19c1e27e5
test/aaaaaict_0_40.png,30194e5ca3548cef8b4928078d2a4460
test/aaaaaict_0_47.png,7080e5e4cf6248abd581fc02c330d08b
test/aaaaaict_0_53.png,03b54a110e5f795bd509da0abea86a29
test/aaaaaict_0_60.png,2867dcb8719cd71cb5d21d7e51669b21
test/aaaaaict_0_7.png,0b00c25404adbd62a52cce64b5b36df9
test/aaaaaict_1_0.png,f1156845df981e9113b6524f6d15ba2a
test/aaaaaict_1_107.png,c87244ddf3d2ff79c68ab7c301b5f1ab
test/aaaaaict_1_125.png,e7cc2b7a7f967b7805f14004093b1d12
test/aaaaaict_1_143.png,52f1cd19a1b475ba7614c037586e857a
test/aaaaaict_1_161.png,ceb4561853c8ba84cd782de32551242c
test/aaaaaict_1_18.png,a81c3731c0e272db3e1870c7af18d520
test/aaaaaict_1_36.png,96d80c06976661ecfe9940231c4b7bc8
test/aaaaaict_1_54.png,e6d32d60a0c686e5b931e847488074cb
test/aaaaaict_1_72.png,82fbd047964ffa20f17f90b24ae6583c
test/aaaaaict_1_89.png,42d38f4b4e97548a6a4b44206465517a
test/aaaaaict_2_0.png,19a99e5bf8f436cef6e71bdcd1c798ac
test/aaaaaict_2_13.png,97475d5d496e95b65d31a4f0c86fd49d
test/aaaaaict_2_20.png,f9a0d6638789d629246066f3fedd0384
test/aaaaaict_2_26.png,047e5852f3cd7fa5a5d5b9e3a9de82af
test/aaaaaict_2_33.png,b6ed807979d59568c7b828ba9165cb7e
test/aaaaaict_2_39.png,f67c073f75e39cdc4bed3a3826040dab
test/aaaaaict_2_46.png,b3e1ae13f345169578474f71d0ab6114
test/aaaaaict_2_52.png,1e2772d84b8785978d2934ef445c84ea
test/aaaaaict_2_59.png,0349f1f1e6b0435590e4fc8451558443
test/aaaaaict_2_7.png,e63585432feafda8df5fd1543307c975
test/aaaaaifp_0_0.png,a0cd65fee3075099931f18e045cedf90
test/aaaaaifp_0_13.png,ecccf2a75ef8343f04d03d7c7dcb3a64
test/aaaaaifp_0_20.png,ce83c060903fb9ab9790775d3e67c64c
test/aaaaaifp_0_27.png,7ab32b75ea4d6791f4fb57d619b86cd4
test/aaaaaifp_0_33.png,54bffce1957ccad5367a57ed9575f19a
test/aaaaaifp_0_40.png,5e8ab9e63109057e22975bb1b39c4904
test/aaaaaifp_0_47.png,77b4173baab7441395c4fb780ad9e0c3
test/aaaaaifp_0_53.png,15f3f7643391b2f5959e8afdc657bc22
test/aaaaaifp_0_60.png,4f73a13e1973f50c794e0d1deeb8d3de
test/aaaaaifp_0_7.png,86ac2eb511f783e8dffd3d81ac631803
test/aaaaaifp_1_0.png,8b19ca7ed0ff00030f69b4f0d86fc984
test/aaaaaifp_1_17.png,4151083a4274bd16253c051df4c97cec
test/aaaaaifp_1_25.png,ab5928191051effbd229baeec0047d31
test/aaaaaifp_1_33.png,4f5928514d246c7237e67559d6f7851b
test/aaaaaifp_1_42.png,015e3cc76353ce3b1fd193639574530c
test/aaaaaifp_1_50.png,da7d7e768141e6c8673960537d3a7b3d
test/aaaaaifp_1_58.png,3d6362cd859f0b0072e7d107cdb9ec81
test/aaaaaifp_1_67.png,813bfa770ef07979c93e9ea5882e8fe4
test/aaaaaifp_1_75.png,a86e47283dcfd1c5dc97356e49864461
test/aaaaaifp_1_8.png,34e3075b63946e5b11be0498c1533cb2
test/aaaaaigj_0_0.png,a1066948fd3c3934d56c53ba18a3a08b
test/aaaaaigj_0_14.png,63787337599e90c688ce7f056bed2bd3
test/aaaaaigj_0_21.png,7c144a6f8da2e3caaae4f20aee3e2c8a
test/aaaaaigj_0_28.png,1e1450ff70e75a7c667ba0d327e35321
test/aaaaaigj_0_34.png,aa944de67f7ceaa31765cbea4537a4ce
test/aaaaaigj_0_41.png,2ddf8f07ecf96c6e1b0b2e560593e140
test/aaaaaigj_0_48.png,512e4d6cb64fc562c0f3e62c48a6781a
test/aaaaaigj_0_55.png,b3fb78bccd0147a76abcf45fb44d542f
test/aaaaaigj_0_62.png,54dce0068529ae28b98688192fd337ba
test/aaaaaigj_0_7.png,ce9816e02dbceae1b6873d5534b82566
test/aaaaaiia_0_0.png,4412facb06970f45f78351a41e872eea
test/aaaaaiia_0_13.png,9947651c2ad174746b7adb5c9b8186ef
test/aaaaaiia_0_20.png,17bcc9c1283be1e38f3d8263d6ef3949
test/aaaaaiia_0_27.png,58ec48baa716a6823b412f01c8e349f8
test/aaaaaiia_0_33.png,3951b9ea9444736ce77b5c5bcb4efb9f
test/aaaaaiia_0_40.png,12cb8ef1e4589e46d570874bbc31d9ba
test/aaaaaiia_0_47.png,6bde7e4046dec99e4de2ebcc3071fdc3
test/aaaaaiia_0_53.png,6a325fedf654535997a6b553667c6e1a
test/aaaaaiia_0_60.png,6cb9893d757002142ae946f6bdc63abd
test/aaaaaiia_0_7.png,8d24798b40e61b84475e23c55bf1e382
test/aaaaaijg_0_0.png,072877f16bd2a15e12e88e0a50522e99
test/aaaaaijg_0_15.png,b2d9b47375ff4bda297bb047d869817c
test/aaaaaijg_0_23.png,9e31eb1ecb9d3906d6b5cc34845236d0
test/aaaaaijg_0_31.png,1873d69072dc97706142a211376a078a
test/aaaaaijg_0_38.png,536eef7698cea43c5387a815ddfb6c6c
test/aaaaaijg_0_46.png,37d43e327d96ffd58bc4c85cd54e2e9d
test/aaaaaijg_0_54.png,9f2dbcc18300ab64c8815cefb2d0721d
test/aaaaaijg_0_61.png,bb13d7bb67b3752d34379209fe75bf89
test/aaaaaijg_0_69.png,2d807858736c2d207fd784ae9e9322b0
test/aaaaaijg_0_8.png,57729d6ba61daae84857fb8233106d49
test/aaaaaikw_0_0.png,f17741064abfd833d42c1a2c5cc58097
test/aaaaaikw_0_13.png,5749ae7641d3c1b1b6dc598b03f6cb27
test/aaaaaikw_0_19.png,820054c41c90fcd31b3832f483cb5754
test/aaaaaikw_0_26.png,9d78fb567369ce209c26e03f5f39ee8b
test/aaaaaikw_0_32.png,3c64e42f1fdac35f0e66dd9eb9a408ab
test/aaaaaikw_0_39.png,5a404b815c7f90c5bb6784dea85d3c16
test/aaaaaikw_0_45.png,843164e51e94b400e719cc87ab452395
test/aaaaaikw_0_52.png,85e2b3a5d8ae317a685108017851272c
test/aaaaaikw_0_58.png,0d49499ab1c3e1a6d17c294ac461db4e
test/aaaaaikw_0_6.png,fe60e7267d2523dc4bbf7123d99bad6d
test/aaaaaimb_0_0.png,7bd6c1ad31cb4e41bc6db03892842cfc
test/aaaaaimb_0_13.png,0559ff9e9e6059fa4e50993d83e16404
test/aaaaaimb_0_19.png,ea408670cc4e96d1bf69ed3730989004
test/aaaaaimb_0_26.png,b680545abc3ca1d682c725802e626d29
test/aaaaaimb_0_32.png,6ed22eb7611074425a7e58288777db50
test/aaaaaimb_0_39.png,37c54c189f960a42152fa9c9687325be
test/aaaaaimb_0_45.png,d17250f2e67ed1dc9128fa26419c2881
test/aaaaaimb_0_52.png,78a80510ec5135170bc6603830dfbe49
test/aaaaaimb_0_58.png,a61aefab348ccc5e66f50f4ed7d9cc04
test/aaaaaimb_0_6.png,155d376f760ec1dfead2ce18cb86b4cb
test/aaaaaimu_0_0.png,5a705720850e20891b5a67a1aa7ab903
test/aaaaaimu_0_14.png,91558c71e9259941b4f5f960c9d12fce
test/aaaaaimu_0_22.png,cfe9b6d3ae3955ab9a93a1d4df00432d
test/aaaaaimu_0_29.png,69bfcfc18da1832ecf59258784370bb1
test/aaaaaimu_0_36.png,1e9f9a9a8afb9dbe7914b26e1f2000cf
test/aaaaaimu_0_43.png,a360c8af815c23701fd958e390f3817e
test/aaaaaimu_0_51.png,bb3cb073ab2b6e9f121b042e583dfd86
test/aaaaaimu_0_58.png,cfc107f33ad448685135f0ca3000df85
test/aaaaaimu_0_65.png,9696f81f713897ca99b902609ba73fef
test/aaaaaimu_0_7.png,2bcf432c5aad7c22ca92deafeae4f9c3
test/aaaaaiou_0_0.png,a972374c28afbdee455a335aa5f79c79
test/aaaaaiou_0_14.png,6cff0863501987354be0b1bc26d61f70
test/aaaaaiou_0_22.png,c6f2998642ef7bfee9b7d3c5b981b978
test/aaaaaiou_0_29.png,b63c71b578b7cccb7222895683258ff6
test/aaaaaiou_0_36.png,350039d8584faf19d3762f4d1babc757
test/aaaaaiou_0_43.png,a1cf4a4db91185082bb514dfc58c38e8
test/aaaaaiou_0_51.png,fb9046e5548550a83f74f004015bbad0
test/aaaaaiou_0_58.png,2bb63950ed01a3ff7df5ff6cd3fb1dcf
test/aaaaaiou_0_65.png,96e082996c24c40401ddfc61d09557b0
test/aaaaaiou_0_7.png,ce842e767a0488ffad9a4a7b77e2ce24
test/aaaaairs_0_0.png,783b69e2bb3071f0570cecedc6e9faa0
test/aaaaairs_0_15.png,2a09fabc3b25d682abd882f5a35061a5
test/aaaaairs_0_23.png,0cc046717584261c308772efa84b7d38
test/aaaaairs_0_31.png,fa752a99947158b00ea159ad4c049efd
test/aaaaairs_0_38.png,985994f4f97ae5a701ee82ece467dca1
test/aaaaairs_0_46.png,c5300fb96fb2eb44f49be9fb614beafe
test/aaaaairs_0_54.png,4f03403a13bdc9de3e8195f125525e40
test/aaaaairs_0_61.png,acc00d6bb6fe0734b6a2fb32cd4ecb11
test/aaaaairs_0_69.png,e059518773617c6f05d8912ec3dfcb13
test/aaaaairs_0_8.png,61b041e897f99272a00b1f6305cc51ef
test/aaaaaisc_0_0.png,98db6ab1cdd280bb7f7902485ac24c30
test/aaaaaisc_0_13.png,b9dc2258a5ebfd749864631a4c49286a
test/aaaaaisc_0_20.png,3bb6d17d85a21b54bd1cd0cf62a53262
test/aaaaaisc_0_26.png,0239934c6647435174ef57f883618342
test/aaaaaisc_0_33.png,da69016bd2171b035c77e49ccf3d5c8b
test/aaaaaisc_0_39.png,5dffd53ac725a8e4b65d0ddc495657a1
test/aaaaaisc_0_46.png,dd6cc2a641d0b0ab147c6e9a92d60626
test/aaaaaisc_0_52.png,9cd21a8214bc1f94d176fcaa24b95948
test/aaaaaisc_0_59.png,32992f8597ce234b6bb5fbc33169270c
test/aaaaaisc_0_7.png,34384d12cd0d5a07e136fc379c8be4a5
test/aaaaaisv_0_0.png,aacd22d9b0da9607315febbd6787335e
test/aaaaaisv_0_14.png,1576ac011fd3711bd4e5b861fc797647
test/aaaaaisv_0_21.png,912adcf85186cc58da12ffc86191d279
test/aaaaaisv_0_28.png,74044278597d53c83de9da6616ac6675
test/aaaaaisv_0_35.png,c76506fcb186ec4d6699a6b94315c80a
test/aaaaaisv_0_42.png,fd1cc34e882875e817f53337b1fa9f0c
test/aaaaaisv_0_49.png,e6a4d914ae2fcf11205d00a64bb43563
test/aaaaaisv_0_56.png,2715338f189c926d0f02c0c542b1077f
test/aaaaaisv_0_63.png,bddfb85f7ac4b8b362c701ed25971d4f
test/aaaaaisv_0_7.png,fb37b73229895d80c4bcf01bf8240c55
test/aaaaaisv_1_0.png,cb436dd4a88dc7129fab955aac777113
test/aaaaaisv_1_13.png,aa39a7a1983c003db977c86531f337a9
test/aaaaaisv_1_19.png,802c9556baecf482b7fc25ad10ebdae6
test/aaaaaisv_1_25.png,638aa9d706d54066c7ef5b8b846924a4
test/aaaaaisv_1_32.png,e8e30907254f1a02dd4f8ec96bb388d9
test/aaaaaisv_1_38.png,54d7bae700d59702dbafcad3692e1d14
test/aaaaaisv_1_44.png,c7c8f7e711194366ae1d3dd007110f14
test/aaaaaisv_1_51.png,0b73dc229c0c11e74c4249f415ce9577
test/aaaaaisv_1_57.png,559d70be7db891ddd7e1a782ac287eed
test/aaaaaisv_1_6.png,df4e45082af556acfd28028266307c64
test/aaaaaivg_0_0.png,0b4b6d1f278c05df5c2ec05085511d47
test/aaaaaivg_0_18.png,0283feb257871e05e5f7fa30ffbb435f
test/aaaaaivg_0_27.png,baceff36be8aeaa54cbe675b8b42457c
test/aaaaaivg_0_36.png,d57254f9c2e1ac1bdc254fad40b8c81d
test/aaaaaivg_0_45.png,d75279820afb66efa84af7000a208041
test/aaaaaivg_0_54.png,d079ad7d1b4869d3d4d0f842c3ca9223
test/aaaaaivg_0_63.png,46608b0c853c739e3c665e5b417a0b27
test/aaaaaivg_0_72.png,ac07305b6d812d38ebbfd8a0e6e24917
test/aaaaaivg_0_81.png,7435d013582aac1e54f1274bab6aff6d
test/aaaaaivg_0_9.png,534f1ef0c14893de7ddbde9280f4fc89
test/aaaaaiyg_0_0.png,f13a4afadafe00a17733de2ea9cc9d5c
test/aaaaaiyg_0_13.png,cddf4731b4a140b98049e32765e97624
test/aaaaaiyg_0_20.png,4640c056678e5dc41c34ded2b5848507
test/aaaaaiyg_0_26.png,3e6030aac712a2e203856fe4a5580d88
test/aaaaaiyg_0_33.png,3be621de37b4de2b1b7b6a40a352ddf7
test/aaaaaiyg_0_39.png,8fdb09979dd8e4908679d037258d9d06
test/aaaaaiyg_0_46.png,ba2554786df61d2f63f85fce342c0bf3
test/aaaaaiyg_0_52.png,0a551f7f4aacdc4487e83faf78c47ef0
test/aaaaaiyg_0_59.png,3f9ee099ed0113fad238561ce9c7c69f
test/aaaaaiyg_0_7.png,4975547c079cdfd5c25f89f77f6eb05f
test/aaaaaiyg_1_0.png,b6c8379fd2afc5ebd74e8bb364a823f2
test/aaaaaiyg_1_13.png,698605001d130759f635429b04b92dc4
test/aaaaaiyg_1_20.png,89616ecfd3c13566a63b480c67d20cfd
test/aaaaaiyg_1_27.png,c5bf45ed6cec1acba3954f7006d29bfc
test/aaaaaiyg_1_33.png,213b184f755a021da1cfecc1cfc455c6
test/aaaaaiyg_1_40.png,182237b30786067b09ebfc527dab2f99
test/aaaaaiyg_1_47.png,55393082a87e36a191ef9acaedf163dc
test/aaaaaiyg_1_53.png,ce08047fccf102754427b550c7127c2d
test/aaaaaiyg_1_60.png,2b0811df00afc1173b596bc3781fa27a
test/aaaaaiyg_1_7.png,9db5a25bb3e315274fc7d4d366df4fb4
test/aaaaaizf_0_0.png,f30dc5c1e69ed1261670f047fcb76691
test/aaaaaizf_0_15.png,5a695355739adc89fe2b2bafb86cb5fb
test/aaaaaizf_0_23.png,d66ba7c0bd1dd529a2bb6260c22dbed9
test/aaaaaizf_0_30.png,9ef904148425691c42daa4989814a1d2
test/aaaaaizf_0_38.png,f512a017a2bc9331ee485b3d06a8a8e3
test/aaaaaizf_0_45.png,9271c2717b2f1ab4318a218f83c1287b
test/aaaaaizf_0_53.png,22c7b5fccd9db9e41ffedf908d6a61cc
test/aaaaaizf_0_60.png,c51f748ed4f77dbed45713a4eefb14e7
test/aaaaaizf_0_68.png,daf65e0199b76834c3fb8715801482ab
test/aaaaaizf_0_8.png,d294958a4d8f0654c0d3f31e68552f17
test/aaaaaizw_0_0.png,f7debe7887edbdd4f29022aef320456d
test/aaaaaizw_0_14.png,5153b9a57a3f99870ce8bed322d09be8
test/aaaaaizw_0_20.png,587e300500d413c112e8976b188209f7
test/aaaaaizw_0_27.png,32861e4f5f13ff03b5925c1b0ac3850c
test/aaaaaizw_0_34.png,c2026683f02043ce65ebf59bf60fafa6
test/aaaaaizw_0_41.png,aac70438d9badcb73058b76dcac9e36e
test/aaaaaizw_0_47.png,eee64a6169c8f0665c03cdb681d4b669
test/aaaaaizw_0_54.png,7e4936b0d405d51850b377ea04c67807
test/aaaaaizw_0_61.png,0122f1106b37b632a58488f5459f27d1
test/aaaaaizw_0_7.png,382b8aa57d68708262aa29bc981407e8
test/aaaaajbd_0_0.png,c40b773dc8b82293a5b914303b6dbee4
test/aaaaajbd_0_15.png,c4e184055b8e9350a45f5745cfd68567
test/aaaaajbd_0_23.png,262537d24f85e636ee9ea7f93fd735a0
test/aaaaajbd_0_31.png,0ec3e22343f41f4b98a51bb878c91623
test/aaaaajbd_0_38.png,5e544f6332a4289210bfcd0641acdc8c
test/aaaaajbd_0_46.png,b274a456d8f3f74f4a78c7cff8cc9b50
test/aaaaajbd_0_54.png,071a2fa559b9a25bae4029c11525d8d2
test/aaaaajbd_0_61.png,224aa0aeadf0cc8db26347e4fbc65d72
test/aaaaajbd_0_69.png,3a99e138b3ec7adc791c8bac09c76705
test/aaaaajbd_0_8.png,9dd04c3b7467868433574a6a744b4bf3
test/aaaaajbn_0_0.png,dafa88fcc3af9ec895a5c3bed7fcae65
test/aaaaajbn_0_14.png,2f98bfd9276380ef251aace643ce5a71
test/aaaaajbn_0_20.png,064f697626dc4d5c3a11664e6c687e5e
test/aaaaajbn_0_27.png,f1904a6523544801a6c91a81d5be5e29
test/aaaaajbn_0_34.png,8800c5333e0a4cf4fd3acb536412674b
test/aaaaajbn_0_41.png,24e7a9e31facf6fc925c5afb50a01338
test/aaaaajbn_0_47.png,d933095616fb024fb91176e76a337adb
test/aaaaajbn_0_54.png,18ed159d974abb482b8b71d1950fdfb9
test/aaaaajbn_0_61.png,660f6223709e38b30f5dc0153a8614ba
test/aaaaajbn_0_7.png,ce49e134e9282509a9022dea82720e2e
test/aaaaajcb_0_0.png,e2959085e84e2991ae8c9bbf45a934c3
test/aaaaajcb_0_13.png,8e391a671048a4917ccef5d08659bd4c
test/aaaaajcb_0_20.png,d9b3993ae1750c4ee1f994e6f8a6ebd5
test/aaaaajcb_0_27.png,b2a19f8476f5b2656aebac73ce3c26e5
test/aaaaajcb_0_33.png,3cfc743b9c37bb9005705afb97f91dbd
test/aaaaajcb_0_40.png,90c2ec1a03efbc61e307ba3c10d5bb8b
test/aaaaajcb_0_47.png,ed5dcc8d2784b611ee7cc1db29091333
test/aaaaajcb_0_53.png,ce7e8878bdf3eecc641e467821360b31
test/aaaaajcb_0_60.png,040b9dbc98255fa1da38c58445fc7b04
test/aaaaajcb_0_7.png,1f02a20d59e6fecd1c96eaecdb4779de
test/aaaaajcv_0_0.png,e06624aeb379136325528642c3144cf5
test/aaaaajcv_0_13.png,334750c43f97cf14281aa629eb43e6d7
test/aaaaajcv_0_19.png,ca194ab0d512d1cc270bbea6d6dfcb66
test/aaaaajcv_0_26.png,7daf6a6cb59b8dd7b407c19fcde82929
test/aaaaajcv_0_32.png,2f4c72630d41acc55c7ec244b2c1a45a
test/aaaaajcv_0_39.png,60ed3d6f79ff74d88c317a3fa8f255bb
test/aaaaajcv_0_45.png,67e2c15eab2991815cde6cc714ba7e09
test/aaaaajcv_0_52.png,4b4d70d31bbd91dc6d73058f66d1effb
test/aaaaajcv_0_58.png,38ec9c44fbce9cf8540ed03b06d1d984
test/aaaaajcv_0_6.png,de62c4739e172258a4d44656be0bb0a9
test/aaaaajdk_0_0.png,aafb170c92be155d13f50495a0254ca8
test/aaaaajdk_0_18.png,c0f5ad9e0b04b56125580542c8037db6
test/aaaaajdk_0_28.png,2c8f4f4817c2d50d7e318e62a3e8e6bc
test/aaaaajdk_0_37.png,32ed4a33ae81ec3522f514e3d7eebce1
test/aaaaajdk_0_46.png,a5da572205e679eda150873bea1c11f3
test/aaaaajdk_0_55.png,c7bb8e9688e859bb661ad1835466db64
test/aaaaajdk_0_65.png,961b323d918fb2081fe84d755152c510
test/aaaaajdk_0_74.png,6f024232311bf50881a89bbcfe3fbcbf
test/aaaaajdk_0_83.png,4f81d800b5bd36f8a1b25f889975e6ba
test/aaaaajdk_0_9.png,39f2ab90608916664ca4eb1dd526f740
test/aaaaajex_0_0.png,8c4561755a7507746bb19629a1f4e2b9
test/aaaaajex_0_12.png,5c6fcd84594c00ad1bf7187199ceb2c8
test/aaaaajex_0_17.png,148224efafeef74d1eff7b4d860e9f08
test/aaaaajex_0_23.png,b2c0a1d85893d8bb8290f18807b03767
test/aaaaajex_0_29.png,7450bfbdc03d6a28f499169ec1c18758
test/aaaaajex_0_35.png,7ad8e3853593b03651f579439fe28d5e
test/aaaaajex_0_40.png,815f739c66e912abc719879a8b2b7c91
test/aaaaajex_0_46.png,876682ecd9c08d8b960d6c9b5582582b
test/aaaaajex_0_52.png,5349c5caa72e5ae238be0a3a03631742
test/aaaaajex_0_6.png,19d52ef858b662584ef9f336d9fbef17
test/aaaaajfk_0_0.png,9a2e7c3102787b73a6fe3fa3c2e13497
test/aaaaajfk_0_13.png,245d42bd18316f47269b0f1bce509a31
test/aaaaajfk_0_19.png,ab0f2e0f9b3d5416d2f63fff6bdf9fa9
test/aaaaajfk_0_26.png,3edd622a63abd1284c00d3b7a96110a8
test/aaaaajfk_0_32.png,4ccd70bbef1f1497df3c0b20e49bde93
test/aaaaajfk_0_39.png,5f03f36ab0c525f4aa58a787365a1f3b
test/aaaaajfk_0_45.png,68c6704d0e3cfe5b51f5cdefbbdd6eec
test/aaaaajfk_0_52.png,19dbea5b04c96a0aa1846a249fc3bb23
test/aaaaajfk_0_58.png,9f234811a789dec1d0723bed5abb174b
test/aaaaajfk_0_6.png,c2b76c3066f3c4bbebd9327e7e76eca3
test/aaaaajfo_0_0.png,49208b7acfc2d3b5c8c869635123c9ef
test/aaaaajfo_0_13.png,562d88862cdc39b7b7f657bf7a988d77
test/aaaaajfo_0_20.png,b0daadec139f3423c05279347787d4c4
test/aaaaajfo_0_26.png,e08476788cd32da4ee9cb617eec25972
test/aaaaajfo_0_33.png,f96152b508d120b0baca92edf48f5b2b
test/aaaaajfo_0_39.png,7067732cc684b5592c5f796351b619fe
test/aaaaajfo_0_46.png,159d9cf732c3d946b12653ce7369deb9
test/aaaaajfo_0_52.png,2dd4c64ff85dc7df207495a9d19b7ab5
test/aaaaajfo_0_59.png,6a89f185bf2098c48d9e6486edc917a8
test/aaaaajfo_0_7.png,69c9741ca0db95450cc3a0d82718f3fb
test/aaaaajfq_0_0.png,d3412426a714099eb1f3157f2026330e
test/aaaaajfq_0_13.png,b0a35c147185f306f4ddc87c964296a6
test/aaaaajfq_0_19.png,8ffe02f5efc911ece82181bbaca9eb1e
test/aaaaajfq_0_26.png,d3e28b5c0f15fef1d17321b3c8dc2d70
test/aaaaajfq_0_32.png,76ee08997c0b7f842a5f61f7934bd10e
test/aaaaajfq_0_39.png,b7a8c6ad8f73c8f9fddfa954b832f58f
test/aaaaajfq_0_45.png,f5dab7bbdc1727ee040e182623cef785
test/aaaaajfq_0_52.png,d310c85cd5a36517d1f35d6a8b548030
test/aaaaajfq_0_58.png,6069d4ccbab57c9f5ed5271dca9d85f1
test/aaaaajfq_0_6.png,6cfcd98c257c2b4388a0b4ff75d0bf35
test/aaaaajfq_1_0.png,bb2673fa89dee83d2597909c615fd645
test/aaaaajfq_1_13.png,756388226fcb949f15ca2610e8937113
test/aaaaajfq_1_20.png,7cc04555332b1039cb43a9cff5692508
test/aaaaajfq_1_26.png,1ad179a075164b8ba3d0dc070f4f38ba
test/aaaaajfq_1_33.png,89c0c46dba4300ec7e680ac46e6e331e
test/aaaaajfq_1_39.png,3a685246c4d65f2a237356e1887654b0
test/aaaaajfq_1_46.png,3b4daaf58be06ae14864aa6efcb1b882
test/aaaaajfq_1_52.png,942838a910b050007386cc85df05c2d6
test/aaaaajfq_1_59.png,1c9cdd5d5dbd343fe030d88d865b7197
test/aaaaajfq_1_7.png,86b483667fc7d83674fdfa97f1018277
test/aaaaajfq_2_0.png,122e31d35bed384e4e4f62e20ee80bdd
test/aaaaajfq_2_13.png,bd9bae1506c3d900632252759a628eff
test/aaaaajfq_2_19.png,b059fbf1265aa4217e187ef24abbb475
test/aaaaajfq_2_26.png,d855d8f70bb9097d511a3b0e8c15c966
test/aaaaajfq_2_32.png,d1a6885aeb971b96519b8b17fa0da40b
test/aaaaajfq_2_39.png,2bced5459dea4d7fe679de0c9a1fa89a
test/aaaaajfq_2_45.png,696e9c9e7a87bdf6b576a9f1a4047137
test/aaaaajfq_2_52.png,94e1f84c76a889f1710c26c3ad7e20a8
test/aaaaajfq_2_58.png,e3b16a7d40b9dd92d4fe852775316c3b
test/aaaaajfq_2_6.png,5856085a0417ef6320a068de523b7129
test/aaaaajhk_0_0.png,3f8f79f06408c5a31f914dd95ae07ee9
test/aaaaajhk_0_13.png,5394780a48adea44e03b72d2bedd2ee8
test/aaaaajhk_0_19.png,40e099eda168300f3c3a8f485bc858a3
test/aaaaajhk_0_26.png,a4c9e3c775f88494bc18785e71514318
test/aaaaajhk_0_32.png,c1447a99e5671389a3d2cd5617ffe9c2
test/aaaaajhk_0_39.png,e39b0c076284b37ab5a1ca0d8af93feb
test/aaaaajhk_0_45.png,bd21d7fc794f06bbe4d17ee3b2960950
test/aaaaajhk_0_52.png,33414d39f616431e3699fa3d2c7bb8e6
test/aaaaajhk_0_58.png,972eec23c32b42d49bdda91d0e09e990
test/aaaaajhk_0_6.png,b14264f065c72a2321885e414ee8a29c
test/aaaaajil_0_0.png,ee46e8c6a3721193c7059b1033a18970
test/aaaaajil_0_13.png,b15616dcd541078ff91283e733f6959c
test/aaaaajil_0_19.png,55675db5f42d3a0f624bd1b5626d475e
test/aaaaajil_0_26.png,b86a4f1bf6c49169138482d06fa4be88
test/aaaaajil_0_32.png,17d86e8dd3f121c8c9a2f6f46794e901
test/aaaaajil_0_39.png,b41d4ebd179a2e9730074ddb71fa5332
test/aaaaajil_0_45.png,22372eca9994e8d49f5033f74acf2b13
test/aaaaajil_0_52.png,76f87cc8c7106eace5dc01451d26e906
test/aaaaajil_0_58.png,69dce205579933bec9b6f11b65bcce1f
test/aaaaajil_0_6.png,b5eb55f07e6c3769d413d1f348e34664
test/aaaaajil_1_0.png,738fe9217b707909982494206e6b65dc
test/aaaaajil_1_16.png,710dacc4a07669074611e016dc4b92dc
test/aaaaajil_1_24.png,0d9acf968ae981e424802a00b8acff65
test/aaaaajil_1_32.png,67b3eeec12563a5dfb13e095c41987e3
test/aaaaajil_1_40.png,3a033ee287d5bb73a2d97addeadb09ca
test/aaaaajil_1_48.png,3ae9e4570ce00a9c60c528222c5899de
test/aaaaajil_1_56.png,b1f63576dba679a2da160df7c32a2ba7
test/aaaaajil_1_64.png,bbf2fd874a794a0d422fee801a0d979d
test/aaaaajil_1_72.png,53a381e5cc5afc8f12b577a78bcac20f
test/aaaaajil_1_8.png,7a62278dad60a4a33d06f0e7dac30e3e
test/aaaaajkp_0_0.png,80c482237504d13cf2fb70e7b70ef282
test/aaaaajkp_0_15.png,aec311accca1d9db034a58e355bd13bc
test/aaaaajkp_0_23.png,79bbf2b6ab8dfade8b2842bce2b6b74e
test/aaaaajkp_0_31.png,66df238949b5a7bfc6f2e2d5d879d5ce
test/aaaaajkp_0_38.png,88db322a7c0b24d13b05b98646ca0a97
test/aaaaajkp_0_46.png,ccb3de77412a31c6aafa79831f8df69d
test/aaaaajkp_0_54.png,9bc2faee8eeea557fcb28675db9f8df8
test/aaaaajkp_0_61.png,4807faf1c3895781f9d6a3298b8f1129
test/aaaaajkp_0_69.png,fb2480c0964bc4f46f297a73e708f98d
test/aaaaajkp_0_8.png,a377089a01fe673fc10c622285ab2ff2
test/aaaaajnv_0_0.png,b000d1d522f87bc916e14f9842bf900d
test/aaaaajnv_0_13.png,7d11e5fa7078b6f3e26c42ed7c8abb55
test/aaaaajnv_0_20.png,0c4c936372a2e45699460ec90e9bccb6
test/aaaaajnv_0_26.png,0e50cca9e15ef265261588dda341ce16
test/aaaaajnv_0_33.png,6462309e03b21518c95bcb61292d63d6
test/aaaaajnv_0_39.png,b86ec3d2f9ac80cbf7295c2ab6dc9a1a
test/aaaaajnv_0_46.png,1325f13668b08111bbb6948994acf5e5
test/aaaaajnv_0_52.png,b63f3783449a0f5ed350359db46b7d98
test/aaaaajnv_0_59.png,01150002c3c503e82a4393fda89a639d
test/aaaaajnv_0_7.png,d10c644176ac219d3652abecb147e6a4
test/aaaaajpf_0_0.png,be2bc3deff188f1aa085126da45c4b2b
test/aaaaajpf_0_13.png,2cd446d08d56d1bc4ec21311f52de062
test/aaaaajpf_0_19.png,cedc13fd12ca9582c6f2be96304a0f3d
test/aaaaajpf_0_26.png,e0c612bbb904ff457cb13b2686479911
test/aaaaajpf_0_32.png,2140c6d7cf1fe650efb4f9ca31d74ea8
test/aaaaajpf_0_39.png,c257894bc55408a03c83ed28fa227a2d
test/aaaaajpf_0_45.png,23b4febef9b725b46653c5cca75c22a6
test/aaaaajpf_0_52.png,2f6a1e34d2a5305f0f06d80df18a0fe9
test/aaaaajpf_0_58.png,730aea8aa5a0639abd2bb763bbe6caf9
test/aaaaajpf_0_6.png,0205ba77843b897a8436bf39885dbd24
test/aaaaajpl_0_0.png,3d5d9f541ce98fbdcb8f7d6650baae9e
test/aaaaajpl_0_13.png,40fec7a268cf67a557f5caf512b072dd
test/aaaaajpl_0_20.png,fdedbc117a2e53964b3c94ea152953a7
test/aaaaajpl_0_26.png,4cbbc0d265329569733b4329647bd56e
test/aaaaajpl_0_33.png,49bb663625b4fc90e6a41d428c9df66e
test/aaaaajpl_0_39.png,eb73b7f6b85f1f127a38f42a3108956b
test/aaaaajpl_0_46.png,f0c55aad30ab21a7b364c5cfc706633b
test/aaaaajpl_0_52.png,cff0436fb1040443d6147f08a9d55c94
test/aaaaajpl_0_59.png,45746ff66ae420c6343be61b7cd6343e
test/aaaaajpl_0_7.png,b4c9276b05f658315a0c7b73370ca3e9
test/aaaaajpq_0_0.png,4d350079e5df79c74d30b35b8c85d0a1
test/aaaaajpq_0_13.png,25922d8b6c341c971d0b378762bfd82e
test/aaaaajpq_0_20.png,00cd87cea3bb7c90ca085216b03e55e9
test/aaaaajpq_0_26.png,d10835d283d6510d1f6de6c95f5f357e
test/aaaaajpq_0_33.png,0286375335a6df6786fd20368809008f
test/aaaaajpq_0_39.png,11dc78687737e8234a8411ae3b2d130e
test/aaaaajpq_0_46.png,0f26874d75acee740847f7bb7430cb11
test/aaaaajpq_0_52.png,a0012bab2960f125f315172df05c5317
test/aaaaajpq_0_59.png,6457892dcc7d599a447d86d6ed12f0c3
test/aaaaajpq_0_7.png,c8e751f34c8f322635d958a6b70f4c4c
test/aaaaajpy_0_0.png,46fb243a578f8ff15f66496ebfbfd3fb
test/aaaaajpy_0_13.png,dbe854a4acd800764b807cd47341c873
test/aaaaajpy_0_20.png,16ccf3ad5602e1a5f69ad1b4ef0429e4
test/aaaaajpy_0_26.png,8ea570294572f1fd23568621c6e27421
test/aaaaajpy_0_33.png,eec34fed93a5f2fc4f725a39a0e363ca
test/aaaaajpy_0_39.png,bff48531c7969c2083a1d08e34a1586a
test/aaaaajpy_0_46.png,195bc20535496d0c5682d5c718c14844
test/aaaaajpy_0_52.png,7e2f14480ebc92c4fa41b36297e6c645
test/aaaaajpy_0_59.png,9095afa68d19bfd0c97744051d65c5c1
test/aaaaajpy_0_7.png,f62ca2bf86f24d4f3e2b726ccba049d2
test/aaaaajpy_1_0.png,9b29bdbd800ff97afc3714b5067f00a0
test/aaaaajpy_1_119.png,69ab40f92bbb4b904cc182ee1acdd7c9
test/aaaaajpy_1_138.png,07ad1e4c13085472dbdce5734c3215fa
test/aaaaajpy_1_158.png,9703cf46725e2b696c4173facf871a13
test/aaaaajpy_1_178.png,fb9253d279e1f9847ba1c1c4e2f2d286
test/aaaaajpy_1_20.png,29b4938fc972c6e49f8633a64a57b8f6
test/aaaaajpy_1_40.png,df734b9ccdcaec8b4b86e63c094bb6fb
test/aaaaajpy_1_59.png,13234e625ce31079edaeb9509686ccc9
test/aaaaajpy_1_79.png,862eb515e9aaff688763156761969117
test/aaaaajpy_1_99.png,caa57d866498081473e70f620c37ae57
test/aaaaajpz_0_0.png,364877b622658f2a5cbc668c3d7c881e
test/aaaaajpz_0_13.png,2fb30fee2bd4987d7f25f6bd7225731f
test/aaaaajpz_0_20.png,072188cbd551b4689dba7bd0d9cc0093
test/aaaaajpz_0_26.png,a670993d4a6990b68fd9c59862e44e07
test/aaaaajpz_0_33.png,c37a118220eb1f6c3e1891acc8d8ef4c
test/aaaaajpz_0_39.png,a3a4d41d47a52d8bd3cfdf4589beb6cf
test/aaaaajpz_0_46.png,8345c726d9cf535ee59d305354b72e6d
test/aaaaajpz_0_52.png,55b6df7f283d29541f2141cdcb3b2db5
test/aaaaajpz_0_59.png,93a662692e9aaacdea18a2f0b2ca4b67
test/aaaaajpz_0_7.png,32ddddc164ede80e401d877852375a5a
test/aaaaajqf_0_0.png,f94f28cad765fcb7c69840d7acafc6ad
test/aaaaajqf_0_14.png,f3d974537b6defbc1d043d754c93381e
test/aaaaajqf_0_21.png,6d6a2d0416eb0279681767b59a6d6fa9
test/aaaaajqf_0_28.png,7b8a675b41579ab7f794650893214028
test/aaaaajqf_0_35.png,939648da7f8959d186ac832f4144b5c5
test/aaaaajqf_0_42.png,4ae8ff0e9649aa07b461cfcb39b74524
test/aaaaajqf_0_49.png,1fcaa666fa5cfaa2a0bd64105ab344c9
test/aaaaajqf_0_56.png,094bd7148170cf951fffa994852f7e41
test/aaaaajqf_0_63.png,7d87fccbe12e5575752f874b64f9afe1
test/aaaaajqf_0_7.png,aa6438671ea2176215d75a874bfe421d
test/aaaaajqf_1_0.png,d6f3345a44ab8e7d5b47a0be63c364f3
test/aaaaajqf_1_13.png,16abe526770fe3d3602fd40051db5c05
test/aaaaajqf_1_20.png,344e8781009de10184374e2d3798bada
test/aaaaajqf_1_26.png,86ebde85443407ea69709235b482d4e5
test/aaaaajqf_1_33.png,7671fb95dfdfe5e15894b52c80cf4898
test/aaaaajqf_1_39.png,8cb4d75fc075640c180c83d1d650765f
test/aaaaajqf_1_46.png,72a7f22ef8290fedb4efd2baf31fee6c
test/aaaaajqf_1_52.png,702911036effe5ca3ffe016c5de64d95
test/aaaaajqf_1_59.png,283577a4d65ff5300773362a8d7e56ff
test/aaaaajqf_1_7.png,ba394142ef79253aae78da09b964bbce
test/aaaaajqg_0_0.png,7e8bab8977eade9cbd99965c0af92e88
test/aaaaajqg_0_12.png,ecf8aab943ac808b3bf856b8d1b4c7df
test/aaaaajqg_0_19.png,1e05656936f69ad4ed8722f4aea8023c
test/aaaaajqg_0_25.png,fca945008374bb9c526b7d54f94619db
test/aaaaajqg_0_31.png,b1da936c14fc303a42b261c94e148084
test/aaaaajqg_0_37.png,de65bcd6cdfd01dcf2b2bd8eadbbde4a
test/aaaaajqg_0_44.png,2bef88a4a8d81b842cab13772d254fa8
test/aaaaajqg_0_50.png,637334e04b95db964c9b2afc74074ca9
test/aaaaajqg_0_56.png,45ba7fda4f204acd0aae6d1536f85892
test/aaaaajqg_0_6.png,ab0ca9e62edd4e58e282b430ba5d724c
test/aaaaajrg_0_0.png,dc6cb26f2dd53ca7713e6d591314b6bc
test/aaaaajrg_0_13.png,9aa3cdc365d84430d2cf400ab37562c1
test/aaaaajrg_0_19.png,34266be6e0e994aedc496767d5a77332
test/aaaaajrg_0_26.png,03d635535693f4332b42193c811d73f4
test/aaaaajrg_0_32.png,cedcf63b73fd88a7ec357faa6d56954b
test/aaaaajrg_0_39.png,d2bbbf575498c98adee92da4e30e680c
test/aaaaajrg_0_45.png,62bfc945b8c4c885f1b6bd22947776ea
test/aaaaajrg_0_52.png,7b77431dbc32ffb91c9485f41e4ba7e7
test/aaaaajrg_0_58.png,ebcf3509162340082058e36e45a23a83
test/aaaaajrg_0_6.png,1be4d1e36b484f7f6f05a580117fc933
test/aaaaajrj_0_0.png,3d52eb9b76adb068b52d1bef5abb7544
test/aaaaajrj_0_13.png,e20efdb265d430bb9a5d7b5ece52adf8
test/aaaaajrj_0_20.png,5e67da65a12be5633890068edf6e816a
test/aaaaajrj_0_26.png,44eba9f1a73a8bdaa64be4d164294259
test/aaaaajrj_0_33.png,98f78ef213f8b6a12f55738649a7a9a0
test/aaaaajrj_0_39.png,e3d739d7d6456cae5d2b0de799659647
test/aaaaajrj_0_46.png,c7c71b840a41b7f9f52b8802890e2c60
test/aaaaajrj_0_52.png,e522c446be1e14576738ef18e3b83afe
test/aaaaajrj_0_59.png,1f8419031f25d428f442cde6d56c5507
test/aaaaajrj_0_7.png,bb411d709aec7997077992ac8eb1711b
test/aaaaajrj_1_0.png,0eb42385618c64d964fabe684be4285e
test/aaaaajrj_1_105.png,6bc55128a241dddcd4521c9c83cee7c3
test/aaaaajrj_1_118.png,efe61ef2bc97216dac0fe92033b818fb
test/aaaaajrj_1_13.png,8beab70f04f98a9bc71aaaaefe083696
test/aaaaajrj_1_26.png,5257b17b3872543dcbaf6489e885c9f9
test/aaaaajrj_1_39.png,e736808f12a6b2d83f9f487cb528e6a0
test/aaaaajrj_1_52.png,8208e913c0e7dfd50b60577328f77e8e
test/aaaaajrj_1_66.png,d0c982da8488216e4ff0bfa24073692b
test/aaaaajrj_1_79.png,6f6bcfef912890b0bfa5503def70dea0
test/aaaaajrj_1_92.png,4cfb3da2d997916e78c203b46c5baeaf
test/aaaaajrj_2_0.png,aaa64f370f8e248c56f75571506709d3
test/aaaaajrj_2_13.png,0749fbc861f064abf49c927c221573a1
test/aaaaajrj_2_20.png,4633ee3cf29a8edec53b81aff179b085
test/aaaaajrj_2_26.png,3d88b8733c079f555ec0c5ea8c368225
test/aaaaajrj_2_33.png,5f76bc27a5c67e063a27fd2dabfce980
test/aaaaajrj_2_39.png,f1dd23dad2a0ca5a85fb5e13915dd4d7
test/aaaaajrj_2_46.png,5fe838e7b7b22dc4f3612b2bf4fe95b5
test/aaaaajrj_2_52.png,a4eee308222d9da39f75f0b1a29a3ee2
test/aaaaajrj_2_59.png,47315313dd5f70ddeae306be29931449
test/aaaaajrj_2_7.png,a9d9994c87978618996633a999dca56c
test/aaaaajrj_3_0.png,1b1abbdb5bf99e5956a604aa73dd4c0f
test/aaaaajrj_3_13.png,869539639b6e50e851db927ef50493a9
test/aaaaajrj_3_20.png,d36d0b67ba5a1e47306a46719ca6a03d
test/aaaaajrj_3_26.png,e4b914ab612b7d7ffa2f196faf7b1fb8
test/aaaaajrj_3_33.png,b7dc06381eb4ea310918720793739964
test/aaaaajrj_3_39.png,fe0dfd28f9581d37d2b8223a152be554
test/aaaaajrj_3_46.png,ee89dbeb15e3af643463f6ebeb6745c8
test/aaaaajrj_3_52.png,b3df4239d4562ecce768533a16be3f52
test/aaaaajrj_3_59.png,7e16366698366bfa7d0823ad3174b95e
test/aaaaajrj_3_7.png,3a37b9fb5232c156c7a4785988d86f49
test/aaaaajru_0_0.png,7274c6c47df66d3b9edf94c801a4a649
test/aaaaajru_0_13.png,7dc684ce6692ab81c305add9581b4e60
test/aaaaajru_0_20.png,984d4ee77b61b1fca495b52a311301e9
test/aaaaajru_0_26.png,a7972b56996cf5328a43ff38a8dbfc64
test/aaaaajru_0_33.png,bd379adb7fb0cffb529de53dd645a626
test/aaaaajru_0_39.png,73a2257ea0fe86aa481f3dbc7aea8262
test/aaaaajru_0_46.png,28581dccb2d1a3333c8bb146a1d6ed3a
test/aaaaajru_0_52.png,c5054c77306160ec7ecbeeee92dbe831
test/aaaaajru_0_59.png,8915038a592783bab1a3a1bdabd46443
test/aaaaajru_0_7.png,c3f0002b6c792846fb9a46603b6bbfeb
test/aaaaajru_1_0.png,8ab4432d59c32cedc31c99f2570e6ebc
test/aaaaajru_1_14.png,33104d047c5a94338f06a99b8b3c289a
test/aaaaajru_1_21.png,f10c9d157d08440452ea361c66d0b662
test/aaaaajru_1_28.png,676c64464d3c3c6bac3fa8c05072b02c
test/aaaaajru_1_34.png,35f606c37da16885445fae70f793f4e5
test/aaaaajru_1_41.png,e149e1be32854507c0832a8e25e19812
test/aaaaajru_1_48.png,b8be96c20e5a41d6c4f4d8cc1518382b
test/aaaaajru_1_55.png,57e50975ded17b2fb7daf5116e639a96
test/aaaaajru_1_62.png,70535ea4a83b8d826e64669d90e3799c
test/aaaaajru_1_7.png,33942bf41653c5d1670408a0ee131d6f
test/aaaaajru_2_0.png,a2c1f3d9134f20075497e465cd02d31e
test/aaaaajru_2_17.png,d70f284474e1f9534742f94455a074ce
test/aaaaajru_2_25.png,451e08291e93426a7f70f625ca546436
test/aaaaajru_2_34.png,16705f6fa0fc60a6e7f9025918d9c52b
test/aaaaajru_2_42.png,173fc6876849fdf4002052fea505a6fe
test/aaaaajru_2_51.png,4cb3c7feda77088bebcec4a97a8435a2
test/aaaaajru_2_59.png,daa6627110c2418fe2a90f8677e3f671
test/aaaaajru_2_68.png,6dd1495ef2df6bdabdea2625056616b8
test/aaaaajru_2_76.png,d2e257c52ae8d75549e0df77069e0f35
test/aaaaajru_2_8.png,b4f209e18da3479ad5c42e392b845ad1
test/aaaaajru_3_0.png,466d00840cc56362ad1bf7c197217e8a
test/aaaaajru_3_13.png,4bbc32eb6d51486c2055a799c1427238
test/aaaaajru_3_20.png,9d77294f9cf1d36032ed1a2205e707cb
test/aaaaajru_3_26.png,fb0d7f01855aa28aa605242f2f18f351
test/aaaaajru_3_33.png,df1e839ab24525340853a8abcd27b34e
test/aaaaajru_3_39.png,1581313526d3b322b967b4ddb1137249
test/aaaaajru_3_46.png,853f84a0dfea7cac8ff8f1d675bb79dc
test/aaaaajru_3_52.png,ad6f9cfd155100be432a16b41873801e
test/aaaaajru_3_59.png,afd8755e5b66c71ef6aeab6931d57c50
test/aaaaajru_3_7.png,d5f30b0c85cfe65dcb2b6decb5bee84d
test/aaaaajsg_0_0.png,e872f02d34275a1508788e00a68b4e29
test/aaaaajsg_0_14.png,c2a64d25bf5003efc6f16a06fc958af8
test/aaaaajsg_0_21.png,dce325cdc6986536cb9bc6ebadd1cd23
test/aaaaajsg_0_28.png,42624a314441660d5cd4d8e2a5b78479
test/aaaaajsg_0_35.png,f46c15b7216896360c78e3734d673359
test/aaaaajsg_0_42.png,eafd529278c6093f846c8434688af85b
test/aaaaajsg_0_49.png,3447302aea355d8575060c2b1d58b4b2
test/aaaaajsg_0_56.png,a330f0a94b4738df0533c836cc1cfd06
test/aaaaajsg_0_63.png,d360ab896c8cda0b0967e00a7fe23419
test/aaaaajsg_0_7.png,4df87410748244b4015cda9661e88cc3
test/aaaaajsj_0_0.png,7dd856360544648451eed7dbb25f2b08
test/aaaaajsj_0_13.png,3df8879866a187a2cc5d45c10340f82b
test/aaaaajsj_0_20.png,19399012577ed26240e9aa316b4fc51a
test/aaaaajsj_0_26.png,1e61bd35fd88251ef8350ae9e46171a1
test/aaaaajsj_0_33.png,3d371583988e9a53df872b71fef417d6
test/aaaaajsj_0_39.png,fefe66039487f89de69095ae5cac84fe
test/aaaaajsj_0_46.png,d7620d1a0b5be82769273f0ed636a830
test/aaaaajsj_0_52.png,785efc473b0495f50a760b32561b8147
test/aaaaajsj_0_59.png,70bbcb1edd52aa43e05de4b43fa333e0
test/aaaaajsj_0_7.png,58fd05010fba211e9f645594ef6197ec
test/aaaaajti_0_0.png,fac83e60db72ef78e007f6689432c16c
test/aaaaajti_0_14.png,2a7d9e498b1bb443997bb201ef497f16
test/aaaaajti_0_20.png,ae0cb57f3d97835447c889585c030987
test/aaaaajti_0_27.png,8b7a9856428d069fe9f1775745f07fe4
test/aaaaajti_0_34.png,8ac2a9f1243d1cf997f78c0da28beb25
test/aaaaajti_0_41.png,3074b88fc871cf8f11dac0f25782c243
test/aaaaajti_0_47.png,5a0f369605d9058f073ee61e353f5aa6
test/aaaaajti_0_54.png,de11dc0f0b5bc3963ff4899404d21aa0
test/aaaaajti_0_61.png,5cb470056a128f6668cc9f2d732173b3
test/aaaaajti_0_7.png,ceed8fcfc52c0927cf42fa6823e8f6a8
test/aaaaajtl_0_0.png,cad44a26778504f9517a5f54f420e953
test/aaaaajtl_0_13.png,e1061ba1cc4bce7928858ea46dd351c1
test/aaaaajtl_0_20.png,efbeeeb14931bca7777ac06d18f37f9e
test/aaaaajtl_0_26.png,90da5d587e06486ca9e9834bb611b8ef
test/aaaaajtl_0_33.png,67d3aa57aafeb0492c124af314916bb1
test/aaaaajtl_0_39.png,08fcdda40d4f1bfd29f834db0349d1f6
test/aaaaajtl_0_46.png,80697f37f832dbb892f10d340afd56c8
test/aaaaajtl_0_52.png,c69c5a875e63d4656a4c86f457cc75e8
test/aaaaajtl_0_59.png,f36ed33a4c194130c95e1646023d8c4f
test/aaaaajtl_0_7.png,1323bff3d3ef64660e8769a5a0e7cd61
test/aaaaajtl_1_0.png,d33231ea40c92136a6a8582c543b4540
test/aaaaajtl_1_116.png,aa42976b8d553d0c52a29eb340dea5f0
test/aaaaajtl_1_132.png,9be74be838d4b2eeeea6fd2db1fc49e3
test/aaaaajtl_1_149.png,3aa7755ee278e0e79b46662509c39ef7
test/aaaaajtl_1_17.png,afda06860836ddc134d3e168a4366509
test/aaaaajtl_1_33.png,736ec577872d4f3bccd53bd552ca72fd
test/aaaaajtl_1_50.png,28227051a151d6eb5ee9cdc551d76941
test/aaaaajtl_1_66.png,0cfe02388938f7382bad0e4d236304ce
test/aaaaajtl_1_83.png,43dfe0d23f1f228d5732bcbc70f338be
test/aaaaajtl_1_99.png,ef821d70e9d13f2992ef36e147728b3d
test/aaaaajtl_2_0.png,4c882485c76511e16382792f066ac787
test/aaaaajtl_2_13.png,8d64af056af1d43aa12cdda480173a15
test/aaaaajtl_2_19.png,1f2a31b68fd1480c42dfad1546363433
test/aaaaajtl_2_26.png,395a74bf73fd79b55630a27609cc18cd
test/aaaaajtl_2_32.png,f5bc6622ccdca29d7b658bdcc1bbdfd1
test/aaaaajtl_2_39.png,7d43e1d53319f157839ac536372bc1cf
test/aaaaajtl_2_45.png,bb2e1570ba9ce706348d4a4a0c2ab88f
test/aaaaajtl_2_52.png,8b5f2b6d37a224357d9020c785402e59
test/aaaaajtl_2_58.png,b5c56c79e2673d009a9945ad347b8e93
test/aaaaajtl_2_6.png,e19380ce6f4bc23da0f065725a5d71af
test/aaaaajtt_0_0.png,b5152b840d8b561a13d026f1b9f32cc0
test/aaaaajtt_0_14.png,01fe979fa9b735c8ecc28db24c920035
test/aaaaajtt_0_22.png,aa5dccf3037557fbfcaed1681b8f64ea
test/aaaaajtt_0_29.png,087a65049d5f055eb9ff19e1e8ddee0d
test/aaaaajtt_0_36.png,eb91335c46036cf83ae2dc08edfa6aa3
test/aaaaajtt_0_43.png,734c267e56b42e9c8fbb5ba603dd9991
test/aaaaajtt_0_51.png,3902efe89768430f9f679c71804d71a8
test/aaaaajtt_0_58.png,2db9c04d720e9e1b2e3451f70572a6d3
test/aaaaajtt_0_65.png,c410868f0a55b2a6f469d44e36e9fe47
test/aaaaajtt_0_7.png,9b14cc424cce829504562b08d0bcfdc6
test/aaaaajud_0_0.png,fa06082dbdc2cfc6da1fd8f5825a525b
test/aaaaajud_0_105.png,67872d632440ffa00b3f31c87fa719eb
test/aaaaajud_0_12.png,cef122bc189ba3f38863bd7fff3f64dd
test/aaaaajud_0_23.png,dd463e5990eba4d06e9db6d241941749
test/aaaaajud_0_35.png,93021b526547bf971c7608f3a6e2cb4f
test/aaaaajud_0_47.png,2fe9d26c4982d1888a316164f1c966f4
test/aaaaajud_0_58.png,90e08390219f4d9d9e98d005b726b14b
test/aaaaajud_0_70.png,e400e2bc304171c40ae3f40cb202d640
test/aaaaajud_0_82.png,2773443591d9c25b93b8223eca602e7e
test/aaaaajud_0_93.png,3be31b34b4ba4159f02377da81c2e425
test/aaaaajud_1_0.png,c11b77d3ce16132ce2bfef70eeda83b2
test/aaaaajud_1_13.png,228140580c6430fa57f01ac29faa79b4
test/aaaaajud_1_20.png,b2b8784e100b16036ab3d03ddad043c5
test/aaaaajud_1_26.png,fb18bd8b96fa47505b05828465cc88b9
test/aaaaajud_1_33.png,2c0a333b60d5c96a6921384decf8db93
test/aaaaajud_1_39.png,c465ff828b9c5fa795d3758bcb2cb5d9
test/aaaaajud_1_46.png,f1d637a1a5733bccb289a23b949da4e2
test/aaaaajud_1_52.png,c9e2a5670c4bd71b4a4d0db3b49edf80
test/aaaaajud_1_59.png,b0ddeea72ed7163d2b0319fc23011dfd
test/aaaaajud_1_7.png,19b201b07762d1d13d631e85e4ade176
test/aaaaajud_2_0.png,a8ee8b185893913c4a91d16766a3fdaa
test/aaaaajud_2_13.png,1546699e9d7d02dca4f37193e6aea8b8
test/aaaaajud_2_20.png,25dc046dec864216039ea3567e53b1a0
test/aaaaajud_2_26.png,fef57b5d48a14853f46b974658954ade
test/aaaaajud_2_33.png,80a293f7d67dd7b7a7c272054bee75c7
test/aaaaajud_2_39.png,99f88c49602f660a81fad591a6815862
test/aaaaajud_2_46.png,c381e3832622ab009b34e5bfdddbf7da
test/aaaaajud_2_52.png,6e5c091370af0211eed6cbb9ce6c221d
test/aaaaajud_2_59.png,21bd7cbd19897c871a3e91c808938f70
test/aaaaajud_2_7.png,e96a7290d6375d183a4059a5b32e7f53
test/aaaaajuo_0_0.png,574ebdec68adc2068531f6fe08726119
test/aaaaajuo_0_13.png,114a709e899eb522f0846b8fa099fc20
test/aaaaajuo_0_20.png,0c186f85c480f80b7863412b8cc2fd74
test/aaaaajuo_0_26.png,076857e154351069a47af38484f039b9
test/aaaaajuo_0_33.png,77d29220de1ede4c8ae6aea58d20bced
test/aaaaajuo_0_39.png,31b03c24c8e30fb374b16c511cace47e
test/aaaaajuo_0_46.png,36749e1a70525d99d38a671b86940b27
test/aaaaajuo_0_52.png,a40d074457aa82df1fdb015da7994e43
test/aaaaajuo_0_59.png,119ce9e2b5e254773d4b72a97d02b108
test/aaaaajuo_0_7.png,b1ad1501288c28e8c536ab3fd14499a0
test/aaaaajvi_0_0.png,dda9d764cdbc92b5f4ed5368fcd7b0bd
test/aaaaajvi_0_11.png,3ab1f827594e67822325b1ae9015dc58
test/aaaaajvi_0_16.png,bd58826f113f6d85174eecd1105b702a
test/aaaaajvi_0_22.png,9542b59227a5bd60414f3a9643a0bf79
test/aaaaajvi_0_27.png,3b2c4ca59d77d322bdb79026e199d492
test/aaaaajvi_0_33.png,5fa304256f81a45291dd9dbaa04c299a
test/aaaaajvi_0_38.png,cb2812aa70c2406f957465ee070591b5
test/aaaaajvi_0_44.png,aaf288795f0c282c901f243a845dae94
test/aaaaajvi_0_49.png,3f10d26a38d6d0447f2b2953856654b2
test/aaaaajvi_0_5.png,0e54032d6487298318ca3552c30103f3
test/aaaaajvt_0_0.png,d5158acc599d7a4b9fb47cc57e75b731
test/aaaaajvt_0_15.png,661bac7657ac3ec5b7dd56a5f4b7afd9
test/aaaaajvt_0_23.png,a989a7862a15b22ca3c0ab2c32c51f6d
test/aaaaajvt_0_30.png,85333301a40663550caae349a969dbb2
test/aaaaajvt_0_38.png,9afcc44cb1aeb9bf3f3465e23c5361c0
test/aaaaajvt_0_45.png,f0db96ea663e4cf4b4dfcb5157c9af11
test/aaaaajvt_0_53.png,ffad3da39c415622453e7404b20d36d9
test/aaaaajvt_0_60.png,34af4a8906f77958835f375432f5e153
test/aaaaajvt_0_68.png,0536eb69c959abbfbe1b2bb5daf854ef
test/aaaaajvt_0_8.png,bc6fcb681e8b72d1c706d9b37d7a1438
test/aaaaajvt_1_0.png,2ba0ac164251159498a0909c2f0b48c3
test/aaaaajvt_1_13.png,d44de04cb26276837101024b0c171b8a
test/aaaaajvt_1_19.png,6fb93ffdb0dab0489fe0bc611849d6d5
test/aaaaajvt_1_26.png,5bb091eab3164a80f7db376107ffea31
test/aaaaajvt_1_32.png,c40433b6b1855b395b7aee39648ba9b8
test/aaaaajvt_1_39.png,6e5f524e4312b1924a4e31c6d817b330
test/aaaaajvt_1_45.png,da14e51151b6bfee9101540dbfe04af7
test/aaaaajvt_1_52.png,527c8388e0d9a60202be528c2de367b6
test/aaaaajvt_1_58.png,68ccef558519d6a563b5075fbdd140cf
test/aaaaajvt_1_6.png,3e54ab28098a9ec5800aaadce1f12968
test/aaaaajvt_2_0.png,5a17ec1f031526fa537b5744c403a2f0
test/aaaaajvt_2_13.png,2546142442fb8f97f316ee6c8e67e93c
test/aaaaajvt_2_20.png,af7b88d218b1a0a4f3c6707da52c9489
test/aaaaajvt_2_27.png,66625969c35d03d985e1dd2ec87c166f
test/aaaaajvt_2_33.png,db21b6b975b385c2a393279508765d9d
test/aaaaajvt_2_40.png,286d54856e93c7b40559bc030421e833
test/aaaaajvt_2_47.png,c702615bc0ec834c65f505bd940c5607
test/aaaaajvt_2_53.png,5a0804d1539b75317539ccbfdb8d4d05
test/aaaaajvt_2_60.png,dd2706af0491570f477855fe06b0a172
test/aaaaajvt_2_7.png,a78d86fd8f2a10e71644eec4e9affcd5
test/aaaaajwa_0_0.png,f18f04fc0d8bcd081289221616dcec52
test/aaaaajwa_0_13.png,ae9bff249505f48b7c433e14011f89e2
test/aaaaajwa_0_20.png,8d556b4910ada558503ac148dfff66d3
test/aaaaajwa_0_26.png,5050d7fa23eeec825df4c550fdf8d00a
test/aaaaajwa_0_33.png,394585133ea931705669d3ffd9a956ff
test/aaaaajwa_0_39.png,092d19c100e6529b2bb9a9b72704d3ba
test/aaaaajwa_0_46.png,6e6b2376d2c9b3c09e67cba862819e41
test/aaaaajwa_0_52.png,661e67f92d8e15156f94edc138cbf9dc
test/aaaaajwa_0_59.png,b4e508384b8ddc609f70c3f610a39f81
test/aaaaajwa_0_7.png,927347764711b27ae3d7468bc3c5ff7d
test/aaaaajwa_1_0.png,0c47a24d8b4051b67ca13829ef0b51d2
test/aaaaajwa_1_13.png,ac94e9f6ff97e3e6a31da5475c67ac68
test/aaaaajwa_1_19.png,a7ecd334761d97977ba00dacd7c1e47c
test/aaaaajwa_1_26.png,3f2b3860aacc26acea4d093c6b72a5a2
test/aaaaajwa_1_32.png,95fbabae37a562d554caf1cb185b90c4
test/aaaaajwa_1_39.png,f484f496eaa3b053a8f39e17edb09aca
test/aaaaajwa_1_45.png,6ca58dadc3c74df25a5f5056e6f5507c
test/aaaaajwa_1_52.png,12da8e65dc190ceef7268fb09c7caaa4
test/aaaaajwa_1_58.png,6d7e2dd7b689d7b6dab673498a1921d6
test/aaaaajwa_1_6.png,939c63030a4e3bea84b22ce0d9e82aee
test/aaaaajwi_0_0.png,4a20566c4b1056dd60b7a0567d40baf0
test/aaaaajwi_0_14.png,32439024cd6fd5e0dcd189261400f23c
test/aaaaajwi_0_20.png,2736a45c1be450bff8c72c79de6ca87e
test/aaaaajwi_0_27.png,78c61cf18d08a9c81f2abdf4bd966c55
test/aaaaajwi_0_34.png,5bb6e2b25d12945df65dce67ca704c06
test/aaaaajwi_0_41.png,62d8c86941d35ec6857d76ed0eb6e10d
test/aaaaajwi_0_47.png,11ffcc4e25dab77b1ed984aa9c4c759e
test/aaaaajwi_0_54.png,987b07a904988e917ce2e2d408053ebd
test/aaaaajwi_0_61.png,14fb87261d469f87719137dab4b57a4f
test/aaaaajwi_0_7.png,5ca1e87139e047fe2515247f5430052f
test/aaaaajxf_0_0.png,801291e1a5db9994006d136cc14fc384
test/aaaaajxf_0_13.png,a1e399647977ebd77beb67335ec8b987
test/aaaaajxf_0_20.png,67cedf714d7b470e385f062bf957cb69
test/aaaaajxf_0_26.png,a9e0c419517e69ebd72f82ce36296a1b
test/aaaaajxf_0_33.png,f0af2defeb303c74fc6d794be1b883b1
test/aaaaajxf_0_39.png,9a8cef7615df48d8eb6334ed115e3b41
test/aaaaajxf_0_46.png,5646fa49f9c931d8d50a53884f0a81d4
test/aaaaajxf_0_52.png,e5ea7413b2250f02aa7e188f56329b71
test/aaaaajxf_0_59.png,16fd0176131726254e91c2bbe76d47cb
test/aaaaajxf_0_7.png,4e06e3a1ad9f75ee9feddb149f57c526
test/aaaaajxh_0_0.png,ce3468a810780e0e6b7d1c0c925b243d
test/aaaaajxh_0_14.png,6d552249a84beda6e9a9c4260bf4b3a1
test/aaaaajxh_0_20.png,148e6f9519464df891592a57dc13e3ad
test/aaaaajxh_0_27.png,faeb2a41743e2d22ba702ca42682584f
test/aaaaajxh_0_34.png,45aadeb97e6d86a666542e66ac5f6375
test/aaaaajxh_0_41.png,b09f1f46f21d719dac46e89105141f60
test/aaaaajxh_0_47.png,f0226ffbb4d368e4e8d104816da9c909
test/aaaaajxh_0_54.png,3f82ef2e193a59bef1c420951730546f
test/aaaaajxh_0_61.png,85d597f9bcf688727973b04327a43aa9
test/aaaaajxh_0_7.png,451b4e37d743870c2d04a1d75f7b48e1
test/aaaaajxz_0_0.png,82bd98ebae494d088c238bd6bf3ec046
test/aaaaajxz_0_12.png,d042257b3a148dceef3d44582db1532d
test/aaaaajxz_0_18.png,819d9ac8ceb598cdc2f96849465ed6e6
test/aaaaajxz_0_24.png,20846b59a01f0797410d341c282d9eb6
test/aaaaajxz_0_31.png,b4a9813e8ea05572206f2a089414b17f
test/aaaaajxz_0_37.png,76958e10f03c86a96ac3f33caf3da8e6
test/aaaaajxz_0_43.png,f7f690602676864809a31e4d1aa5b6f3
test/aaaaajxz_0_49.png,b6dd63d6ddb3a0ad87b554dab9b84e39
test/aaaaajxz_0_55.png,80185a15a2968940819dd9e1dee603f3
test/aaaaajxz_0_6.png,e0fbc6d78b5b8041a4779ba7797eb8c3
test/aaaaajyb_0_0.png,474258dea40e413de7b703aa9771d7c6
test/aaaaajyb_0_13.png,43bdbd3be0d906a3e75e4732ad0ef931
test/aaaaajyb_0_20.png,9691dda7a4482333d591ffa4473fc235
test/aaaaajyb_0_26.png,f61cec70627ac75b1fec4e364fc62f90
test/aaaaajyb_0_33.png,1fba29fe639b9daf86ba6ff2779f9caa
test/aaaaajyb_0_39.png,fb3d535dbeda18c6d4f6119318af4c17
test/aaaaajyb_0_46.png,2b44b85c6532a4018b062180c019038b
test/aaaaajyb_0_52.png,e773bebae87d755f8540c63b57179865
test/aaaaajyb_0_59.png,30d3e854c2b900932f7137035571ba1c
test/aaaaajyb_0_7.png,85d71a44d4ee768e4694c29a2e1bee27
test/aaaaajyl_0_0.png,6f4bd8e4b2a2f2e58dd13ffb64e402ec
test/aaaaajyl_0_107.png,8602eb3824232ed31128f0f9b6d4a1a2
test/aaaaajyl_0_125.png,0eb1a7b9903c8615ee2c49ff15d6b1e2
test/aaaaajyl_0_143.png,785ea668bb5716c5c7053060e82c50a3
test/aaaaajyl_0_161.png,653078a0c8e85c48b5a92b4452d20231
test/aaaaajyl_0_18.png,5fb58185b8011d95a69557202dfe1e68
test/aaaaajyl_0_36.png,eae30e7dc3583c09731c7236d98df1bb
test/aaaaajyl_0_54.png,1b50e10068ec0f9e2db73c35fb94c585
test/aaaaajyl_0_72.png,e840465f41ac067b0e65abb7a273203d
test/aaaaajyl_0_89.png,cad848f40c1c28a3ca7c108c28dfc0ca
test/aaaaajyy_0_0.png,7987759bfed5486c82278c40e7913907
test/aaaaajyy_0_16.png,84147e7d41ca9b6c1c38ec4ea63c6221
test/aaaaajyy_0_23.png,849b0ac2f31f94a8b27ccbf42f141c1b
test/aaaaajyy_0_31.png,26fdf640fcbd41ab9677fb060c834288
test/aaaaajyy_0_39.png,6527cccef7db94ece1011c66dd0178f1
test/aaaaajyy_0_47.png,69c1b77a289b2a68a26970ab14c1e8ab
test/aaaaajyy_0_54.png,0116fa3b8c0c1d679ffb8e10f7003554
test/aaaaajyy_0_62.png,0a7bbf775f4d3f42852ad52368d9c686
test/aaaaajyy_0_70.png,585fb063a8f130469e4cd4e34a619427
test/aaaaajyy_0_8.png,7d019fec942f4ab47190dea3a42b9e3f
test/aaaaajzc_0_0.png,61085cc5a4eaf4b12d6367b076e2ef9d
test/aaaaajzc_0_14.png,8c0729b6f18cacb9b3aa2d14d72ce59a
test/aaaaajzc_0_21.png,8490628e356f1a601b413c1c404fe46e
test/aaaaajzc_0_28.png,298f562936a5ea67b65e96acdcf0b7a5
test/aaaaajzc_0_36.png,73db37a5ccc82858dbfb3d7701881b83
test/aaaaajzc_0_43.png,05499c01c1009fb8890c7d0c67d21e35
test/aaaaajzc_0_50.png,224ed7c063dd88ac3894ef4b55897c8f
test/aaaaajzc_0_57.png,d361af3ccd0c0be375e28e7c9dfe73d9
test/aaaaajzc_0_64.png,05041574962b0fa85adce891cdbf3c14
test/aaaaajzc_0_7.png,c034645c99efa75962ac82fc100d94e6
test/aaaaajzc_1_0.png,524b1fd5f910a1f448f1799d9006f2ea
test/aaaaajzc_1_112.png,3e7111a1c4e957a661ab49be399a54fa
test/aaaaajzc_1_128.png,089d68b0ca0a516edb9a3c2d103023f4
test/aaaaajzc_1_144.png,902f5094a45f2bc976a5885a8bd351df
test/aaaaajzc_1_16.png,a44196e1403f5dc5fb562a8e7d84717d
test/aaaaajzc_1_32.png,5602c3337e737bd688c53281d09b8154
test/aaaaajzc_1_48.png,55d3a40554f709f7538f2fcc06dbdf67
test/aaaaajzc_1_64.png,84f0811a3860f19d6a183ecbcc19d2fa
test/aaaaajzc_1_80.png,0a6b7cd3301ad9a02d0636b51de5855c
test/aaaaajzc_1_96.png,d12dc47a2748cc308062633b13dceacb
test/aaaaajzm_0_0.png,d801ecd4b529b7deca921088263ef58a
test/aaaaajzm_0_14.png,69f947a0d1acb4c70cdd33c716a5ba4b
test/aaaaajzm_0_21.png,2d3bf73b5c48f882aee6c1ed88370f1b
test/aaaaajzm_0_28.png,91840658beaf4dc3abc89fb7202508cf
test/aaaaajzm_0_34.png,f054a9088413e00fbe98fc8437b262ad
test/aaaaajzm_0_41.png,34da17549d1a8fe575d67c4e5fbee573
test/aaaaajzm_0_48.png,8810be91434e7d0a54302d32d4b6810a
test/aaaaajzm_0_55.png,8dd8f03cd12bda74ff122030670a54f9
test/aaaaajzm_0_62.png,d9642ff8781a9500edd777584f66f542
test/aaaaajzm_0_7.png,0dd9215a86d0cf0178a4ef45484d92eb
test/aaaaajzm_1_0.png,d5843784f60a217022e9d27ca6cd8743
test/aaaaajzm_1_13.png,fd7083c1ec0ce9cd41cfb3586a0284fa
test/aaaaajzm_1_20.png,e441109b5eca3803528bfab9a4520b86
test/aaaaajzm_1_26.png,4855006c19a54f62b1cc62d5e32077dc
test/aaaaajzm_1_33.png,1ad23bba96975ebc12a5291872fe75bc
test/aaaaajzm_1_39.png,896a0736d2b64051166cd3f4584a1e77
test/aaaaajzm_1_46.png,35a1cac8f98d12ae4f051d593e03884c
test/aaaaajzm_1_52.png,d6afcde4f90c8f44b9b3213c63fd048f
test/aaaaajzm_1_59.png,2e99e2278e6674328a78c19c58c28adb
test/aaaaajzm_1_7.png,9abcae1fafcecc75529a7b41349a1cab
test/aaaaajzm_2_0.png,08749a4306204a32ba9f47b3b780a17c
test/aaaaajzm_2_13.png,ca4c8a17eee2ab6e8305bd83581d6aec
test/aaaaajzm_2_20.png,8dc043ac6d70867de63fad0f40600f47
test/aaaaajzm_2_26.png,bd0056a53e4f9af9cd4ea17418108514
test/aaaaajzm_2_33.png,afe3fe8c074b4df697b481a14c9b8764
test/aaaaajzm_2_39.png,d4cfa635e4f77df76ba4522e4865b60f
test/aaaaajzm_2_46.png,63c952bbad538187786b5399d2f37838
test/aaaaajzm_2_52.png,b1d5b7b6bad0f34cc15a97881bfef781
test/aaaaajzm_2_59.png,f978b8dc9b93380e5ec4b6c708b97456
test/aaaaajzm_2_7.png,fcfa8f9c2d1655cf6fd01db84f055de4
test/aaaaajzo_0_0.png,4aae6ad3ab5c44fa3c2d934626fa4219
test/aaaaajzo_0_13.png,9e658b6b5d0ed0f512e0fffed0cbdcaa
test/aaaaajzo_0_19.png,9fc90fd0d1327520f47c02ec69ff2fac
test/aaaaajzo_0_26.png,9fa4453ca23a36de0b9247a14393d623
test/aaaaajzo_0_32.png,2e1bc49639b4fd160d686740dc9f9f14
test/aaaaajzo_0_39.png,5b60e39fa54be2b1b820cbf509bd451f
test/aaaaajzo_0_45.png,acbfba0e4cbb236dc47ff2f3aa34de57
test/aaaaajzo_0_52.png,d81744e55028417267865c05368c4c0b
test/aaaaajzo_0_58.png,344c53607c97a747a668d577991b1214
test/aaaaajzo_0_6.png,f490ff178420cfe5c59cff78a64ca108
test/aaaaajzt_0_0.png,a086cf5294aca4db1a826d0a869f9dbb
test/aaaaajzt_0_13.png,4dac01ddf1ff38d4c8612ac64e094007
test/aaaaajzt_0_19.png,934fed48e0175bbca92f82a409d24cb8
test/aaaaajzt_0_26.png,43d9687ffd4c476f8e112a2482abc02c
test/aaaaajzt_0_32.png,d73ecc56fea5cd0c4ea29598522573f6
test/aaaaajzt_0_39.png,7b667b9a67383b1087d219d00558aaa4
test/aaaaajzt_0_45.png,c2a01752be3066230d53383a03223682
test/aaaaajzt_0_52.png,38f300128608048131ae9847410d801d
test/aaaaajzt_0_58.png,7147584b1012510348dbf635ba3adc9c
test/aaaaajzt_0_6.png,fc63c676d15708eeae16c98bb7521f87
test/aaaaajzt_1_0.png,91b8bd0bfdcf3e58a0d3efd7311da63f
test/aaaaajzt_1_16.png,30c60936b6010c932702b02e2dc23163
test/aaaaajzt_1_24.png,b4b687352d1f3765dcd265948dedc6e9
test/aaaaajzt_1_32.png,cb03c9093fe27fafe447d7fa17654db4
test/aaaaajzt_1_39.png,aa47a14478808394d003cdb98b8a2653
test/aaaaajzt_1_47.png,74e8054192801aa538efc6bb4924c4c5
test/aaaaajzt_1_55.png,5fe73c82359b7df3833fa842ee0eb2a6
test/aaaaajzt_1_63.png,708ebf6d28766f2b25732202fa6c34dc
test/aaaaajzt_1_71.png,0c75c2b78951fca75035e7ebcc35a91e
test/aaaaajzt_1_8.png,f9f6ba1a18efc9a782473d6b64e6c1d0
test/aaaaakbi_0_0.png,9149083cf24a5b09cfa4ca44478a8323
test/aaaaakbi_0_14.png,e9c265b4654499a2ddff89d84017125e
test/aaaaakbi_0_21.png,0d826842f6fbcca01b73d54823e8f7f4
test/aaaaakbi_0_28.png,148cf1912add5558f29b82a8fdac5a35
test/aaaaakbi_0_35.png,6e65f42445f6c494c930c7cb4353d7a8
test/aaaaakbi_0_42.png,76448c928ce4c540ebc016ebbbaab163
test/aaaaakbi_0_49.png,5ac8bc347f313c9428b7c27ec88428bb
test/aaaaakbi_0_56.png,14460f951a10f40e1fbd6558d8a2c318
test/aaaaakbi_0_63.png,144b718fca8b80c87d7c62d48d88c5dd
test/aaaaakbi_0_7.png,bb79c49578bbeda796c3411bd17e5316
test/aaaaakbo_0_0.png,4186cd2162949ffbd4199d22d30da25e
test/aaaaakbo_0_13.png,60afb1da5df825ce2c98232569d2661d
test/aaaaakbo_0_20.png,a0117fb3a99e080cbb3a898633c89d78
test/aaaaakbo_0_26.png,14cc669defd02024970149321746bc00
test/aaaaakbo_0_33.png,fa01a692a56b07713247df8b1b11ed08
test/aaaaakbo_0_39.png,66b074b153c2e0c20053c162dd29747c
test/aaaaakbo_0_46.png,aa83345553a8be2f844782c832cb973e
test/aaaaakbo_0_52.png,6f4de831fc15e4bc15269492541ec2cd
test/aaaaakbo_0_59.png,60ea9ae92fcdcd2007776832c21fd019
test/aaaaakbo_0_7.png,1efdea9b0785312a2703b1b0c6a045f4
test/aaaaakbp_0_0.png,23359ebf6e3efb475130e5b4061a10f0
test/aaaaakbp_0_13.png,df9ad328a7d9d8c75d8dbd1b910dcb35
test/aaaaakbp_0_19.png,89dbee74f4f38849b8452cb7f1c6258a
test/aaaaakbp_0_26.png,ad9440015e268925930f1827654c6831
test/aaaaakbp_0_32.png,b305392d9cf689f69afe902ce2bde8b5
test/aaaaakbp_0_39.png,8acee57cbc271c17b5f787d88087f4a9
test/aaaaakbp_0_45.png,d7595454bb89919af8a6eb6248f2b1e4
test/aaaaakbp_0_52.png,4e6baa584c18685f0a81a6e74567c853
test/aaaaakbp_0_58.png,402a6b9381eb609fec05c0a2f67ff668
test/aaaaakbp_0_6.png,d49f4341bb0dfc03ce949b92f0cd9234
test/aaaaakce_0_0.png,50de2b92a7431668c895ad1c9f65dedb
test/aaaaakce_0_15.png,96d58b5741b3e5f3f8063a28544108f2
test/aaaaakce_0_23.png,2c019da5d045b1b1315c9f2368aa3af6
test/aaaaakce_0_30.png,bd4759e1f622c17d84df22cd6bcb3a46
test/aaaaakce_0_38.png,2810beace90a986044e484e3e316f794
test/aaaaakce_0_45.png,08601d52c4ccf052f0e4d21b298e7a85
test/aaaaakce_0_53.png,563c3fed6bc95193a7bb8973e9053ba5
test/aaaaakce_0_60.png,9d41b850d6112f70464e023ace4a2dad
test/aaaaakce_0_68.png,fbd189950c6689ed36dab212d3c4144f
test/aaaaakce_0_8.png,9f22ff00c501ff0ee743f2f79644933a
test/aaaaakcg_0_0.png,7eb74b9d8abdefa0361b0faaaf8df916
test/aaaaakcg_0_14.png,00155bad950a3ed5000e78647fcbf5c0
test/aaaaakcg_0_21.png,47ff052630f1a973d04c222247e04ecd
test/aaaaakcg_0_28.png,278b68e155e487f38e49f7a142610ba0
test/aaaaakcg_0_35.png,70b5bbefe8d4618ef79588874b174f3f
test/aaaaakcg_0_42.png,41909474b16e5168925d0c6de74e6576
test/aaaaakcg_0_49.png,a82d62caedba32491fab7f6b98b02b21
test/aaaaakcg_0_56.png,e3483de9eaea39a98cc69ca385e808a2
test/aaaaakcg_0_63.png,5a8b052de53c6519cec98943962408e0
test/aaaaakcg_0_7.png,46205d7e92c24eaecbfb2277b831b63b
test/aaaaakcj_0_0.png,6d9355899e22fe277d406e7fa61599b4
test/aaaaakcj_0_13.png,9749b9608d6e3fdd3054f806921c36ff
test/aaaaakcj_0_20.png,79cc1d54be8e637a63fc31a3915a18c9
test/aaaaakcj_0_26.png,67df2e7267de47642ae61355ceedf62b
test/aaaaakcj_0_33.png,40cab570b9dc74491ff00526ec6afb86
test/aaaaakcj_0_39.png,345ae08f97c2f23441596ea537e47e7d
test/aaaaakcj_0_46.png,7e7aa8093096f3ed9e5e6fe37c804c81
test/aaaaakcj_0_52.png,9bbd9bf973b801ccae3605aabb4b8b3a
test/aaaaakcj_0_59.png,060cddfab70c7f924f3bc26eea5620c9
test/aaaaakcj_0_7.png,219671bcae360780bcdefdab8fe2f9f4
test/aaaaakcv_0_0.png,1473a17138b7fdf81637a65bd3ac234b
test/aaaaakcv_0_13.png,0f41a9f397072cbf0ab12aa7ba1585ad
test/aaaaakcv_0_19.png,df80d9e51c8074fbb60aca0b8baa959d
test/aaaaakcv_0_25.png,ef8423267fa3eb0477ca3321a7313b32
test/aaaaakcv_0_32.png,893b007cdc34fb68982241b64dd6e9a7
test/aaaaakcv_0_38.png,0947f8de137d2bea22390546e37f979f
test/aaaaakcv_0_44.png,d347951223ba17f3abe9e53622e9b21c
test/aaaaakcv_0_51.png,643a14ba5514e8a7e6cb985301b78002
test/aaaaakcv_0_57.png,1d47fd97670c96421869a8d9f84fe047
test/aaaaakcv_0_6.png,00984f76e9b3045bc9075cb6e0385e90
test/aaaaakcv_1_0.png,190cb5e90a8f64c8ce369ff6c0cc9576
test/aaaaakcv_1_14.png,d06c82334e957a85d9ec93985f00ccd5
test/aaaaakcv_1_21.png,62410c16b9e818daa049e60d83599614
test/aaaaakcv_1_28.png,62d7714bcaa481fa644bed8490cf8047
test/aaaaakcv_1_36.png,7573273752ebc147c05410a6849f007a
test/aaaaakcv_1_43.png,1d42af13f69e59ef19cfea661a2c1be3
test/aaaaakcv_1_50.png,52c854d25c0a595daf12634c2d4c5a27
test/aaaaakcv_1_57.png,716f6c724b5ad411fc1def155b59ddf5
test/aaaaakcv_1_64.png,9ed50af5cf42891f67bdc0b283dfca3e
test/aaaaakcv_1_7.png,c670abf8a5b4700ef8b96b8a6ca21e52
test/aaaaakda_0_0.png,d55891bd3b41f8ea4ed626fa1200c671
test/aaaaakda_0_10.png,a0cfb9470f7788186bb27a088588d012
test/aaaaakda_0_16.png,5cabb4f295024c5b40c32f5d168069b7
test/aaaaakda_0_21.png,d01bf9cd04027a44323b6da6aafa5f25
test/aaaaakda_0_26.png,29369fb1b6de4c547eeae8289fc5309f
test/aaaaakda_0_31.png,faf806fff4872ff4c25089f3300d28c5
test/aaaaakda_0_37.png,0f228a84b95db11d203d8a2596d1b2bd
test/aaaaakda_0_42.png,42bb98a57418ad3c15a8cd2702b1f3b1
test/aaaaakda_0_47.png,8c627b1cd35a77b8b2093c023d0d12ff
test/aaaaakda_0_5.png,ba84082bd77e9209eeaf970407ffdaeb
test/aaaaakdh_0_0.png,250310d6dfbcdffb0c7028985242e024
test/aaaaakdh_0_15.png,b42ceead54a16045d2462c445f285237
test/aaaaakdh_0_23.png,19f13593ee95283d6d4239afeafc24a4
test/aaaaakdh_0_31.png,b48efa2a05aeca097e7423370e2faf11
test/aaaaakdh_0_38.png,2cf997203b051068febaee8849fc2003
test/aaaaakdh_0_46.png,e9b02b571eb77e46fec995693177bf8d
test/aaaaakdh_0_54.png,e72c22401454660eb19a7f75b544aaf1
test/aaaaakdh_0_61.png,6a4ce60ce1c7d56ec506a7b00fd1729f
test/aaaaakdh_0_69.png,752a3e7a8f2b96ac83989f375bca6082
test/aaaaakdh_0_8.png,b5127a3efd44ca9cff5ebe63d4a18f6a
test/aaaaakdm_0_0.png,c115d9b86cd14e42cab3c084a81a91b6
test/aaaaakdm_0_13.png,182eda8b2c17c0e964fa8af8b081b725
test/aaaaakdm_0_20.png,50cd027ef951ba6365fd011412c207bf
test/aaaaakdm_0_26.png,504356b7d22a9462a099762145d734e1
test/aaaaakdm_0_33.png,8a709a6791d3572ac2314326abb0300e
test/aaaaakdm_0_39.png,67dab4c59f5b16747387a32389c389be
test/aaaaakdm_0_46.png,451696f338a59a23cfdf6c21e488f443
test/aaaaakdm_0_52.png,a50a220971dd6a5a5b0637f63dc301cc
test/aaaaakdm_0_59.png,7516f13e624cbd41198f90b8fca1b051
test/aaaaakdm_0_7.png,ebd06c1df94b809cd85bbdac994bc300
test/aaaaakdy_0_0.png,acaca819f91c921e8b30e363f14e8ec8
test/aaaaakdy_0_13.png,e7d9739faedd8e974804e24c53da13d7
test/aaaaakdy_0_20.png,9e02b01c1a28b6e83e6894d86b28a2b7
test/aaaaakdy_0_26.png,df222232e491025260e70564b49c7aa4
test/aaaaakdy_0_33.png,e5006ced070ab9f20dfec75b8b28b97a
test/aaaaakdy_0_39.png,07693634dfb4b4c5aeb502a48e6e2cd4
test/aaaaakdy_0_46.png,7c96e1262673cc6deafebde4b8c7e2e8
test/aaaaakdy_0_52.png,3023a543812e3a1f8e3fa0c80010d337
test/aaaaakdy_0_59.png,50e7f16eff5a05e67210ee9b9efd7036
test/aaaaakdy_0_7.png,115778256783a40f696d16562ddf7097
test/aaaaakgc_0_0.png,bf4c3bdade707d46464cc5c478fc2732
test/aaaaakgc_0_16.png,83a99008c72eac13bd76dc78f2ca6b0f
test/aaaaakgc_0_24.png,971ee9f197e30202ad76b862dc16e584
test/aaaaakgc_0_32.png,e5d06189286bc3821d809a7e3b92dbbb
test/aaaaakgc_0_39.png,b97771562ffbdd74db6952764b6c7bf9
test/aaaaakgc_0_47.png,92229fcf3b30625f22d482c40b063ea7
test/aaaaakgc_0_55.png,9511114ea735cc056ac92aead3acf308
test/aaaaakgc_0_63.png,f979cef5d88effef9cb2c7b2d6c4e676
test/aaaaakgc_0_71.png,0859dee18462a58d6cc1ad17566ed51f
test/aaaaakgc_0_8.png,7e59c15087b2ca4eb93e06c70c371517
test/aaaaakge_0_0.png,cb70372ca4253bc54d4e45bf5084ce62
test/aaaaakge_0_14.png,825caade63b3ca076e0b4d6acafc7a47
test/aaaaakge_0_21.png,afc6642733962cb78316443c2f333c0f
test/aaaaakge_0_28.png,7a7b5314536eaba3cab9c9a5d8dda911
test/aaaaakge_0_34.png,e936f767be2cb6405cbad9ecada8ecf1
test/aaaaakge_0_41.png,23f51cc17bdc220b178fdaf4a13a62de
test/aaaaakge_0_48.png,cabaf3bc8f6582924e94e4ad1e36f251
test/aaaaakge_0_55.png,710c947ec8dd48094a248818ed6598e2
test/aaaaakge_0_62.png,29b33ff9663f03c5201e77f2d1062ecb
test/aaaaakge_0_7.png,cec45ca2d205ac4a7d582c5f576aa7ca
test/aaaaakhn_0_0.png,44fe0ddc3ca8a20602630e343a8f2087
test/aaaaakhn_0_15.png,742dfe0989b683854798a4d5246968d8
test/aaaaakhn_0_23.png,d6b4a522a794c60c577d8e008fbacda2
test/aaaaakhn_0_30.png,4df01997675f7c03008f58ee3b8ea37a
test/aaaaakhn_0_38.png,9edab223ff85d260aaff6b7e843838ea
test/aaaaakhn_0_45.png,cb13c441b74fea12f14aa1788cdb0768
test/aaaaakhn_0_53.png,23d36b57827aac88d6c9f03110987b8c
test/aaaaakhn_0_60.png,f396f233b2a825db5aac13a5134a643c
test/aaaaakhn_0_68.png,8de1a8c520687b33aa22f7fce1995f1e
test/aaaaakhn_0_8.png,917348ce4b06e4676c15398c5118390a
test/aaaaakhy_0_0.png,6a857943e4f6c2cc419cb1bee7626f7d
test/aaaaakhy_0_18.png,6f6b147c8c0c81cb8d3140a093e12646
test/aaaaakhy_0_26.png,038a2d649f999874319aa4a8e866bf0d
test/aaaaakhy_0_35.png,4f3293b7ecc8d4cdb5eec2f4a22e9336
test/aaaaakhy_0_44.png,88231446767d21a236606652cf0fce49
test/aaaaakhy_0_53.png,6d417ae1c62ebd43deb40816f45f2672
test/aaaaakhy_0_61.png,639b75c03e0419b7a6dd04d81a9019dc
test/aaaaakhy_0_70.png,78b5b387e7375440b38ec1918031e2fd
test/aaaaakhy_0_79.png,0c4f68a374694deec128a4d12aac0205
test/aaaaakhy_0_9.png,21a19968c5936a3c61e2f9f6696c4a3f
test/aaaaakif_0_0.png,274e0cf77069b21c74cf13a6030260b5
test/aaaaakif_0_13.png,eb50687ba151556798f04d641f05f9fb
test/aaaaakif_0_20.png,cd7a16ff5f83501190894ac0889b3f02
test/aaaaakif_0_26.png,9a02cd1a3353319d47508b070129215a
test/aaaaakif_0_33.png,db0cc8c4e99149006e0e008afc04b996
test/aaaaakif_0_39.png,9621545607a512d298b9252273b96ef4
test/aaaaakif_0_46.png,48355945d436ca878973f0e4b89d7f4d
test/aaaaakif_0_52.png,5b25a607318889e9abe7c07f36f50022
test/aaaaakif_0_59.png,cad1d92649f3e6d4e30ab2314e0d1a23
test/aaaaakif_0_7.png,6a75b9541f5a225f9998ae7957ebf0d2
test/aaaaakif_1_0.png,6ff772f41bceb597865a19efb0354f71
test/aaaaakif_1_13.png,c43165b3a186a482147bc909c23b4721
test/aaaaakif_1_20.png,ac5c38b45aea3215e70b0a368ace639f
test/aaaaakif_1_26.png,c3a1aae172bfdbb40a2d5cd3211c0209
test/aaaaakif_1_33.png,07f6c70021987001a6e79c90b33ce166
test/aaaaakif_1_39.png,72ac7eb5f97d2720bbb25110279a13ea
test/aaaaakif_1_46.png,4475f3a57ac52e8a3f75b30e158ec306
test/aaaaakif_1_52.png,67b6210610d8f1757ee366c972d721a3
test/aaaaakif_1_59.png,7941d608860f4b8e53aeee9191fa9b1c
test/aaaaakif_1_7.png,a78caee9a828292562cdc368e59326d1
test/aaaaakjj_0_0.png,43121dab6effb0ca83f13210ed3f51c3
test/aaaaakjj_0_16.png,08c9c734e7a87f6dac770645f151e97d
test/aaaaakjj_0_23.png,024a3ebc99dcdca59e8775342dc9d884
test/aaaaakjj_0_31.png,4bbebe593f7fe73718db93cd3de8859e
test/aaaaakjj_0_39.png,0660f3d3a471230199d25d119623c403
test/aaaaakjj_0_47.png,14916be7de28cb2d333c04bb6433b758
test/aaaaakjj_0_54.png,4fd48f8b675df9d06816f5a49a7fb54b
test/aaaaakjj_0_62.png,a2f77e332c05f72b9c9427042548ac1c
test/aaaaakjj_0_70.png,5120bf7fda50da1573a52a96427722c3
test/aaaaakjj_0_8.png,c4c78c7c2a0a8a721e8b6df966568618
test/aaaaakjn_0_0.png,9381d751ba8ccaab59cd117fbfe5256e
test/aaaaakjn_0_13.png,6f7531df0dc2f02745173f1f4885a8d9
test/aaaaakjn_0_20.png,bf0433559752abe0942561b6be3582b9
test/aaaaakjn_0_26.png,852c8794a748392cc70d4c06b48b031a
test/aaaaakjn_0_33.png,2b36878e8b58fef87172889669052053
test/aaaaakjn_0_39.png,a5fd53b1f3976e43563789dde7a7f084
test/aaaaakjn_0_46.png,7b25dd597980c239d76885c868c8c38c
test/aaaaakjn_0_52.png,4824d3ac409c3c117f1790a917fbe89f
test/aaaaakjn_0_59.png,a9a1d75d56c5a06bd53f15071b9495f3
test/aaaaakjn_0_7.png,a9a091b9709331ad790fb5cfff9ef88d
test/aaaaakkb_0_0.png,a882b9a614eed91f950598d0c93fa16e
test/aaaaakkb_0_15.png,121fb0ee0899c26f456f2521eb4330c8
test/aaaaakkb_0_22.png,cdb5f710318e970b457dcfd2ace2e7dc
test/aaaaakkb_0_29.png,f4fced717aca12d2ceb6d25fcb5bdbde
test/aaaaakkb_0_37.png,09e9f922f375d7153b5a0170141a73fc
test/aaaaakkb_0_44.png,1d3dd01888d0cd11ce101b4fe8c6f503
test/aaaaakkb_0_51.png,a830da4f6955416d9e480a3d612887e7
test/aaaaakkb_0_59.png,9449766b44706303e91bddd59bbd4264
test/aaaaakkb_0_66.png,1b1bc48f9cde7b8ef968bfeb812028d1
test/aaaaakkb_0_7.png,dab57ab002eac17394f36b9601930d92
test/aaaaakkh_0_0.png,c4f07996a6fa8d1280566e76d1daa1ec
test/aaaaakkh_0_16.png,d6fb82f78aca4476d81ec0dec7a27305
test/aaaaakkh_0_24.png,eac5828b55cb7bd2ebd3e628d610a218
test/aaaaakkh_0_32.png,04dbd2e9aaa51c084f8dce5d5e7a2772
test/aaaaakkh_0_39.png,ccf75dc4c533e985d19b5e3e2d8925fe
test/aaaaakkh_0_47.png,1dcfe7e6f900e435de6e4a2d9cda73f0
test/aaaaakkh_0_55.png,11dbf724683860f4c222c404e0fde43b
test/aaaaakkh_0_63.png,d0d3fcc91f28ddc63645a3563ff6f47c
test/aaaaakkh_0_71.png,f9984170368e6191025220f069681930
test/aaaaakkh_0_8.png,bc57498f62dcaa159236996e2368fc6b
test/aaaaakkm_0_0.png,67f18d3e0009522a736085c6df9b31b6
test/aaaaakkm_0_108.png,810713502a0df742288f17425a8c1d5e
test/aaaaakkm_0_121.png,3a7fb6e61e62ec783e907e40696f75e4
test/aaaaakkm_0_13.png,d9ab4e905915b397cddfb1591e8361dc
test/aaaaakkm_0_27.png,0fe0d5d6a9220de34732bd5b24e3c038
test/aaaaakkm_0_40.png,dffa5953c944c761589b542e55af120a
test/aaaaakkm_0_54.png,5bf5957e52efdf2ae3ace859c60ebdf7
test/aaaaakkm_0_67.png,a54f02068529bcdf6534d2e529fc1e4e
test/aaaaakkm_0_81.png,e8ec44195114387351f56a1b468cf082
test/aaaaakkm_0_94.png,6374b9d2e617b56195fdcf20cb0c2460
test/aaaaakkm_1_0.png,ab9242e3d9057a935b64bb6c06d27361
test/aaaaakkm_1_14.png,65910b75b77b279ef5cb32e59f8d7263
test/aaaaakkm_1_21.png,c1b9b4a11e56ba5f06f22f11312c3871
test/aaaaakkm_1_28.png,82af156d454d55bb42eef7e5cc076a3e
test/aaaaakkm_1_36.png,c672837124dd3e7b0f8e83c187ca61c9
test/aaaaakkm_1_43.png,e92043d9580d2df1618c51a9ce97f6e5
test/aaaaakkm_1_50.png,12e56454929e09a8b4e40cd38d4b347c
test/aaaaakkm_1_57.png,cee93c08784154ffcc18784ca5a1c1dc
test/aaaaakkm_1_64.png,d6f4bb3976c518319062e69d7d92d03c
test/aaaaakkm_1_7.png,30e280230d4583f685b722fb9efe95ef
test/aaaaakkm_2_0.png,8c59cbec145233011c7ee474e0ef4dee
test/aaaaakkm_2_13.png,7fcf47a7de7d57ee5b8f4db62efb6e64
test/aaaaakkm_2_20.png,e80b1c12942059fadd9ff2fa99d20f64
test/aaaaakkm_2_26.png,4e3ec4df654d23907b917cfdde2a31ef
test/aaaaakkm_2_33.png,a865c56ed2071002d3159d5e7379e88f
test/aaaaakkm_2_39.png,e4f18891d217f89874e4d9d057dc9ab0
test/aaaaakkm_2_46.png,78e349e2d7137d1fbdea1c64ca02a627
test/aaaaakkm_2_52.png,58f299c01489fa4928fabff87d73a435
test/aaaaakkm_2_59.png,be63472a6c31ac85a025ce5a41402f90
test/aaaaakkm_2_7.png,46ec28d0ef18d4b82062b83af0d96a0f
test/aaaaakks_0_0.png,f59a95c1a9d4caf5b45320bdb3f26f6b
test/aaaaakks_0_105.png,05a93965d28bb477b85ee656d6c1e416
test/aaaaakks_0_123.png,f97d2cb250ffd1429a4c572fbd900fc3
test/aaaaakks_0_140.png,e4dfaded930e7cddd5bac61a8b0b2d44
test/aaaaakks_0_158.png,57c581ff1d2c662a4f8ba187e59a7b24
test/aaaaakks_0_18.png,6491a2ba31e8d751c1007d2b8495fd94
test/aaaaakks_0_35.png,7fc2da67599d765b2f6b2a833e520462
test/aaaaakks_0_53.png,1c1d96000cb9c928b4f62d97c77d11a7
test/aaaaakks_0_70.png,8b107234414059d7bd4622299d657240
test/aaaaakks_0_88.png,c5c6f7d8866f17834ddab1b5b15adbd1
test/aaaaakks_1_0.png,e4b25590f83db0c0ed93a5ca1054caf2
test/aaaaakks_1_13.png,30efad828ea8ea8aaa3d8b081dd5afe5
test/aaaaakks_1_20.png,51d900dff35120f5df64fa4c27a57418
test/aaaaakks_1_26.png,d6c03f864a4e30373a3dd7a5736bcb78
test/aaaaakks_1_33.png,4cb9868721dacd0c4cc940d772429c49
test/aaaaakks_1_39.png,b97cc7f454ab1e1d302fb5ed7d54fae1
test/aaaaakks_1_46.png,b54d7c0720eb7a3b819e1162f0819ef2
test/aaaaakks_1_52.png,4a6c2ad52e27fa5dfd18efacaceea255
test/aaaaakks_1_59.png,946ea93e2f3836e195822c27f19f6108
test/aaaaakks_1_7.png,f557714d75dfeb6b324488813c564642
test/aaaaakkx_0_0.png,9256d6837ea15f9d297cadf70e0b94c2
test/aaaaakkx_0_15.png,8c925957e01f5f8f8efd72b82ee2f443
test/aaaaakkx_0_23.png,b087eb64793aeedcea69addbb2aa2c86
test/aaaaakkx_0_30.png,895b78ddd9949c334323afc06d6b5317
test/aaaaakkx_0_38.png,29c8ea29a6ef46f1b0f746288bb50fe8
test/aaaaakkx_0_45.png,490455bb0c033bc4b719ee36149b8c96
test/aaaaakkx_0_53.png,d428232dc593ab66e4d65e660fbe24ca
test/aaaaakkx_0_60.png,da3fe029669f73ea6ff3877a152fc2cb
test/aaaaakkx_0_68.png,b3bfb5885fb46db9bd503ce06f6174c8
test/aaaaakkx_0_8.png,ae1ef834637bff7cda126e5e92ea38d6
test/aaaaakkz_0_0.png,5066ea6805323341ae0825cc5e10b63e
test/aaaaakkz_0_16.png,9754bc4228ed9256129f69c805bd0bdc
test/aaaaakkz_0_24.png,f77685f8797f051cb8fee9d9e723c6e8
test/aaaaakkz_0_32.png,0928e76dbfdbd3d90ebb345bbd3046ec
test/aaaaakkz_0_41.png,d3b4ff5f53d1b7a068779fd7edbfc320
test/aaaaakkz_0_49.png,c7555b0f2de024e6f6d9b1c1b1902214
test/aaaaakkz_0_57.png,d3f8bf0a528618397672129c94046cd9
test/aaaaakkz_0_65.png,40b282ea9cb99330ba2e7deae392ccec
test/aaaaakkz_0_73.png,d653bfd4fb436b8f8cdb31ddb55c6771
test/aaaaakkz_0_8.png,2986c987d445ef1673f65fd04d7fe580
test/aaaaaklc_0_0.png,73e08eeb0ca3c8ba1c9ac838f83d038f
test/aaaaaklc_0_114.png,6046ea519ec90ab0d91cac1c0bc05cf5
test/aaaaaklc_0_130.png,7c3aaeec81b835743a9d8842ac5cab5e
test/aaaaaklc_0_146.png,74f53ef2a6823327f8e9f481616c725f
test/aaaaaklc_0_16.png,1d2a0abe0fcfa97faa8bb842c6e08476
test/aaaaaklc_0_32.png,3cf49594bb981dea00c2b616f8e4d58f
test/aaaaaklc_0_49.png,5c03fdfd98b684ed3c9a1121d5099cff
test/aaaaaklc_0_65.png,4e6f7ad50eb02ea14e4da2c052501ce3
test/aaaaaklc_0_81.png,c44d13336204a71aebd1e5d52792f154
test/aaaaaklc_0_97.png,428cd990544114fe441fdfd538b63e68
test/aaaaaklc_1_0.png,54817fab0976e63cb16f987714400cb2
test/aaaaaklc_1_13.png,906444447dcb0312ca31f21ddcbde8c7
test/aaaaaklc_1_19.png,9e79e26e39bc57a7abef94aafbb95c92
test/aaaaaklc_1_26.png,e9c435ed65a7c05bde9287901a340748
test/aaaaaklc_1_32.png,cd8d1f4079ce5a25be54ceb8965769b1
test/aaaaaklc_1_39.png,ac1fabfcebfa1b1252fd058fdbb21919
test/aaaaaklc_1_45.png,95b5caccf86e4b0c294b995c10629b8c
test/aaaaaklc_1_52.png,1975db4190bf4d712fc13612c0f3f353
test/aaaaaklc_1_58.png,49c15891dcece8559db4d85adf056039
test/aaaaaklc_1_6.png,606999eb2fe5db0985a489f90daab5f6
test/aaaaaklh_0_0.png,3fffc08f67e684e35c754eba633b4257
test/aaaaaklh_0_15.png,64e904316870f7dedc5a4a266f8360fd
test/aaaaaklh_0_22.png,3ab6cf6d5ac45d19c0ede01e5af2fcf0
test/aaaaaklh_0_30.png,a5983c749f033d4d5249d17015ae0127
test/aaaaaklh_0_37.png,edda1f849a7a18d5a14c2b881c3a9370
test/aaaaaklh_0_45.png,987f3763a491c3659eef6af665c76f3e
test/aaaaaklh_0_52.png,6b144d7f2590827fcc8ee5ab06878d26
test/aaaaaklh_0_60.png,b1df807a61c97f1ee85ae04e30743cf9
test/aaaaaklh_0_67.png,ce25c219c758233b8299e6fbf462caac
test/aaaaaklh_0_7.png,24f1a37758a1e4fb43eb41759224f231
test/aaaaaklh_1_0.png,d625e2e27cb62ba920c33a15157fb01e
test/aaaaaklh_1_13.png,b2e5d0fb4e3329aae0ed205dbd209c40
test/aaaaaklh_1_20.png,513ba78a4a539a85893abbbd281a0b16
test/aaaaaklh_1_26.png,94c5dc1bb2fd59dcd24d455e9790e28f
test/aaaaaklh_1_33.png,37e9f676d769080430f791fa697769de
test/aaaaaklh_1_39.png,6e507c59cb445096aa167eb66d9f8287
test/aaaaaklh_1_46.png,52f23ecb591a5d12033307e727e25166
test/aaaaaklh_1_52.png,adee5cd2b9a0e7289901f3c4e87458f2
test/aaaaaklh_1_59.png,0cdf5d0895190148707db4096c6e37ca
test/aaaaaklh_1_7.png,054853e43e47565241394656ce974e7a
test/aaaaaklh_2_0.png,0d6c4bca366c44c19fd8d2acd59a3159
test/aaaaaklh_2_15.png,f6311bceb49a88158feb504dd313f41d
test/aaaaaklh_2_23.png,abdc0e4ac8301b5f6c61600b97105d7f
test/aaaaaklh_2_30.png,b6ae710f2cae6a83f2707696cbd5d3cb
test/aaaaaklh_2_38.png,ef8253afe686ffa3b2e80ac4d11a09cf
test/aaaaaklh_2_45.png,2fb4a6e4f35694840a381ccf6b9cdd66
test/aaaaaklh_2_53.png,a57db9bfe4cefeae1d5b273b26163353
test/aaaaaklh_2_60.png,c588450795b38fe24fc968edd8243345
test/aaaaaklh_2_68.png,d8ed99a8ca693ed2c10a5400909e85fd
test/aaaaaklh_2_8.png,9ed716e826b0b8f16c01d27128f01360
test/aaaaakne_0_0.png,a7dda4b4111d6caa08921b6b7ef4da97
test/aaaaakne_0_14.png,1c41b7e3388903abe189f505f26f42e9
test/aaaaakne_0_21.png,bc3820d7751ebdb83b4e98db25910b4e
test/aaaaakne_0_28.png,a9fcfdc6cd679090ebb4aa1deaf1b953
test/aaaaakne_0_36.png,ece86a138021f16e8937dd451dd6ade1
test/aaaaakne_0_43.png,deaf2e970c06fc198d397be264c8a6e8
test/aaaaakne_0_50.png,fb1a7c86f13c8f9c6792f8410e8b6b08
test/aaaaakne_0_57.png,ff0862e897d305a9bb4c233a915b6292
test/aaaaakne_0_64.png,bb67d88f0c1f437b4d24f60e1c8f72b1
test/aaaaakne_0_7.png,c32028cec7a07bdbea6af66d06321ef3
test/aaaaakne_1_0.png,ff91a10dbfd926c68954c271e89887c3
test/aaaaakne_1_14.png,382d137f4d413b0b729e80311e4b2e4a
test/aaaaakne_1_20.png,c6068a277b487d00e723a57d2de01ce7
test/aaaaakne_1_27.png,75f0b0342122a6f2497dffe70d33f8f4
test/aaaaakne_1_34.png,6a4e15628bf6912ee8749bed8928b540
test/aaaaakne_1_41.png,bca8bd094b9fee255993ca08f912d3b7
test/aaaaakne_1_47.png,6822552d25261d1dd3baaac0fc012a27
test/aaaaakne_1_54.png,38f546de75bb69fa2af254b5d8b3b551
test/aaaaakne_1_61.png,b7bb0970bbf8d189a479221c739ff3ca
test/aaaaakne_1_7.png,ad95731d44518219d40204bc82577f26
test/aaaaaknh_0_0.png,119b0be249d08704db3dcd98720ed8d8
test/aaaaaknh_0_17.png,f364ed48ab063085c3d5944179557d4f
test/aaaaaknh_0_25.png,c593ea27a64a052fb122636f3f954318
test/aaaaaknh_0_33.png,d2975e4a7366dc9faa93c4962aa2be80
test/aaaaaknh_0_42.png,b2112498081c26b164e38c1f121e3f7a
test/aaaaaknh_0_50.png,0d4f5528cffc425b657b564234251a59
test/aaaaaknh_0_58.png,cc402fb0ed7e226d608256ae0e0c1310
test/aaaaaknh_0_67.png,f05bec776f26919090470a16502eebe5
test/aaaaaknh_0_75.png,667393a612fddecb136a632d80303d6d
test/aaaaaknh_0_8.png,ed90c8426f3b67613e971c2e426d8e03
test/aaaaaknr_0_0.png,fea565a5984e1e340b936ed3b1d04f36
test/aaaaaknr_0_13.png,0f6a5bac735ce8fb7b1f9f9adbb6ac88
test/aaaaaknr_0_19.png,9f1b0915146e37f80379d197beecac19
test/aaaaaknr_0_26.png,43a40e12b9db97b5c491dfd47a0fd455
test/aaaaaknr_0_32.png,c4f5558804c3c9003bd1933bd217f313
test/aaaaaknr_0_39.png,c8dc6d5cfce11b59ce6398657153c008
test/aaaaaknr_0_45.png,4798547a01fd9a24085427dafd68f62a
test/aaaaaknr_0_52.png,d2886708b36396ea463a23ad97a6bab3
test/aaaaaknr_0_58.png,c32aa0e98c368c29391637bfc985d1ab
test/aaaaaknr_0_6.png,58a1cab459945c9a63f555c447318a97
test/aaaaaknu_0_0.png,bdbe470a5feaaf76c8e3ec09b451ea02
test/aaaaaknu_0_15.png,d07cb6cfad6f98eccaa9b72bcbc31854
test/aaaaaknu_0_23.png,7a78606b807ab8b6ed09471ea95da513
test/aaaaaknu_0_30.png,f23068ab8766d9609a664a59f71ef851
test/aaaaaknu_0_38.png,2132522c8235b19cc3139816549f1b17
test/aaaaaknu_0_45.png,826aba840cf75584215172523c80af11
test/aaaaaknu_0_53.png,5d3601c16784df8fd4100c9d9f159710
test/aaaaaknu_0_60.png,e2c15ceea22cf15a3a273e03e846d9d6
test/aaaaaknu_0_68.png,7655d354abc6045e9d8583061fc527c5
test/aaaaaknu_0_8.png,b47b5757f66e3dba46c6d4021ae6b4b5
test/aaaaaknv_0_0.png,7e0a53321592144ae7c167b22c0de21a
test/aaaaaknv_0_14.png,410acb30bc30a358c090559c47076105
test/aaaaaknv_0_21.png,bf7748bf45cb76ec63f0246936bde7d3
test/aaaaaknv_0_28.png,c3bdb2aaad165789953076e3a0f1fae5
test/aaaaaknv_0_34.png,933daf6a6207cdfa299b70561de7803f
test/aaaaaknv_0_41.png,38956935d3bde2a767152e61dfc8f84a
test/aaaaaknv_0_48.png,e54efebaeebf79d23573e82669951275
test/aaaaaknv_0_55.png,27f6e62cae012b9dca9c431bbe97d9c4
test/aaaaaknv_0_62.png,19ecd696c51d38dd5e0c9b7c3fcd174b
test/aaaaaknv_0_7.png,951675f12d07bed7f8020fead8ed129d
test/aaaaakny_0_0.png,d952e0c96ed5f20a6fc9b07f6d40e7fa
test/aaaaakny_0_15.png,b885374045dea12fbede574cb5295ea5
test/aaaaakny_0_22.png,9da6f546430774f5d1e75ccae461ed5c
test/aaaaakny_0_29.png,943301803cbe667343321d089f00d620
test/aaaaakny_0_37.png,425ea3a694896988a6beb0c3d02c8536
test/aaaaakny_0_44.png,51d07117269e92c6a4174cf55126c637
test/aaaaakny_0_51.png,5faca0e7f074a992c61d47145ba44af2
test/aaaaakny_0_59.png,b1bb3650e541b0f185d6fabd9505296e
test/aaaaakny_0_66.png,3091fa1ce6aadc18f06f299349466d32
test/aaaaakny_0_7.png,9114bc7404df098090fa98fc3f01c779
test/aaaaakny_1_0.png,33effe970416f72d6841c306b87327e8
test/aaaaakny_1_16.png,78d74b38987505314b65fed1d526f30b
test/aaaaakny_1_23.png,2878cb848ad171cd2c76e7f48ce1c509
test/aaaaakny_1_31.png,d61f94d98854f47502eab97013eac46a
test/aaaaakny_1_39.png,d6f9c5b00ca7c07a28b4a4855b06066f
test/aaaaakny_1_47.png,f86de70eb26e5f60984122a6ca3ac460
test/aaaaakny_1_54.png,58ebd604c0bb8f0bff6be07c3fc6d217
test/aaaaakny_1_62.png,a64f7c3fbb829e8cf5c2c955bb4996cd
test/aaaaakny_1_70.png,f56437689ff5750d7e9c88aaffd7a3e3
test/aaaaakny_1_8.png,fbff291662ad82b92570ecc3d7c78b5c
test/aaaaakoi_0_0.png,4811e735629e132742a06fc128cbee33
test/aaaaakoi_0_13.png,7abef6c85f00a842b13c5083624dee38
test/aaaaakoi_0_19.png,590b0f1322c5ef071f499dd99e657c2d
test/aaaaakoi_0_26.png,979d219c6055f2f17568fc3b4e6c71fe
test/aaaaakoi_0_32.png,7f8c3d1d4698d1eb88e7c2914304a446
test/aaaaakoi_0_39.png,049842a19e1f2bf6965659de78878e6c
test/aaaaakoi_0_45.png,8ed7ba8b7a0f2d49c158cdf3c41d06b5
test/aaaaakoi_0_52.png,d2f88fce87d90745a06b892d07d96018
test/aaaaakoi_0_58.png,3be30012257ec3c6dd25004d4da3959f
test/aaaaakoi_0_6.png,510c01c29fae63fc2adc3a7d26e5643b
test/aaaaakpl_0_0.png,d091f393fbf991751b490bdf626b79f4
test/aaaaakpl_0_13.png,df4ffcdac4c9075a8d8c30f046532766
test/aaaaakpl_0_19.png,32ae9b0e20437361499a5ce096494c73
test/aaaaakpl_0_25.png,d8a9cf3298f6f6a600636d001e172bc6
test/aaaaakpl_0_32.png,5a641c4a211078af846dbac4676b3623
test/aaaaakpl_0_38.png,99a8c400aa245cd5daccdb7bd043a324
test/aaaaakpl_0_44.png,1256a4957fbd34debfede498c0e002e7
test/aaaaakpl_0_51.png,75f7c394af96b9f5d823809637309176
test/aaaaakpl_0_57.png,ac161222a3319b5cc1b386f6c5d9b4b1
test/aaaaakpl_0_6.png,19d610795f7a5437201d30f997703269
test/aaaaakpp_0_0.png,c8a39454a1314b79cb6b27c058a31427
test/aaaaakpp_0_13.png,122572129b326f1519776c322805241c
test/aaaaakpp_0_20.png,220b0adca22706ea90c58fa5805980e5
test/aaaaakpp_0_26.png,e5fe85a97e7579984b318521ca74e283
test/aaaaakpp_0_33.png,e9f09c58e474c2011efb280ef59f49e8
test/aaaaakpp_0_39.png,d28631e927ab18f3dbe54e80f25e0609
test/aaaaakpp_0_46.png,197c0c0947de6125b3f5724ef1e50a1e
test/aaaaakpp_0_52.png,57ea345309c7b26969aeb0e27915051b
test/aaaaakpp_0_59.png,2dc79ba1eee2a92fc5a74f40c7504f56
test/aaaaakpp_0_7.png,6c81452646a06415e1d8384f41914bca
test/aaaaakpz_0_0.png,f33b5d94a36e1762e61a1acc97628e9e
test/aaaaakpz_0_16.png,782368b9107cccda33460b4e44477987
test/aaaaakpz_0_24.png,5cd50682fb3d8c914ba6debddd90f2ff
test/aaaaakpz_0_32.png,7fa0cf31759652338b26467502292ec9
test/aaaaakpz_0_41.png,3db5c562094e04ef9249a6ad1d7d6226
test/aaaaakpz_0_49.png,811e4c11c0e30aa2a67dfdb7935e294c
test/aaaaakpz_0_57.png,796e964b0fde706e5b1fb14e5a627357
test/aaaaakpz_0_65.png,28f2445dada40bacfb3debe7af9edc0e
test/aaaaakpz_0_73.png,856df3ee9d0a9fa7edd06002790d5af4
test/aaaaakpz_0_8.png,4f21c41e375a68ad257815d2683a05af
test/aaaaakqc_0_0.png,26103d8ac0c8f8db3d87004c20a25aaf
test/aaaaakqc_0_16.png,004fef1fc3ffcda91d7659cfb0577c91
test/aaaaakqc_0_24.png,6d3b35257893e47e84e910661e855c63
test/aaaaakqc_0_32.png,9c93756ee7dd7771286ae6f7fc4ddec2
test/aaaaakqc_0_39.png,d154ec52ccc27d59bad5ddac8b86b2f9
test/aaaaakqc_0_47.png,b47a003b30f25dfc09c8df4a1f456bad
test/aaaaakqc_0_55.png,44c2aab82d8ee3ba2114ae2c51a6c9f8
test/aaaaakqc_0_63.png,16453119fd59bd1d5247837205446b1f
test/aaaaakqc_0_71.png,58eecca796fe6d5d6de3513465138a2b
test/aaaaakqc_0_8.png,656e2741118e3b5a78ae4e83bb276859
test/aaaaakqe_0_0.png,93b13952ec29b39f333ce025bfff8905
test/aaaaakqe_0_14.png,1d1b60c0940a41418f94a97e2420e78c
test/aaaaakqe_0_20.png,e057185ea2c0dfffd77fc3e6804e5724
test/aaaaakqe_0_27.png,7b89e2a53534433b643ae513c572b90f
test/aaaaakqe_0_34.png,f236ad10f993b0556f062cd2a23a6e41
test/aaaaakqe_0_41.png,8755e05fe2d25804da60fba852c1de8a
test/aaaaakqe_0_47.png,10d80d1be0ddc52660b47466843ea71e
test/aaaaakqe_0_54.png,e75f84321545f295d803c78dbb5bf23e
test/aaaaakqe_0_61.png,db5167a6d4237fe94b12efd70f3c51da
test/aaaaakqe_0_7.png,9c21064ff1c09f5ad431e3e111bf8f85
test/aaaaakqk_0_0.png,32776b1fb535527f83c33d26ce4bb1c6
test/aaaaakqk_0_13.png,30c7cc42f837059a2ea53c15247ccf4b
test/aaaaakqk_0_19.png,64f1356a5cee2acee644205a55bd727b
test/aaaaakqk_0_26.png,893c7cf6af709de93195e9c4eb723fd5
test/aaaaakqk_0_32.png,25f059e218be016dc82381c7a1b68d20
test/aaaaakqk_0_39.png,eefaca48fa615bb609a982a11affd99f
test/aaaaakqk_0_45.png,cc922a026c00c2480596b8c62b617343
test/aaaaakqk_0_52.png,c44d4e85115ab2a9d59056d740834dc8
test/aaaaakqk_0_58.png,5819fdf50e1f23716fea17a58f9eb4fd
test/aaaaakqk_0_6.png,5d112f2646b2c9dc5206fdc914454c88
test/aaaaakqn_0_0.png,b2ad377438916525cab5538b3707c308
test/aaaaakqn_0_13.png,8f7e3aa17c3546f602fcb4ea9614e978
test/aaaaakqn_0_20.png,d954d9c3959ebfbcea4ff19d376bfff2
test/aaaaakqn_0_26.png,ec772e4958446f090c450097be9e2d1b
test/aaaaakqn_0_33.png,c882e5b6f59feb28abda555459e4f4a7
test/aaaaakqn_0_39.png,6d25a4e01be05d3aa06157aae1d80fb6
test/aaaaakqn_0_46.png,02ca033fdf727312bdcf22eebf171608
test/aaaaakqn_0_52.png,b82ec73ebbd021f4eafc624e0416a3f3
test/aaaaakqn_0_59.png,06ddf3040281b1413878e6c66852b9d8
test/aaaaakqn_0_7.png,c9471e3ab6ba95c1bebafbbd7e5f8d2b
test/aaaaakrs_0_0.png,5652cfef18450d9659125205f0149785
test/aaaaakrs_0_17.png,41ef115b8c73220013f8d521b5e92ee5
test/aaaaakrs_0_25.png,03947d492bd3b271d0212d9cffd119c4
test/aaaaakrs_0_33.png,92d8196356be25281ada85f08af56d9c
test/aaaaakrs_0_42.png,a46fb4eca8d9ea6eaa2036ad01c591c4
test/aaaaakrs_0_50.png,9168ca1bf46a3822cddde9cf0ac22040
test/aaaaakrs_0_58.png,8afca7965a35c6de0862979defabd011
test/aaaaakrs_0_67.png,c0e34e525ee5d14c779ed193b6937895
test/aaaaakrs_0_75.png,5a3cf431bbbc6dbe1708ba1baefa9dd6
test/aaaaakrs_0_8.png,c0cf987025288476af9b7feede3c1a1f
test/aaaaakrs_1_0.png,fd99765aecfa3fee1caffb9de4a83439
test/aaaaakrs_1_15.png,2d982d31919b1cc41ae564c63cb536b6
test/aaaaakrs_1_22.png,c590a68bcd0eabd673bcb1ace61dce69
test/aaaaakrs_1_29.png,344d056b38c798216b15544a99da624c
test/aaaaakrs_1_37.png,8e1e54a53034d244e7e4d8484cd467a0
test/aaaaakrs_1_44.png,9de476ce96bbffefa40dc00d017e0fc9
test/aaaaakrs_1_51.png,bbfd95bbbf689515b05c43e261616d25
test/aaaaakrs_1_59.png,58382d00d3d3a231af0c35a25346b3bd
test/aaaaakrs_1_66.png,ec2854266a548d39f1e8080c6a234c4d
test/aaaaakrs_1_7.png,2d1e82503cc71e28677dd6b4a8fa49e9
test/aaaaakth_0_0.png,cfc387d73d75ec46c29eb6a4f4d31067
test/aaaaakth_0_11.png,dae35716cd527c885a097b610556ca5b
test/aaaaakth_0_16.png,9fa5b97580056cbfeb7073421936462d
test/aaaaakth_0_22.png,0fd6e27ccdb94d873c69852bd095bf42
test/aaaaakth_0_27.png,7728d74aa9f87d8995657dc4967c3724
test/aaaaakth_0_33.png,3e463e20828f31d5f10343391e9f496a
test/aaaaakth_0_38.png,92fea718f640371bcd5d60297d3c1363
test/aaaaakth_0_44.png,71ef9c605a1575c80bc9eb1f0096c533
test/aaaaakth_0_49.png,a60aadbfafcdd7fcce76279942b3e46e
test/aaaaakth_0_5.png,8cf25b07ce00736e094ef93e8312a1ac
test/aaaaakth_1_0.png,25b1b021496fd51590a4d795d982ec81
test/aaaaakth_1_13.png,a654b797cd70f317946a99d9b20dd6a0
test/aaaaakth_1_20.png,f1d13b55082c4624f97bafed90b30756
test/aaaaakth_1_26.png,0ab5fe65b270a1e5b2e98f8284ccc9c1
test/aaaaakth_1_33.png,1bf62d9d4b9836511fdf62fc884073b5
test/aaaaakth_1_39.png,9d2eae56ea8fe825b95dbf4b1b83547d
test/aaaaakth_1_46.png,815c3258dee3c7ada041f337fcc13736
test/aaaaakth_1_52.png,687b52c5c55fd4cece3f5776dbd1c6d6
test/aaaaakth_1_59.png,b33ff279f931665de571bd62d998b99f
test/aaaaakth_1_7.png,7b78a4ae0305233568ed7963b285d506
test/aaaaakua_0_0.png,7d73eedf64d78d07f9c0b742ffbcf546
test/aaaaakua_0_13.png,d63e692563a5b83194dfef343a3a5fc3
test/aaaaakua_0_19.png,484c81d1b853ceb9cc55bc231a1f1c42
test/aaaaakua_0_26.png,0f52b520a94f432d662b04b759176f95
test/aaaaakua_0_32.png,2a298d370f00f322ce718ced1f49c14e
test/aaaaakua_0_39.png,117bd62c29606a46f97ef6a73b496a6e
test/aaaaakua_0_45.png,d68bdc96db3e22d9ddb77a3faf1beb9e
test/aaaaakua_0_52.png,41be54f2ec37b6e88cf552c6d3a4e10a
test/aaaaakua_0_58.png,c2991c6654fb3f44684f41446479a8e7
test/aaaaakua_0_6.png,0de5834f5dfb37328dcd5f2fd84b4acd
test/aaaaakup_0_0.png,7c9161e2e1e9f6c5db9cb27d33f6beed
test/aaaaakup_0_13.png,14a371de579661e0c224151cc4bad587
test/aaaaakup_0_20.png,facfd5b471bd197a0f076cca3c912bd1
test/aaaaakup_0_26.png,c565d3d27dd02c31d4be42f6c177b425
test/aaaaakup_0_33.png,f1dfc289ccda47482452189e8c0c1c17
test/aaaaakup_0_39.png,12c1bb42266ec9d78a0708ba5ff82b37
test/aaaaakup_0_46.png,cb685bb52017b852f5578f0e4ad1a647
test/aaaaakup_0_52.png,fdd68247fc04c16ee4c31f0b78f1874e
test/aaaaakup_0_59.png,94f79b382ed2e28cb964b25cac2b3cf2
test/aaaaakup_0_7.png,e23b2da5a59eaed15242423da9b404d7
test/aaaaakus_0_0.png,4d5eb1b36be0740bdc1783d9ca75c979
test/aaaaakus_0_13.png,bc31615d8e565d15b8cbd25435c88d15
test/aaaaakus_0_20.png,1fab318a9ce1fa4d942e93933578640b
test/aaaaakus_0_26.png,edab5f17990024f352bccb3177be7628
test/aaaaakus_0_33.png,083e199509d2d4509ddca99064739398
test/aaaaakus_0_39.png,64404c4c14956d96a05f7ec638ebd375
test/aaaaakus_0_46.png,bae5603466b6631705f222a83fa35d28
test/aaaaakus_0_52.png,17f6d1abe4f9dc8e6ea08848a6f7a3da
test/aaaaakus_0_59.png,4248d633eb28a11ab6fe5ae13d74c8fe
test/aaaaakus_0_7.png,efa3c396b4e047398f9df72bda0a026a
test/aaaaakvq_0_0.png,305561e0398a9032acf041cca73c7569
test/aaaaakvq_0_13.png,fc1fb170624a59990af775c10aa1262e
test/aaaaakvq_0_20.png,0cdab0ddeffb99ce40083ea703509c8f
test/aaaaakvq_0_26.png,5f69cfd12b6cda864a562982b4686bad
test/aaaaakvq_0_33.png,2c4d905e1b02db07f42791358bb21e0f
test/aaaaakvq_0_39.png,b5483c60538db6cc5bb1fbbc56cba489
test/aaaaakvq_0_46.png,592c3902c96e6ad4ff192bd1cead5c1c
test/aaaaakvq_0_52.png,fe6d57dd3d4a69109e43f7bdeb4fdf76
test/aaaaakvq_0_59.png,d923843fadb035b0207b904cbee1ca26
test/aaaaakvq_0_7.png,9a2c35a09368aa42a9965f5a2be33e26
test/aaaaakwk_0_0.png,089f4c248eb2c43bbd5d352cfb8a3624
test/aaaaakwk_0_13.png,a64e97608fa0c2cd5d895301dd64340c
test/aaaaakwk_0_20.png,37eb3a72a41c76e94b9f38f2492a607e
test/aaaaakwk_0_26.png,5c368bedff04e2d406244d7743343ce5
test/aaaaakwk_0_33.png,31e6d075bd68203ad66d5bb31cc1128e
test/aaaaakwk_0_39.png,319310109f2ede93c0a4cc157bba4d1f
test/aaaaakwk_0_46.png,05815b4a2421461609e10d4619294642
test/aaaaakwk_0_52.png,a73a8c01c907f2a416f64b8cde1198b8
test/aaaaakwk_0_59.png,da2fc6e2f0792748e06e21e30e7ddc5a
test/aaaaakwk_0_7.png,e9d275483c591df9430c579418797c25
test/aaaaakwm_0_0.png,5e32c103416c688c5c0c1d9e0ad0e357
test/aaaaakwm_0_10.png,5bb55cd074266d8198dbd2a8bfc5f8fb
test/aaaaakwm_0_20.png,fea0bca7f9cb3eeedeed147e56f49231
test/aaaaakwm_0_29.png,bcbdcf4b13d66c817f70d47acbf9895f
test/aaaaakwm_0_39.png,5954889a51bd23c1564655e8fc0529e9
test/aaaaakwm_0_49.png,beb477af0d7ded7b4b88889be724e2af
test/aaaaakwm_0_59.png,b45f1a9c648e7631267b200b00e39138
test/aaaaakwm_0_68.png,194b0cedd6a3508a584f029d1256c882
test/aaaaakwm_0_78.png,7c70f8a04923db2881c0bdeea03f549e
test/aaaaakwm_0_88.png,986ee873a6f9f4f9a3aa8bc038ccaf4b
test/aaaaakws_0_0.png,b260091eaa1bebcc14dba473782e8930
test/aaaaakws_0_15.png,02dd6829638adb511a3b126ceba065ac
test/aaaaakws_0_23.png,bffb5de3a18464af091b33d69bb1f84b
test/aaaaakws_0_31.png,8b486337e39d479d742de73859d15530
test/aaaaakws_0_38.png,0d1b82a4de0717214f11b3a971923c9a
test/aaaaakws_0_46.png,b2d347aa60f4c8d588034b9110a3aaa7
test/aaaaakws_0_54.png,082a068561b21db734775e841d9ea913
test/aaaaakws_0_61.png,73df1ef90371b373426db4ae244f59d0
test/aaaaakws_0_69.png,72b0d1e8bc3854b9cadacb26b3b1fbf7
test/aaaaakws_0_8.png,3a530876260c5ab9dade035e419fd353
test/aaaaakwv_0_0.png,726ba6a732d231cdff537aef65c7dcff
test/aaaaakwv_0_16.png,beb304dfa2652b06cc2aed60a7fb6fee
test/aaaaakwv_0_24.png,9c13bce7e1f05a7892681802385536af
test/aaaaakwv_0_32.png,207193afcad84c6d438564dc4e98889c
test/aaaaakwv_0_41.png,3bdf4567f11749953bee398b2f79ad26
test/aaaaakwv_0_49.png,3ca3365e7bd131a613d257e8a7d21e9e
test/aaaaakwv_0_57.png,c45382a788b4b0734106a3f03bf4f1b9
test/aaaaakwv_0_65.png,b3dc1d1e3b906bff532bd9abb8f5eb1b
test/aaaaakwv_0_73.png,93ab6fbfdb97c9d94a0b4ea28de52a80
test/aaaaakwv_0_8.png,f964fbcc915feefe9979bfbc1d56a141
test/aaaaakxe_0_0.png,156b5f47a8e51aaf4fa92f420c914d9c
test/aaaaakxe_0_13.png,ca4c1a73c9481d760c24b941386339d2
test/aaaaakxe_0_20.png,6585dbf5d2cd7d402cf50cac9d0ce2bc
test/aaaaakxe_0_26.png,da777c8d965ca252c5f34beb715e7a1a
test/aaaaakxe_0_33.png,f7510ea72ac0265bd3c0585f27562894
test/aaaaakxe_0_39.png,bc026de4dd6de85cb536d6d639c7584b
test/aaaaakxe_0_46.png,bcd470fbd555cb8e9fdd98f7182d23d9
test/aaaaakxe_0_52.png,cf79d548e09c6e718a4248ae406e8c11
test/aaaaakxe_0_59.png,0cca01b06830b8bda9b10e058439cd64
test/aaaaakxe_0_7.png,eec12cd05632c7e23b689ea18ee424fb
test/aaaaakxo_0_0.png,9a2fa2fa28420429d4026531c64d6bcb
test/aaaaakxo_0_13.png,612714ac0a1262f90451a519359ad236
test/aaaaakxo_0_20.png,0c700b9ac56edda4dfbc67ea0cddca74
test/aaaaakxo_0_26.png,aec8cbb24e123edb7dfbc1dff54df1aa
test/aaaaakxo_0_33.png,da0c345c6c706fecb3cf04c874e7b167
test/aaaaakxo_0_39.png,8ccd4c679777574cb942f39df6a3f1c7
test/aaaaakxo_0_46.png,dc267b406b3b1eb6a5ebc8da5f94af06
test/aaaaakxo_0_52.png,96f8a84137878398fee9c3a08ab65641
test/aaaaakxo_0_59.png,18c72ec97c119fd17067037ee6a38e55
test/aaaaakxo_0_7.png,80cb540110d9e2cac322073478d878a6
test/aaaaakyz_0_0.png,349717d87a34e46769312f345ab041b7
test/aaaaakyz_0_15.png,ba36005f7fc17e9855e79d97ee5d7245
test/aaaaakyz_0_23.png,8f5a0df7f9e2cbd7c89631032484d519
test/aaaaakyz_0_30.png,e360baafe999527d5c098062304533f4
test/aaaaakyz_0_38.png,17d8157287e787a7efb56d88458ad8f6
test/aaaaakyz_0_45.png,cb1c2f84b9c8145f280ab855d8b2b7c5
test/aaaaakyz_0_53.png,ebe17fc2d1ab9117b0ffed68b4059f79
test/aaaaakyz_0_60.png,210827cc5d3dd1c5bba01d3aed06b4c4
test/aaaaakyz_0_68.png,e4678adaf8606d149bdb086372b5a206
test/aaaaakyz_0_8.png,d4bdf86bcaea6b4b3a401101820f6141
test/aaaaakyz_1_0.png,475007e08bca523a2d65b79b9d266260
test/aaaaakyz_1_14.png,ddabb872fadee7eb542bf373e9ccf466
test/aaaaakyz_1_20.png,ed077b1c62b3ee7895aea4d2587deed3
test/aaaaakyz_1_27.png,65adc3a06deea28839470eda3fb5de86
test/aaaaakyz_1_34.png,6a2982759db2d33b217a6d465cd1fbca
test/aaaaakyz_1_41.png,aa231b0b26024ce30c9e39dee6147704
test/aaaaakyz_1_47.png,4ee09e465dc26ef3d37c1404d692b8e4
test/aaaaakyz_1_54.png,50e860fe1f20733332562337e2822d0c
test/aaaaakyz_1_61.png,047054d93e487999591693c6e814e496
test/aaaaakyz_1_7.png,6a70574d5b0d402eb63473d53b0de62d
test/aaaaalad_0_0.png,60652c4e57998b08904d17eecc5b4cfd
test/aaaaalad_0_16.png,edd760cd832720d31420e893af4f7383
test/aaaaalad_0_23.png,fa27f6bed7d8b07dd64bea65c55e2f8e
test/aaaaalad_0_31.png,645167979a95b10c10b55d171c27dca0
test/aaaaalad_0_39.png,47189490c3b47a7917925b6371a77708
test/aaaaalad_0_47.png,584fb7936d782a311538802c9ab263dd
test/aaaaalad_0_54.png,a226d848a9b3caa4fef00b71f1602d72
test/aaaaalad_0_62.png,f162c7656821b6de9b6517e73a02e70c
test/aaaaalad_0_70.png,75633791b443ed936ec26c0596e0c32b
test/aaaaalad_0_8.png,6da4be2ce4fb78cb04ea26f86892b458
test/aaaaalas_0_0.png,d90f13ab359e7f96880d203dfe006391
test/aaaaalas_0_13.png,0840615700696a1c5d4685da9e2b09a1
test/aaaaalas_0_19.png,5dee27b94237488e80e92d8b5898ae95
test/aaaaalas_0_26.png,b26a1ad5f4e8e108b95c73ec73d0500e
test/aaaaalas_0_32.png,9db51c5b87cf6d6e4782aab47049ee1b
test/aaaaalas_0_39.png,7b32960f0981f4af6d7e28e694513126
test/aaaaalas_0_45.png,2a747759e04836a7681f3ec65f9012a0
test/aaaaalas_0_52.png,7d01cde7c6c5ecf75d74330a5fab5023
test/aaaaalas_0_58.png,2ca152d5ba5b0f4c0d14b8b9ad7524ed
test/aaaaalas_0_6.png,3fca0b39d4a2a77f547fd1c5705df225
test/aaaaalay_0_0.png,0642577844d0c15ff63f51ffdc4f20ba
test/aaaaalay_0_15.png,41c07be7dd272c4ce11db0743bb9a21d
test/aaaaalay_0_23.png,c0bb7acdb5d6d9eee3b75a702285ad7f
test/aaaaalay_0_31.png,6d809d5adf518513a4e245d53b2282da
test/aaaaalay_0_38.png,fd67e037c58eeb3dcd5cb9b99630d756
test/aaaaalay_0_46.png,1265e85b9092ef63efcad37dc6d6a7df
test/aaaaalay_0_54.png,1e8a14ca10cfe484a457e042ab6567b1
test/aaaaalay_0_61.png,7c6c826c94ae3c41313cb439331786fd
test/aaaaalay_0_69.png,40147de516a5d9267740dc782dd0beb2
test/aaaaalay_0_8.png,7df3530884bd6c30089342b31f65ad12
test/aaaaalbe_0_0.png,505401b1a5f794b00eea035155de4543
test/aaaaalbe_0_13.png,5b2619c92f92763f8e2a2006818b6829
test/aaaaalbe_0_20.png,a51be7ccb2acff8fca9c241ec5419b0c
test/aaaaalbe_0_27.png,b127638f1a374a05e160165b23883868
test/aaaaalbe_0_33.png,3d34904883f102a8777706d81ba452e6
test/aaaaalbe_0_40.png,3ff968ca55dad9a9eb4e5b017fcbf048
test/aaaaalbe_0_47.png,a0bf24d3ccfa40fc618c7ef0317c9c13
test/aaaaalbe_0_53.png,e1a5590b3f7a05badb1acdbd36745ecd
test/aaaaalbe_0_60.png,a4c5428def955a721584544fbc0f6dd1
test/aaaaalbe_0_7.png,78d1bbc14331618490c793d0608c7d9e
test/aaaaalbk_0_0.png,c101e763029d7e22a5f4af35fda56d16
test/aaaaalbk_0_13.png,43ddffe32302a3074a6b39e8fc3135cc
test/aaaaalbk_0_20.png,87aadf5ee6f03e119f638c6772992c7e
test/aaaaalbk_0_26.png,8d2dd64c17349dd80e2f8b55ae8982a7
test/aaaaalbk_0_33.png,3e6c620844f5b512610af16d497528ce
test/aaaaalbk_0_39.png,b24179d7b8fe6541962d67616c2ccb3f
test/aaaaalbk_0_46.png,ff30d30ef82c920d809c656fa1689c28
test/aaaaalbk_0_52.png,4a6df2b65b210049951527612f767c5d
test/aaaaalbk_0_59.png,1cf4ce68a85903bc2a06d55ecad42fd0
test/aaaaalbk_0_7.png,a7ef498aba9ea11c5658273081e9caba
test/aaaaalbo_0_0.png,7aba247e74852f0ca2d88df1035f7d4f
test/aaaaalbo_0_14.png,6b2a735eb63fab68e5b2c67ceb1c0748
test/aaaaalbo_0_20.png,44d4c943e8423696e4f300e4145b707d
test/aaaaalbo_0_27.png,d25f86f0a0f2e098495c21483475a9b7
test/aaaaalbo_0_34.png,cd0b05e7175c9404fa956ef2ce7d4756
test/aaaaalbo_0_41.png,cac9013584f0ffa092f86eeac9bf4da1
test/aaaaalbo_0_47.png,52a8c0060b4f61b161cd1ffdfa7d2009
test/aaaaalbo_0_54.png,3ffa7b0e6d6b68ffd9c780ea825c413e
test/aaaaalbo_0_61.png,ea20f8be489b4483f49b4cd0bd51f0e7
test/aaaaalbo_0_7.png,203a512fb803ddc9bcd3b25ba9abcce2
test/aaaaalcy_0_0.png,102c373a236bf8e860b6369135d0904c
test/aaaaalcy_0_14.png,2297a01836785d83f195ce1d5810dadd
test/aaaaalcy_0_21.png,b9a17dca96da6dd399bac47ae354fd49
test/aaaaalcy_0_28.png,2f5c7ac3d264fdf458ec248a9d936404
test/aaaaalcy_0_35.png,5f391b3328122ffd3d4557451126c32b
test/aaaaalcy_0_42.png,98b6805aaa76c9357874ae9838a5b87a
test/aaaaalcy_0_49.png,b28cfe27a8cd1dea54a4b3c8d9313a5f
test/aaaaalcy_0_56.png,a57d6fa1b22e945a74c58b4c9f17ea07
test/aaaaalcy_0_63.png,f6fc93285e76457c40d84b4b9f10bec3
test/aaaaalcy_0_7.png,c38c20b7c9574351b6d89422c370b0ca
test/aaaaalcy_1_0.png,4037d2ad7b18dcc7c303050f8ebe32e2
test/aaaaalcy_1_13.png,a67fd92587d1fac96a94b305ec103d72
test/aaaaalcy_1_20.png,dedc799f2462e278fd4add5879ee0045
test/aaaaalcy_1_26.png,c6de45fc291012680c0901f9d7af45ae
test/aaaaalcy_1_33.png,42d292c44e8f26354fa490df24431cb6
test/aaaaalcy_1_39.png,278bf92ca806d13242af8010ec89952d
test/aaaaalcy_1_46.png,5c65d280f0adc6f5f9615495a07b483c
test/aaaaalcy_1_52.png,ae6c61630f1f4d15217f1631ea8b8e01
test/aaaaalcy_1_59.png,ab19e6c97265be763e3c6c6fcd401440
test/aaaaalcy_1_7.png,961aec7dfd14d82894f928334631ddfc
test/aaaaalec_0_0.png,9bc5a218b017b5efb60fb50de7caaa69
test/aaaaalec_0_13.png,d835a8f4faa8cbc0812339f01f5a514a
test/aaaaalec_0_20.png,c5e9c94e98fc3c32f1312bef5a2ca9a6
test/aaaaalec_0_26.png,21c51d419890d7b75cea79b23a6f5625
test/aaaaalec_0_33.png,c509848799e0164f2bfa59e5d9963c82
test/aaaaalec_0_39.png,94a378b93e1607ae9eb7641dd198b712
test/aaaaalec_0_46.png,11fbbb54c67c18144ccb49c61e4419a4
test/aaaaalec_0_52.png,861890449bd758c74c971010dcdf7edf
test/aaaaalec_0_59.png,b83c7f5208e828441baf9604cad62707
test/aaaaalec_0_7.png,a872d43ad0f4b0f87886c18e1682c53b
test/aaaaalge_0_0.png,ec496ea16884602fde15e76c744ad8ba
test/aaaaalge_0_16.png,625f0c0364ffbaa7752e7da182bfdce1
test/aaaaalge_0_24.png,a9d73047cd3d395dcb33bae0809c66e6
test/aaaaalge_0_32.png,1cc26ba6782cf495ed5b8a7d366c53d6
test/aaaaalge_0_40.png,f5714f7894f711e3a5657fe52ac4aa28
test/aaaaalge_0_48.png,52b35866e1af5532762dec9d6a154ed4
test/aaaaalge_0_56.png,bfdcfac78c2ede8f285f44c41f280924
test/aaaaalge_0_64.png,40626572de4505acc5331132c8a6a765
test/aaaaalge_0_72.png,7f7aade58a92ad2c467fce9f2266f4b4
test/aaaaalge_0_8.png,45b5b0f21aeb85e471f0f0d9aca51693
test/aaaaalgn_0_0.png,6d7b6d3a4f1a58656cf2feb530379deb
test/aaaaalgn_0_16.png,049e1851a7b51ddc680e3499ca4e88be
test/aaaaalgn_0_25.png,a377ac69afcea81e574ef4277ff173b2
test/aaaaalgn_0_33.png,d9913bdd25441e6802b8d156f522b61f
test/aaaaalgn_0_41.png,8b03e007f0070b3c1a83668cd9b623ba
test/aaaaalgn_0_49.png,c7a3498f1c9869f222c5528aa2bf87eb
test/aaaaalgn_0_58.png,eb92803f57ed776fd73f14567ba5fdc9
test/aaaaalgn_0_66.png,f109c5ec52cec593a98803ff089f7f28
test/aaaaalgn_0_74.png,3d5b969bd016da10f67fb0272c63d2a3
test/aaaaalgn_0_8.png,16cb691ce8377fda0f6b5f281f12e29e
test/aaaaalgv_0_0.png,96cd8a03003afef783183d918e1a1211
test/aaaaalgv_0_13.png,cd0a21dc8ec60e91de17cde3c43cd67b
test/aaaaalgv_0_20.png,d2a71cfd69166bd100d6efd69e2ca750
test/aaaaalgv_0_26.png,7aec4333c33c5fd7abcd1dae8066b855
test/aaaaalgv_0_33.png,5733563c5cadd8798bf36c10d807efc4
test/aaaaalgv_0_39.png,78f38ced9907a1b86265327072942f12
test/aaaaalgv_0_46.png,2797148a70aaf84ba5985fe72f8e4c3e
test/aaaaalgv_0_52.png,85708950ebe709431ab852bc8add23d3
test/aaaaalgv_0_59.png,f89c7ade781ac7e4e0a60c8fa73e5e65
test/aaaaalgv_0_7.png,c69df811a066479c88d7d27c5a4217f8
test/aaaaalhd_0_0.png,5d8e1472d15c578bff90db9b83d5fd13
test/aaaaalhd_0_15.png,9ad63ca9ee6177d4cead6d5f0510395d
test/aaaaalhd_0_23.png,8dde194e96aa1ef6eb7b32c7ec25a738
test/aaaaalhd_0_30.png,590e916677314791e5b5021f60514b05
test/aaaaalhd_0_38.png,d90a36bcde4a2c59a7543109bce72979
test/aaaaalhd_0_45.png,10b3f77dbd20db0837c4344f5b75b9fb
test/aaaaalhd_0_53.png,6e5a716af6a43862e8f3bcde1ead218d
test/aaaaalhd_0_60.png,61903ff795bea8c476a2580c432e1bb5
test/aaaaalhd_0_68.png,e81e7c336fd39bbc7d95ccae8ba518e2
test/aaaaalhd_0_8.png,dc36613823d5e50c353cd3f069c80318
test/aaaaalhi_0_0.png,73d87e231ca2d7a4ecfe5b8c4049b7a6
test/aaaaalhi_0_13.png,510b187d0294b87ea4fc5775819fb691
test/aaaaalhi_0_20.png,72c421bb8e7315bed5ba70b345f172a9
test/aaaaalhi_0_26.png,0df4a03ca1df7f58ca11ad5d4039f406
test/aaaaalhi_0_33.png,44c043440128c2bd40b682ea68b03a55
test/aaaaalhi_0_39.png,45f3b4cc2d8f7d29408c1dd2f9505c38
test/aaaaalhi_0_46.png,cf948abfba4974955b689b1048827d81
test/aaaaalhi_0_52.png,25a9cf11e8eb000ec10548b99456febc
test/aaaaalhi_0_59.png,9471b105d4718440f9bf293233c236aa
test/aaaaalhi_0_7.png,5f6559b1af1800bff7676f7bb0c4a8b4
test/aaaaalhi_1_0.png,1de9f93986e08acb85e76c47f486b4c1
test/aaaaalhi_1_13.png,52b1026a6f52e9b2e7ce1eadf7ef0c83
test/aaaaalhi_1_20.png,8dd0c10d1a47297c89d76686c206bc53
test/aaaaalhi_1_26.png,87f5bc410278f15664c4d0343621057c
test/aaaaalhi_1_33.png,fdc156d0898e29b660b0412bd69ec99c
test/aaaaalhi_1_39.png,cf4736b211d44558ac79d8a5c0d02eea
test/aaaaalhi_1_46.png,25bf02bc082f33034a7785d2a355f4dc
test/aaaaalhi_1_52.png,812f4669b00b868c8c2504327c606728
test/aaaaalhi_1_59.png,30a0d2eaf11101b271ae7f4f577092e8
test/aaaaalhi_1_7.png,b512e382a7154ec2250c5d3fac8c79da
test/aaaaalhq_0_0.png,603849f0282c9e5ba3d526f198d79088
test/aaaaalhq_0_13.png,0af84cdf42dc6873f2814d531532f280
test/aaaaalhq_0_19.png,de04cd03362cd2e072b39960f2e56e5f
test/aaaaalhq_0_26.png,b6a9ff85dedb60f0b24b86da128bab7f
test/aaaaalhq_0_32.png,f2377dd3dc54b22a7fbea8989f8a7627
test/aaaaalhq_0_39.png,6ed8ac401bc6d7c094588f48ac6b3581
test/aaaaalhq_0_45.png,f8dd5fe9977477c71bd5e9a2062d7d08
test/aaaaalhq_0_52.png,f3491a041deb19b666b0873f3aa20ca1
test/aaaaalhq_0_58.png,a27adf9437e8f286213a2ee8a89f103f
test/aaaaalhq_0_6.png,0f260ff445c481769ce4c293bd7aaa5b
test/aaaaalhs_0_0.png,12d39e82afa3ef84cea38ff7208ba8ca
test/aaaaalhs_0_14.png,b93b07ff01b0a42fd2fc572adc72a050
test/aaaaalhs_0_21.png,d42fc15c173e4bdce9ab53c866e1dda3
test/aaaaalhs_0_28.png,d255a7a50b6088dcdd3ea99630e246db
test/aaaaalhs_0_34.png,6373f52e8b36e94b2069f4979bbe9117
test/aaaaalhs_0_41.png,57d60ba0909ac55868d3aa8dda910954
test/aaaaalhs_0_48.png,6c9209ce2c6d75d7b8310537d27ca687
test/aaaaalhs_0_55.png,fa39f351e419acdba2df96bc01e54b61
test/aaaaalhs_0_62.png,3031294c2deb9105ade5a00c92aec9ff
test/aaaaalhs_0_7.png,98ffae814f9dac2de55e6134e52fec39
test/aaaaalhx_0_0.png,af9ea6dbf2269ec03fca2ae4740997af
test/aaaaalhx_0_13.png,25506bf465a41de88a7e8a752e46a1f0
test/aaaaalhx_0_20.png,f9a4358495140346bb239726807a699a
test/aaaaalhx_0_26.png,f4d0427a79e063cf22481e552b04753e
test/aaaaalhx_0_33.png,817426e08b24774cb11bccefcf333a62
test/aaaaalhx_0_39.png,66a9486da4a64d2c9266f54bc6a5cc80
test/aaaaalhx_0_46.png,e32d704e6ae5624ae8476a4a1732170f
test/aaaaalhx_0_52.png,33a9ecbf1c9747a6bbdc552e1a40466b
test/aaaaalhx_0_59.png,77b00020436b5de1d91e9dbab6c2195d
test/aaaaalhx_0_7.png,87bcad6c6d58741a46beab84f818b3ef
test/aaaaalic_0_0.png,5576e85375c918cabf6cb8fc12f6c0fe
test/aaaaalic_0_14.png,95209d58b09b9c5ca57f7ace48c26547
test/aaaaalic_0_21.png,3133efde87a2b94931c7300be8814fdf
test/aaaaalic_0_28.png,706e4d7ba5bd8e68182a161c4eefa195
test/aaaaalic_0_34.png,22dd107342f6acc32662241ddddb6922
test/aaaaalic_0_41.png,d73c20aad42c73ddd8bcfb9e5b5cf939
test/aaaaalic_0_48.png,7aebc428cb681199b987d113c6c26b89
test/aaaaalic_0_55.png,46d4ec03d766c73d8023637456f13b5f
test/aaaaalic_0_62.png,64f77077212f16aae4ef5bc412680176
test/aaaaalic_0_7.png,652addc8d842a654d2babe68d5b13865
test/aaaaalip_0_0.png,09124f18a92338d5b87e590c4d835ca2
test/aaaaalip_0_18.png,64e701f0456e17454bd98a1f18fe3610
test/aaaaalip_0_27.png,048fb2d8d1601cdf75a142bc7ccf1cfd
test/aaaaalip_0_36.png,a6954fae99452726ed65c5a7d12a13cf
test/aaaaalip_0_44.png,2fa660f8f90c191dcdd443d4dab88243
test/aaaaalip_0_53.png,273ee20acc6d1b71ef25afb63370db53
test/aaaaalip_0_62.png,0cb483755b7114fd49acf1b7c1996986
test/aaaaalip_0_71.png,6cb7112f7353795bd6a856288e113ad7
test/aaaaalip_0_80.png,28b9bb7e35a3881b8a3bd36204ac2188
test/aaaaalip_0_9.png,84865f013a4b5f3c4aff2c8d4761bc5d
test/aaaaaljh_0_0.png,ef1f87f3a805c0e355f114859b542896
test/aaaaaljh_0_16.png,3f33b3fae50916b3ed8f234b5c51b84c
test/aaaaaljh_0_24.png,a1e660b389ead2593fdc389eea120bef
test/aaaaaljh_0_32.png,e797384b9006de14b4a3246b565909f5
test/aaaaaljh_0_39.png,96bda539cf9a71fb3ba38da59c7b5c80
test/aaaaaljh_0_47.png,a45125aff8efeaa51710a47c8cb5642a
test/aaaaaljh_0_55.png,7a588e3d86a4cea75dec7eb99c4abcfd
test/aaaaaljh_0_63.png,704e2e3e3fffe8fe4e009453872ad3f1
test/aaaaaljh_0_71.png,eb09fced42c3914f8a29c3806226b93e
test/aaaaaljh_0_8.png,1216204a9ae178ed83557b5e6292c290
test/aaaaalkh_0_0.png,c513d257852c3340251f12edb7e0520c
test/aaaaalkh_0_116.png,c9e631078ea8a2f3585f4a65e1e10697
test/aaaaalkh_0_135.png,333f5cae491efeb3fda13369b132429f
test/aaaaalkh_0_155.png,4a922bb2444bdba71e0c96af498b9958
test/aaaaalkh_0_174.png,0e1aa0e6ec5272aeaeebfcfc17a9ab3b
test/aaaaalkh_0_19.png,477773751ffceeba430c060b7f2b9354
test/aaaaalkh_0_39.png,21b24818a4b58415653315a15b3b0a93
test/aaaaalkh_0_58.png,3d2e9899cc3f011afb1a5071f5303b4d
test/aaaaalkh_0_77.png,5949e5e8307fc7f8076303a8864b1db9
test/aaaaalkh_0_97.png,9080b5fe517dbb1e5e48d7251281129a
test/aaaaalkt_0_0.png,8a5f30250ddf36b712656c461f13a008
test/aaaaalkt_0_13.png,ace3237bb77570e9a9d76b9658f957a1
test/aaaaalkt_0_20.png,81213d13d53bc22d7ddf0f4f1a0b2bb7
test/aaaaalkt_0_26.png,4fa5f63d9d823035bcf7ee07bdd20db7
test/aaaaalkt_0_33.png,cf84849a297285915b43c4121439bbd0
test/aaaaalkt_0_39.png,785c3608fc3778bfc28a40cfca1d515d
test/aaaaalkt_0_46.png,704cc588893a6d32d5e9731e660899b6
test/aaaaalkt_0_52.png,fcc440468df7f5c17afbd537f707e10c
test/aaaaalkt_0_59.png,a0e2db8a7d97b4ed1fa87e470e0ff102
test/aaaaalkt_0_7.png,959cb50b63bf4895327ab008612d667c
test/aaaaalli_0_0.png,d2901bd0872e3548f08a12ba2edb0593
test/aaaaalli_0_14.png,1210589da8256a327ae00f4d9e53b805
test/aaaaalli_0_22.png,3929095a4707bc1182466bae7d0d893c
test/aaaaalli_0_29.png,78f5faf64672a62d4fece4ee4b4e2794
test/aaaaalli_0_36.png,a9d4bad1162c733df66ca07ade103714
test/aaaaalli_0_43.png,d38fb2c0639aedf07792a4433dad6a63
test/aaaaalli_0_51.png,2316981e11f27be352b28e274a801e31
test/aaaaalli_0_58.png,80c9160eb8ee088a59180688246a80e5
test/aaaaalli_0_65.png,ab3b1e79edfdc8ae7369e50c74d77df3
test/aaaaalli_0_7.png,8151ef983d78c9324f0cc89eadcf8a7f
test/aaaaally_0_0.png,ae8cda2ab99d40911ddd0fba701e2b2a
test/aaaaally_0_13.png,88d07bb280d4ccd23bcca9c423f18dc5
test/aaaaally_0_20.png,c3894ffa28d56a493759772b369d18ae
test/aaaaally_0_26.png,12bdfa6c9f83e7eaa6c54b42da1f6747
test/aaaaally_0_33.png,6bb498094042476677e6e8c20c267dbb
test/aaaaally_0_39.png,274aca031050afc5adaffecf8744031b
test/aaaaally_0_46.png,2150d32c874da31664146a69b394554b
test/aaaaally_0_52.png,46037426af7d9740c617cfff320c3ad6
test/aaaaally_0_59.png,1b939f217609b8b9af45dc7f81dc8bff
test/aaaaally_0_7.png,2df9b01ca24103d0735e85b2d3b1f801
test/aaaaalmb_0_0.png,087b2ec872cc3a7b3ac1d233ed74495c
test/aaaaalmb_0_13.png,5f474bc9271a7af31966bf9f38c27033
test/aaaaalmb_0_19.png,3aeb61fc336bde4e214ffc1b4ee1df14
test/aaaaalmb_0_26.png,ea0599cdf1cc275b3cc7c35684a91dbf
test/aaaaalmb_0_32.png,678a7aa2eac7f292d4f341c8664cf44a
test/aaaaalmb_0_39.png,8703835702d3135adcf37e8af782f089
test/aaaaalmb_0_45.png,06793d93351b0c48f06f538fd57c2c0d
test/aaaaalmb_0_52.png,1ac67b487276ef9f9d51d973f11d692b
test/aaaaalmb_0_58.png,a6a3c75c3d63a17145838667571d41e4
test/aaaaalmb_0_6.png,7221b0253d61e8f822218869faa9e837
test/aaaaalmj_0_0.png,64bee11d15f448a3d0fa7db153670833
test/aaaaalmj_0_16.png,9f9daaa985368ec2632ae59b1b3be2e9
test/aaaaalmj_0_24.png,1d0b5b79dd7b6eaf24ed5634f0421753
test/aaaaalmj_0_32.png,b25ee60abd3a35370462bc4c5db20ca4
test/aaaaalmj_0_41.png,72e0dbbac5fc3759de62a7419ddd397f
test/aaaaalmj_0_49.png,37d4eefc078c7a3cba59ddfb2e71e297
test/aaaaalmj_0_57.png,f29d23abbe27a3cdb28aa8b3138e5aa1
test/aaaaalmj_0_65.png,a3becd166f8f45a15a3cb10ef5ae661b
test/aaaaalmj_0_73.png,78d89039ab24e85bda0c8fbd2d0829e3
test/aaaaalmj_0_8.png,bd3ef693d2207d01c73145e49ad9246b
test/aaaaalmj_1_0.png,aed3a7e3435581b5312ba22ee8a2f1f8
test/aaaaalmj_1_15.png,4ef2b36cc2301ce80faae327f4da5811
test/aaaaalmj_1_23.png,6f358f443dc7ffb0cf451e88482a1528
test/aaaaalmj_1_31.png,0967287802f7e606ced18101cef78fb6
test/aaaaalmj_1_38.png,65c572e2c382b04374f9654e9f3ecfb8
test/aaaaalmj_1_46.png,65006a3275e02b2d0a0216d732e2e2d9
test/aaaaalmj_1_54.png,d393f25d0157c223ecd60948e3b2631d
test/aaaaalmj_1_61.png,51da31c49cc91ef95f41106e161a3717
test/aaaaalmj_1_69.png,55b259c5a31b670c3b2e22b07a8ea877
test/aaaaalmj_1_8.png,a0e1ca262658f8efc2384e54f08e07b5
test/aaaaalmj_2_0.png,3d767907229651cf90b95b4cb6a9cd80
test/aaaaalmj_2_13.png,76771da77c1f0eccf10247fed80b1b61
test/aaaaalmj_2_20.png,b767291f205772fdf5ecacbae22427dc
test/aaaaalmj_2_26.png,6fbb108f2dbde88be92e150d5cd9f41f
test/aaaaalmj_2_33.png,a89866bace9855239a9fb2a7a594844e
test/aaaaalmj_2_39.png,f2e4eab935d71a18d76be57fb54f55cd
test/aaaaalmj_2_46.png,c8071f916c555dde0d7d92e09c618fb5
test/aaaaalmj_2_52.png,2775cec0fe712e8290bb60a52bd74b9d
test/aaaaalmj_2_59.png,cf464c6a549ab5544cace7d9f57b0712
test/aaaaalmj_2_7.png,b37da107b9760a6d65cb66ed25b6d21d
test/aaaaalpd_0_0.png,cb2e6b262f730cbe955f706e81089e40
test/aaaaalpd_0_14.png,4a096215600fb5c5ae215a9f4f5879a5
test/aaaaalpd_0_20.png,d9091f0e1a6f61b541e7f785f7cb0ef4
test/aaaaalpd_0_27.png,b526ddf03f25528649249ebe99049622
test/aaaaalpd_0_34.png,5c95e3ce0657cd4476cd5b5457571bde
test/aaaaalpd_0_41.png,7eec950829967ca4ec3a2b535f4089b2
test/aaaaalpd_0_47.png,a7734e617f06853f1f45f78b5c97ff8e
test/aaaaalpd_0_54.png,d2c7a813f01ce1b9915a85be5151bbc7
test/aaaaalpd_0_61.png,f598e9d36b34715abca0665265f6654e
test/aaaaalpd_0_7.png,c1bad2d84aa8d700f2b33618ed74bd14
test/aaaaalqm_0_0.png,04a7c5f2d7c757a171fda557d4697e28
test/aaaaalqm_0_13.png,c51c740e951e78925d7dfff1213fc7af
test/aaaaalqm_0_20.png,41042c0587b0a0ea9365ea9bbaffbfba
test/aaaaalqm_0_26.png,3823febff124f588783b46b6dbb08e71
test/aaaaalqm_0_33.png,202ed426e6bd9d828619de7095d9b5a5
test/aaaaalqm_0_39.png,fad38fc4bd534a9125504aa1bf8df711
test/aaaaalqm_0_46.png,9c401556edcdd21776146b8d3c727632
test/aaaaalqm_0_52.png,d69228b20e0ab95d99bd5d4b06152c16
test/aaaaalqm_0_59.png,1ae2ac0043393b62df8679b730e85224
test/aaaaalqm_0_7.png,66fbdbcb58d77fdf521b322fcd0efbe8
test/aaaaalqt_0_0.png,7fe8b0f5f9fdb1373c6680eb4fd27e76
test/aaaaalqt_0_13.png,63f6204c436d055b4b21c6e09125a302
test/aaaaalqt_0_19.png,c3f49dc0311eda0ac420170f2b886f9e
test/aaaaalqt_0_26.png,50ffda1526768ae704b8c5b3b866d495
test/aaaaalqt_0_32.png,8a506c31ecf9174274e43359beb73970
test/aaaaalqt_0_39.png,16003139996733d48df47dd4c2783bcc
test/aaaaalqt_0_45.png,7e7a31b9765db11994ccf5afe51eecc9
test/aaaaalqt_0_52.png,a7834029d3005311bf2911d78eeb1add
test/aaaaalqt_0_58.png,0f0e76823c40d87df590f31ddafd755b
test/aaaaalqt_0_6.png,5507e519e26c310209ecebdcd6b42452
test/aaaaalrt_0_0.png,d77e6a624bbfff428d77af31034d86a5
test/aaaaalrt_0_13.png,adaad514e68da152b4cbb10e2a44d270
test/aaaaalrt_0_20.png,3d6e337b004cb7b1d4eabc3ad10d928e
test/aaaaalrt_0_26.png,f92a54e2b6975c7af0df0cd9a55585dc
test/aaaaalrt_0_33.png,c100373f153507b719bc182ccb94f69e
test/aaaaalrt_0_39.png,ab16725f55562ad1ae94be42cf226a18
test/aaaaalrt_0_46.png,f62b738f4321b96c0e0ad7743a0889a7
test/aaaaalrt_0_52.png,25345caac3e1ad28e1cf1633f237b8e6
test/aaaaalrt_0_59.png,c5b71a1d9d8f16645ae4baff9ed51295
test/aaaaalrt_0_7.png,b7246c832e97221de4777e5a1ec5050a
test/aaaaalrt_1_0.png,808ea5325e421f7022b13d069f386e3d
test/aaaaalrt_1_15.png,f8221e502349e9c74bdebb141b58d698
test/aaaaalrt_1_23.png,84845573ef07c27f35ca9a62a7d7a9a5
test/aaaaalrt_1_30.png,dfb251253fa65d2fd12246fcb9044c34
test/aaaaalrt_1_38.png,bede2a8c2f424c0c17b341296fbafee1
test/aaaaalrt_1_45.png,1c4cf506ccbed4fd606a550b1d3e176c
test/aaaaalrt_1_53.png,7e378195518eb6530a59fa5a49bfb0e1
test/aaaaalrt_1_60.png,a62976c32b53050a7230e40c82b62f48
test/aaaaalrt_1_68.png,481b72ca54744409cbdbf7179b7ebbcc
test/aaaaalrt_1_8.png,c897b629a1f3cbf35eea092a2b8f89cf
test/aaaaalrz_0_0.png,5ae5cab4777161bd55fc605d0a819171
test/aaaaalrz_0_13.png,c9a8559e0c1816ad403c7fc984ecbb11
test/aaaaalrz_0_20.png,582628015dbe4cb014cfe2f85722488b
test/aaaaalrz_0_26.png,9b5512988ed2985cfd31e70e7ec203cb
test/aaaaalrz_0_33.png,9bb8469e1908b3bd855e53d88bc379df
test/aaaaalrz_0_39.png,1d700ddb759b081a5657921bb1e41616
test/aaaaalrz_0_46.png,ff0b78b75d89790380be7bf73b746a36
test/aaaaalrz_0_52.png,47c20f1f3bf673d9ec0a0ca495d1a252
test/aaaaalrz_0_59.png,f32d504a016b18b9c5c2ceb7a686abae
test/aaaaalrz_0_7.png,effae6e4a2ae5504222fca88bb5fec17
test/aaaaalth_0_0.png,684c51dbf8b2d400a277f3d4893ac9f9
test/aaaaalth_0_15.png,bab0f4527975c98b068681f94256c1bf
test/aaaaalth_0_23.png,cf6e01aa59edce1d273c2cc47f7a1731
test/aaaaalth_0_31.png,40a8db2a94807ecfac80bc59bc138b8c
test/aaaaalth_0_38.png,80a312943b357aac6335c5a1d64b4ca7
test/aaaaalth_0_46.png,aa01656680d776dbfcbb5ad252defb48
test/aaaaalth_0_54.png,3254c038d2ca16c826b4fb7c959ab386
test/aaaaalth_0_61.png,fa343249b6d432739f4d0988af18dde5
test/aaaaalth_0_69.png,777f722927934e94fdb75b316699a88e
test/aaaaalth_0_8.png,6d268cad586f0aa79c8c449087574fc8
train/aaaaaaaq_0_12.png,77b82e52723da0c6576dc5f197bc2540
train/aaaaaaaq_0_40.png,4bea983d9ea44c35b2657c062bb9f8ae
train/aaaaaaaq_0_51.png,0c0c814acae3af5ced7565b5fc609520
train/aaaaaaaq_0_54.png,f9d1aab8a2fd1fe79047fde8a803b934
train/aaaaaaaq_1_12.png,aa7a67b18727705b84dfed92ae798d03
train/aaaaaaaq_1_19.png,284132fd63fc825fbab20b7d64e3c651
train/aaaaaaaq_1_44.png,a0a9aa6b1da8dff185ac045e40408e96
train/aaaaaaaq_1_69.png,cd44a3237c553ec462672f2db0444aa8
train/aaaaaaat_0_10.png,c1330177c568032cab02b100898406a7
train/aaaaaaat_0_18.png,7da7d78c648b3dcb119cbe7a9987e0ba
train/aaaaaaat_0_20.png,072e47246b45aede622833b10e99ede0
train/aaaaaaat_0_65.png,d7866092df712c21baf65b83a7b7a161
train/aaaaaabn_0_12.png,c8a098637167e10d3b687f3073cc10a9
train/aaaaaabn_0_17.png,ecc55b2304f4bfe65305f1df9d6f8037
train/aaaaaabn_0_52.png,6403c638592dc63b6d940c4cdd510273
train/aaaaaabn_0_8.png,8b5fa00bfa9adfb60079dd4468599c5c
train/aaaaaacq_0_1.png,3b970db9fa66522dec246e634be726f8
train/aaaaaacq_0_46.png,202bdff84e1b24868dcb8815596e85e8
train/aaaaaacq_0_5.png,d2b10ea075e8e3661b212bbfdc367827
train/aaaaaacq_0_53.png,f8a3a8dfce0bfc8eb3b3d15ddbf3b475
train/aaaaaacq_1_29.png,57e1dc5f4f856666f4327ad51395a589
train/aaaaaacq_1_42.png,b6c26a912545ee371c29e145e1c72b91
train/aaaaaacq_1_43.png,9143d381c5631668465df5b23c567139
train/aaaaaacq_1_51.png,8dbe02ad92ffb33722047c28bc0508d8
train/aaaaaacq_2_11.png,abd183b6bc6b5b0affac749d9e44e9b2
train/aaaaaacq_2_14.png,29d7c83ac59ff8cb2000171d834fca3d
train/aaaaaacq_2_2.png,d5ae60eabc7351166a133b08eba21307
train/aaaaaacq_2_55.png,b2e6bc401d353960870bda15ee0ac567
train/aaaaaafg_0_21.png,75d6cb73aee3a4c8d0854c987475e65c
train/aaaaaafg_0_50.png,07e8f7092e58eb1954b27f4e9953950e
train/aaaaaafg_0_60.png,35fe1023366a6b3ff9eaf8e2ef332bb9
train/aaaaaafg_0_73.png,6eef6de70a8cf25b8096d33580705c84
train/aaaaaafs_0_13.png,404aa87898e45bdbdb26bf26a6aeb60f
train/aaaaaafs_0_34.png,6c6ddb94791c7ada5a5f2667f403e884
train/aaaaaafs_0_38.png,db008cbbbe15600f4f899b4d8782f78b
train/aaaaaafs_0_53.png,9fab9ab6b29b96829892426d9919ae90
train/aaaaaagt_0_1.png,cbdd886403f7770fc7966c952b4d3470
train/aaaaaagt_0_4.png,bd21ecf6e64654529a1ebe2aec3b98fa
train/aaaaaagt_0_53.png,c9af681152532d9e53a2ec1bb5bf48f9
train/aaaaaagt_0_64.png,5aacba649eb9d54eb55afcb9161c6ea6
train/aaaaaahf_0_16.png,cf936efb48e4196f2fb1f2b7d28103be
train/aaaaaahf_0_22.png,c1c32d20be46d25c2404964656905f53
train/aaaaaahf_0_27.png,8ffde742085da405378fadc00a53c9b5
train/aaaaaahf_0_47.png,8e51966beb618ce7024b714592e79fd3
train/aaaaaaju_0_35.png,a7b379d812c5bc268805bc2b12e6aa74
train/aaaaaaju_0_43.png,f0e6badf0db5d212bbe399c4d0d1b107
train/aaaaaaju_0_54.png,14b2b155d11940cc80e9636437af8a7f
train/aaaaaaju_0_67.png,5c92b652b65f382e6034265d9ee9aad0
train/aaaaaaju_1_0.png,93ee22166dd49b82c3bed69f132ccf98
train/aaaaaaju_1_31.png,e38f7e9896f414214f4445a2813ead56
train/aaaaaaju_1_46.png,b63d10ce5f560219e89a717d6dc059ce
train/aaaaaaju_1_56.png,3f7bf067cbd5de312f1ce86e84f27969
train/aaaaaaju_2_44.png,a3f7a3ef2884cd6621ffc67f9875cf48
train/aaaaaaju_2_56.png,cb82d9cbba6cb131f0c862b6fd514071
train/aaaaaaju_2_60.png,b39a4db2a706296516b291f80f2548a6
train/aaaaaaju_2_9.png,f3af9574fba1525d44308e68ae5d9953
train/aaaaaakr_0_0.png,9f46172ff364e78b6c68e7488fb9805b
train/aaaaaakr_0_49.png,c43f243e1e4b68fb7a5a72ddc5c78a70
train/aaaaaakr_0_68.png,1bcf892b4ce758d68c00cb34f4e7f45d
train/aaaaaakr_0_7.png,608ac892eb70a283be167084a5c17d08
train/aaaaaakr_1_51.png,b0e9795c6f67b5392a7d85a1870eb206
train/aaaaaakr_1_52.png,04e4e234fcc6c9f19adce7aa987061ae
train/aaaaaakr_1_67.png,9118d2193424ca935816069de04cdbfa
train/aaaaaakr_1_68.png,4662305e21bc6dbc390b65cbf9002959
train/aaaaaald_0_1.png,b9299fc32052dce59f1b65fd2c2045ce
train/aaaaaald_0_32.png,71e002f28db3cb0bd1ee0fd5a6667f55
train/aaaaaald_0_42.png,a65157008e52e744f42649cd66eaf4fe
train/aaaaaald_0_61.png,bf43f3fe1125ec790eea5e9329dcb71d
train/aaaaaalk_0_12.png,7c2f769e68da08f54f205166dfe2a864
train/aaaaaalk_0_25.png,6494c2c34f9d5ad5d363cec7d9cf2752
train/aaaaaalk_0_39.png,397f30ea5d53d1ee491fe6495f8208c4
train/aaaaaalk_0_43.png,40631e47cf058eb1ddcc735c84e39417
train/aaaaaama_0_18.png,30f6a0e74245158c7907db555d86cab5
train/aaaaaama_0_24.png,baa52e04fa98618c896b54b964489ee2
train/aaaaaama_0_30.png,f5bbe35cd0bbae8019e66615c5243721
train/aaaaaama_0_64.png,18c2fb3a5bab062694286e4543d6248d
train/aaaaaanr_0_15.png,994b09468f0cf6399dad630d14d54389
train/aaaaaanr_0_25.png,4b1782233c1cd27a656794b526b18716
train/aaaaaanr_0_38.png,aff740d6f760fa2e80ebf916899e8ef3
train/aaaaaanr_0_45.png,11d254cdb79766f24959395366c23f35
train/aaaaaanr_1_10.png,8017d853f462ab6802ac68bb52f834e7
train/aaaaaanr_1_2.png,74516931d0793ce04f4bcecb4f21b55d
train/aaaaaanr_1_47.png,9525664699b6a76063f4bb52e3c7b321
train/aaaaaanr_1_58.png,0960119f5a5f2c9d5cf6e1b49c75d3db
train/aaaaaanx_0_13.png,4b086b86033c969fb5bb8457c2d01a0e
train/aaaaaanx_0_21.png,e8207ca995d4d1c9abdcad074c2d15be
train/aaaaaanx_0_30.png,57865b7324c4fe760b5c319a1b326ac0
train/aaaaaanx_0_58.png,f6cc7200831269a6c95155bb989778ff
train/aaaaaaoy_0_31.png,5fcd243dcf55cc4fb89c904b3b24bd36
train/aaaaaaoy_0_44.png,484060b883c05b7498fc95bfcf949e2b
train/aaaaaaoy_0_50.png,e7655860b2ab26c6304a46d404bce32d
train/aaaaaaoy_0_57.png,cc7404aa850788f092a3978dc9a0af0a
train/aaaaaapr_0_18.png,11afa4ba53fc178a038a20e43e2358cb
train/aaaaaapr_0_19.png,533cb8cac7e9c682c2954578d10f6c5d
train/aaaaaapr_0_52.png,25fd4e093659a906c08d4405d5b52692
train/aaaaaapr_0_57.png,a3e92c84a6e70817f7e4e7b149bde2cf
train/aaaaaaqb_0_42.png,fe8281140e6e276d040f2ee370db149d
train/aaaaaaqb_0_5.png,e46fbcb39782359d8e28ecbeb14a7c58
train/aaaaaaqb_0_71.png,a44c7029f2549058e16ae22b91b5bbc3
train/aaaaaaqb_0_8.png,1849fbdb1d18e156739874f22450d11d
train/aaaaaaqu_0_10.png,b1c67a27f45515e31668756d84c47b22
train/aaaaaaqu_0_20.png,b5c8b6546ad05def232e89e51dfe8a83
train/aaaaaaqu_0_4.png,b7603dc34b2866a665f8c8eab75059da
train/aaaaaaqu_0_47.png,009c16b93b9c0060847208173f3d6895
train/aaaaaarq_0_43.png,133b2eddcc547c98d18f965aa4d78849
train/aaaaaarq_0_49.png,17e3a609d044fdd75face6f253580808
train/aaaaaarq_0_53.png,10231610b8e8f8ff2ab9db06bcd35c1b
train/aaaaaarq_0_8.png,81b99c4cb2e4ae9f5dd0a4be8af87b86
train/aaaaaarq_1_20.png,3fac4a79465645546b3a17549b970f79
train/aaaaaarq_1_3.png,eb7a6ad8331953721850723e84b6124a
train/aaaaaarq_1_41.png,71ed339643ecf32c2883717ed5ed9c30
train/aaaaaarq_1_60.png,0f51c8010879003d1df8dece1346caeb
train/aaaaaaru_0_12.png,781f7cd7f7968ca2f46bd211114ef16b
train/aaaaaaru_0_14.png,3748283ee32be8b852cf125ba3baa14b
train/aaaaaaru_0_19.png,068e656b63d99f91f0eccb552edfd803
train/aaaaaaru_0_38.png,fd3451ee1fe0e90135e7d8b15e89715d
train/aaaaaaru_1_28.png,08eb1b4e279efb6299ad3fea523d8b9b
train/aaaaaaru_1_31.png,2b039efd1d7f3ec17991910b2e6c7c91
train/aaaaaaru_1_35.png,4d61e051b17825eb358aa87201af4037
train/aaaaaaru_1_7.png,49c486ad41d09f6f0f9e80da576ae827
train/aaaaaaru_2_10.png,6b25408426e72d05b7e9a95753d47854
train/aaaaaaru_2_14.png,3d998312c59c6a3a219acfc0c38e1b3a
train/aaaaaaru_2_53.png,f08a852c397bf22bf0a7ded020f256b8
train/aaaaaaru_2_58.png,fe6a242a85557789e7714793cb5d4b36
train/aaaaaasn_0_48.png,f9dc0b37834b6c559df1b0a9f67a076b
train/aaaaaasn_0_50.png,19a006f8259a0fbcfb4127d30c477e10
train/aaaaaasn_0_51.png,e91d7087338fd83d71788ded9d2dd354
train/aaaaaasn_0_62.png,a1f639750d31c38d6bb819a70e47b2fa
train/aaaaaavs_0_35.png,1ae97c569e0af4415cdd98ba4e3c76fe
train/aaaaaavs_0_36.png,f97aa4344003aef06a4ccfbf4fd68c1f
train/aaaaaavs_0_42.png,4bd8a8f71c428a6839cb335f78ca2821
train/aaaaaavs_0_46.png,2c65f75966a274491ac7338be2976f9a
train/aaaaaavx_0_18.png,5e13ac6a50098b449070394aa9555fd0
train/aaaaaavx_0_32.png,c67261407d93a5ef471d2effa5ac5261
train/aaaaaavx_0_38.png,8c35037b55c73d952e181381aa4dc55d
train/aaaaaavx_0_4.png,550687b8d336484905eb35e502adbbaf
train/aaaaaavz_0_17.png,79b9cf4d02627835cfd4bb33fb9fbb78
train/aaaaaavz_0_26.png,4dec8f595ca6fe87f635cad8cdf3fb5a
train/aaaaaavz_0_27.png,65066fd17d382e88ab6c7cc5f2fbc6ad
train/aaaaaavz_0_54.png,008f41ba58ff3ebe9dc12276ca41e485
train/aaaaaayz_0_34.png,e5b68fe5f1c289bc79be75b38c13474a
train/aaaaaayz_0_36.png,b774994ed0a808b956095e07bfc29359
train/aaaaaayz_0_57.png,347d7a8b9100ad6a00ff33c544f4b57e
train/aaaaaayz_0_58.png,5bdbc8f65b742bf07f5615e056366345
train/aaaaaazq_0_14.png,f1166c76fbed4b60ab9e9552c51a1ce8
train/aaaaaazq_0_41.png,dc0699008cd3adcd6b1e9bbdf9db9646
train/aaaaaazq_0_48.png,e7b11703ccb454c7fec765986547d956
train/aaaaaazq_0_49.png,08a0558c4500f203eacebc6e427a00e1
train/aaaaabbx_0_30.png,44238dc5e8fef7512c89bdab6021251b
train/aaaaabbx_0_4.png,c0dcfa381c24022b695aa32ddf405e94
train/aaaaabbx_0_51.png,fb739508033f31abbb954cd82b9990b0
train/aaaaabbx_0_8.png,fa427ae72ae0b3f43e0018c08a2f8e77
train/aaaaabcl_0_19.png,4ca335242ad9db3f57da269a32af55c2
train/aaaaabcl_0_35.png,abe485729f4fa45b845a0af7d8a281bc
train/aaaaabcl_0_49.png,afeffe8e18b69be1991006331f09f705
train/aaaaabcl_0_65.png,4aee2b6fd1f699b43925574b335ba7b2
train/aaaaabco_0_10.png,c715deb295a98b152181c8a9af75d31b
train/aaaaabco_0_22.png,8256a9e271da46047ae2308a423e0dcc
train/aaaaabco_0_3.png,930bfeffcec38beebcdc183f40cdda58
train/aaaaabco_0_59.png,8853735f60ee2b606775240a6dbb9bfe
train/aaaaabda_0_15.png,ac98a99d349c5adacf9e81c2af932fa4
train/aaaaabda_0_27.png,b0c31885a322d06388bb27dc58d2c62f
train/aaaaabda_0_29.png,f6d8631b85ba957107cc97b775bec484
train/aaaaabda_0_47.png,b956986845f993597609b68a296e1fe5
train/aaaaabdn_0_17.png,d0b536a5efeb60cf4151b13a15d72728
train/aaaaabdn_0_43.png,03d67ba7048b6049b3da2f1008cce122
train/aaaaabdn_0_57.png,fd1708fe54916ba2100486861037ff89
train/aaaaabdn_0_59.png,6929c7c0240637c019af77d88c63903f
train/aaaaabdn_1_19.png,4ef0d75ad720d96363991ad002d79180
train/aaaaabdn_1_21.png,2050590d481df0679655178326126690
train/aaaaabdn_1_35.png,9c940931f73d03707a7fe83da0282b91
train/aaaaabdn_1_80.png,28d868b322f6408a4981e0e331195d72
train/aaaaabha_0_19.png,22b109abee0c02f00841d53a1989b3dd
train/aaaaabha_0_32.png,d97ca2a97fd1b02cc612353da5eb192c
train/aaaaabha_0_53.png,b9007a2cd74a9f05538ea1cc4cfeda40
train/aaaaabha_0_61.png,34e24ee7e0319cd6cb63208b651dfbd9
train/aaaaabhm_0_20.png,f6d676e6325af8f5a83b0e100468e721
train/aaaaabhm_0_50.png,3b4c4c89907efb9bbc5ee8ce04fee15b
train/aaaaabhm_0_57.png,9a3157da6a7d3f524467a7fede03bcb0
train/aaaaabhm_0_8.png,3b5efabce0a798316bd560b91bf914fd
train/aaaaabhm_1_13.png,f402f8ad93da69859e9a676750f27412
train/aaaaabhm_1_16.png,63583c28814a9c063807388a484eca76
train/aaaaabhm_1_28.png,5b558ee0eefa2a95a3e216bf478d3922
train/aaaaabhm_1_59.png,785cc3d25bd8598c40ac69a74b505988
train/aaaaabii_0_31.png,a4b011b791822378dab5cbb38a3ea1ac
train/aaaaabii_0_39.png,0b6dd326c0645840a5b521e79a1bdcb6
train/aaaaabii_0_43.png,9df243829dd261954d66c47ae5f3b13d
train/aaaaabii_0_51.png,d0427335e72f823b0872fb9a9c4d6aa3
train/aaaaabik_0_3.png,4d08d0a5dadbfc25cdde52b40421a8bc
train/aaaaabik_0_32.png,9863d4fdd9a44e244f74dcfc995758bb
train/aaaaabik_0_52.png,5d5376d9991fb8a4cd83db28b5f23439
train/aaaaabik_0_58.png,5ea07801c88985b57f4f412d03ac944d
train/aaaaabju_0_48.png,835a34f4c56fffe7b91accba66b79b50
train/aaaaabju_0_53.png,b209e1cb238b9f68644c3c7fd179f84e
train/aaaaabju_0_6.png,0e36152cbba983739077ea32f23cdfc7
train/aaaaabju_0_9.png,d6697c338c90c6a3b91787736cbb986d
train/aaaaabnq_0_16.png,2cefc723cf8c8bbb7903ee10204d7713
train/aaaaabnq_0_17.png,8b3271f9b3f6f81a6e31c951b9ce8a5a
train/aaaaabnq_0_24.png,7a800b99a94fde54447d9027466a5519
train/aaaaabnq_0_9.png,5d8aa715191d02a010d8e6331c58eeb7
train/aaaaabnq_1_2.png,b5a111a45f5161b1816187890218260e
train/aaaaabnq_1_28.png,36766ac7d6401cbf640632a3d0d68c33
train/aaaaabnq_1_30.png,0a8503b06f6923696030f325c6f07d40
train/aaaaabnq_1_7.png,962d56362e0e0b2870c6417fd97ad7ff
train/aaaaabrc_0_3.png,949d52d5761d216ef6f8424d37263097
train/aaaaabrc_0_33.png,4ba672a7ba67cea39dbd213686019254
train/aaaaabrc_0_54.png,4c10b60102e8d4ec0d10524a2d6c0f8e
train/aaaaabrc_0_58.png,a2f0da958e7203f711ffd40bac5e992c
train/aaaaabrc_1_26.png,1a551565cf502949a471657953ff00c1
train/aaaaabrc_1_69.png,8337d99b9a174981a9cc0f9d6f80eae3
train/aaaaabrc_1_70.png,1c6fce9d09f327a708c6261d5042adb7
train/aaaaabrc_1_74.png,04efeb0b26998f5be9a0883a7bc48012
train/aaaaabue_0_14.png,535527c0f935198e08c93c198e925d04
train/aaaaabue_0_25.png,36946c515fcfbed8934cdf43371ca372
train/aaaaabue_0_32.png,c5599466eade3106c1505e82a069efd7
train/aaaaabue_0_46.png,5a804dbd68316f0512fc35d0ed3149ab
train/aaaaabue_1_1.png,7d2014cd14d1dbf9b657080614e6a608
train/aaaaabue_1_28.png,78c81df7fb15ef7f156d33529de56b02
train/aaaaabue_1_36.png,24b3078c1e5a8f3d18e5e818adb05efa
train/aaaaabue_1_51.png,aa60b506f6abb9f40cfd7c040238db0d
train/aaaaabwi_0_2.png,ac825b695a019c3b70d0d2e421fb6e57
train/aaaaabwi_0_22.png,3b8ed471865ee46255d2fd057afd1338
train/aaaaabwi_0_27.png,7973d5012326acaee97e02a6e967c6bb
train/aaaaabwi_0_52.png,4dcc19a67af94b224dd3142607cb170a
train/aaaaabwi_1_3.png,c7e4f0bae20c265f8985af3cb9601ac8
train/aaaaabwi_1_41.png,10268e0a1a529a74b0515954eadbf18a
train/aaaaabwi_1_62.png,5d2b096cc01ba778f6c0d29a5bbcffc6
train/aaaaabwi_1_63.png,6f89567490fe97d408c3a136082c4036
train/aaaaabyu_0_43.png,b97377f03e6acb98df0a27d20ae6d456
train/aaaaabyu_0_44.png,2f367503e3f8e1017112fb7935494069
train/aaaaabyu_0_45.png,0d7e30b961994ca88906d8b104944644
train/aaaaabyu_0_62.png,7f623f1a4fa37a69aa82064fa4805e3b
train/aaaaabzu_0_10.png,e765a7c74104121c348de200e9c8acf0
train/aaaaabzu_0_13.png,f51ad5be7c8f0f81221f1a7d360d9880
train/aaaaabzu_0_28.png,3350910826211ab12ee5b6c6a19e6950
train/aaaaabzu_0_56.png,470f82768194c282e74ce53d9dabcfa9
train/aaaaabzu_1_12.png,85103e2de7df622c3bc9e319aa2c0a9a
train/aaaaabzu_1_27.png,240f5f64ad1bd41298e232a8a7291d6d
train/aaaaabzu_1_36.png,11558dcd263c61f8b86b3f76ced407b5
train/aaaaabzu_1_63.png,905ee85dec93fb4a98171671973f2ef5
train/aaaaabzx_0_22.png,b35711c722b7ca12c422706e5a8c1455
train/aaaaabzx_0_24.png,393fa3590be877e8807dba757d40c3d2
train/aaaaabzx_0_56.png,5e21da1acdfb101ab8d089bc333eca56
train/aaaaabzx_0_61.png,17f6f2dda723b5344179275d5e3ed7e6
train/aaaaacbz_0_10.png,27e4f57a89e7370501c0b32d0f053914
train/aaaaacbz_0_27.png,0514f6e6e93a3ca49fa984cfdd36ad20
train/aaaaacbz_0_33.png,22a84e48bf89d22048fd6bd71fcca3be
train/aaaaacbz_0_44.png,7bd0f237f70bc1a25b6de047ca3594e4
train/aaaaacdf_0_17.png,e62eb2788b84f34baf15204354432e12
train/aaaaacdf_0_27.png,bec08caf6574370c078bdac4629811e6
train/aaaaacdf_0_33.png,4262cefa9866c1e8857d827b1897ac6c
train/aaaaacdf_0_35.png,01281f23d6b4a92a9f37ccadcc94e877
train/aaaaaceh_0_11.png,8e0828b9c7657c942c59b80ce3cbfa27
train/aaaaaceh_0_26.png,a285220191db2b238502c3e086913bb5
train/aaaaaceh_0_35.png,f2668ed6d64d980422b9860e86d81b14
train/aaaaaceh_0_36.png,be006dc2b0fa4a66dfb331c49c01555c
train/aaaaaceh_1_24.png,37708c815815933bb2b275fa8fd8297d
train/aaaaaceh_1_26.png,4d4e2017804444837309e874047b3608
train/aaaaaceh_1_36.png,af204c64e5ab71d1b745f83a8f7425f8
train/aaaaaceh_1_45.png,c51db8b6970f8f8261f81f4c27f890ef
train/aaaaaces_0_0.png,ae510589327fe51b7ae634e42c339703
train/aaaaaces_0_25.png,bdb67e38a5a5c68e6c134c35b000ea39
train/aaaaaces_0_35.png,49495c614da96714ec07885064a10075
train/aaaaaces_0_8.png,20670736dce928ab8ba965f659730c92
train/aaaaacjh_0_21.png,8915f48341cafd574a449e663ee98bfa
train/aaaaacjh_0_30.png,891824b34fb085972b1bbb54e5e9760f
train/aaaaacjh_0_31.png,e3d6d0bbe9663e0b874f7d9fb7606c8e
train/aaaaacjh_0_5.png,10cdeeb64bb39950f4cc3756b9ff0d1e
train/aaaaacjh_1_10.png,0c8d210672615144470eb8d3ed3cb00d
train/aaaaacjh_1_33.png,050003c0f1afeada2c178edfc3051c35
train/aaaaacjh_1_49.png,9cc824ea769ff940a5fc8495b2c8b708
train/aaaaacjh_1_61.png,5915627e6a3e1cc4d5cad149c935f26f
train/aaaaacle_0_14.png,dfadec16af287cbc7a882d757060b7da
train/aaaaacle_0_19.png,4f93513cf68fceea13cbd6f1c70b4e27
train/aaaaacle_0_35.png,0d76f2c3855c0ed594ec7ba4d4dd7681
train/aaaaacle_0_39.png,0cabeeb314adb3f4bfd480816adde09a
train/aaaaacnq_0_19.png,f3f6e5b0b809d381a2a671c3fb106f73
train/aaaaacnq_0_23.png,e79ebb59d817170d3e8fb971096dc6ba
train/aaaaacnq_0_58.png,0231114b5c2c7e209ede724e12186cbd
train/aaaaacnq_0_9.png,bc6ea3b0e23cbfc83bd366785dc18ae9
train/aaaaacod_0_1.png,4e3d45bbb950b538df8f1f18d3609beb
train/aaaaacod_0_16.png,29ebda6c04ff0809deb319d74dfd67fe
train/aaaaacod_0_56.png,d800f6a36f462317ed89de3764069bfa
train/aaaaacod_0_58.png,23a47521a04da9d9d1b44b52ddf2e33f
train/aaaaacpi_0_15.png,af1f4cb79b40dee17582692128aa7832
train/aaaaacpi_0_19.png,6fcc49598728b4a1e9600b12c63edcf1
train/aaaaacpi_0_24.png,7cc5f886df60e088962fd7e04dfe3b82
train/aaaaacpi_0_61.png,6695f12343f13a93edc320c03a28140c
train/aaaaacpm_0_24.png,c17fa1efc7bd77a509fb188c5fad2540
train/aaaaacpm_0_25.png,806476963d141c86ba7555067caa8dfc
train/aaaaacpm_0_30.png,2ab143bb9fe4d20caf3764ec9fdd711e
train/aaaaacpm_0_43.png,3ab8a8bce19b5483efd994955b5464f3
train/aaaaacqn_0_11.png,376e7c58d987b570a71e9c4a8c4eef05
train/aaaaacqn_0_28.png,251fb087f4a5f6886c7d5c6ba89c9840
train/aaaaacqn_0_53.png,d10320e8cba124bd5889be5bdcad6a80
train/aaaaacqn_0_73.png,10164cbb8d0aeed20953860b70d18f9f
train/aaaaacrt_0_26.png,28cea93e99840df4489e0a17e4dd6935
train/aaaaacrt_0_36.png,52c88554c32e5bcb3bc6b95fb8bb5eba
train/aaaaacrt_0_48.png,622e6a1103e786bf8a53453502dcad34
train/aaaaacrt_0_53.png,4b95d7cac4c325560b5b2f08223d68c4
train/aaaaacsa_0_18.png,ef4c70f4cc75d0abcaa51732c64bf27f
train/aaaaacsa_0_36.png,1a4753000997d1904087d3b1a6d7d7bf
train/aaaaacsa_0_41.png,56eb8a21d339995110022c2bc3efe91c
train/aaaaacsa_0_49.png,e4ff7001ab68204cf2c32bbc1f036dfe
train/aaaaacsg_0_1.png,14acdb1426eb14b598221d6c83958698
train/aaaaacsg_0_15.png,db35319f123985810e49ed12512cce83
train/aaaaacsg_0_58.png,8b2b0d24707252ddc223aed67e551b55
train/aaaaacsg_0_9.png,947aa27b6e5cd72f1f77cc940710deed
train/aaaaacsy_0_33.png,c452ccfa15951b3ec8e687fb42cf76b9
train/aaaaacsy_0_34.png,ffd72153063872a7d846984a785a38bb
train/aaaaacsy_0_54.png,8b352ba80fa1d88d9e61d1b136d0441c
train/aaaaacsy_0_61.png,f732c633ad5e14cf23125e6238fa3e6d
train/aaaaactf_0_21.png,897476004528524bc4f2cc5ddda77d73
train/aaaaactf_0_48.png,6e5f63c214ff27ca718fd9da6bb8158c
train/aaaaactf_0_52.png,e310de16989b33e64d0b6df45a7990b8
train/aaaaactf_0_9.png,f4da03f54f7967e081081f4c02323728
train/aaaaactf_1_15.png,d391f58b5ab273c4c9644026cc2e5ad9
train/aaaaactf_1_16.png,25491bc9d5d7cdf133fe61a74b80669a
train/aaaaactf_1_22.png,c08b42d0c0482fa05898f7c047afc75c
train/aaaaactf_1_59.png,84eb103c91054fee8668e559268960d9
train/aaaaactf_2_33.png,5624858370b77764d0c1126a2d992adb
train/aaaaactf_2_36.png,a4aa6209ebd81ac297baf25234082e91
train/aaaaactf_2_55.png,fd44523410d0875772c55a3129e1a606
train/aaaaactf_2_7.png,6cb42e1634777b8c703439cf0ee80bdf
train/aaaaactl_0_11.png,a7e23c4de74b447424bf9b0361a99599
train/aaaaactl_0_30.png,81d6da381baae0f81005f64f5173ebf3
train/aaaaactl_0_57.png,430fdd865f11a1b13f54916b1f739adb
train/aaaaactl_0_58.png,69753f8ef44089bcc4f861a0796319f0
train/aaaaactm_0_1.png,4c2200be76c4e4fcb8c83b7f79666a61
train/aaaaactm_0_23.png,b5a068185f83778b8b341ed545e9d18b
train/aaaaactm_0_32.png,a5caf18ae23ac40275a21772282f10a7
train/aaaaactm_0_37.png,38e1ea4157bb91074dfe6ba659a8f601
train/aaaaacyc_0_15.png,1ad429f5c8306b793075c06464aa77a9
train/aaaaacyc_0_43.png,831ed0ec7b54b13d190494d9f3de376d
train/aaaaacyc_0_51.png,aaf210e76a6a02a29fb5945ab3e1846e
train/aaaaacyc_0_52.png,d3200b5a7e885a268cafb9797daa5045
train/aaaaadbl_0_11.png,a3858588c6e5e9e60bac8e8301aa7641
train/aaaaadbl_0_12.png,13137856ca54d369096ef9b52dda2e6c
train/aaaaadbl_0_15.png,c33f0bedab39459a43fb69b885eeb8c2
train/aaaaadbl_0_57.png,fd669bd14d1a44a08dd713b80fec306b
train/aaaaadbw_0_17.png,4d6c29d7106d8d0b2825870a9eaaa33b
train/aaaaadbw_0_24.png,9c2ae3aa02c48797e0b7d880d2ec6484
train/aaaaadbw_0_34.png,d845ed997b7a587296f418f336ca0c75
train/aaaaadbw_0_44.png,160d15139fd8b013dc42310c884345e8
train/aaaaaddw_0_11.png,36c4ca1f370581fee8fa2e8d35a7ab95
train/aaaaaddw_0_33.png,f88078aeec43ed695deac0c84102137e
train/aaaaaddw_0_38.png,66ea49fdc60ed75429c2300a4340e81e
train/aaaaaddw_0_39.png,4e8a5963163623b6528a825d094db512
train/aaaaadel_0_17.png,75d455f2bec74a0acddf49dfe4498d04
train/aaaaadel_0_30.png,60901bd0e520732d43ed9928848db22b
train/aaaaadel_0_45.png,ae9bb6338daecfc6342e240d56b0ba00
train/aaaaadel_0_53.png,77a8ab3d975acadeec6d4e2bf64854a6
train/aaaaades_0_17.png,c304b90b60a63649578745e3b1b14d23
train/aaaaades_0_18.png,fc05d14da7e2fdde069faac9d400e49c
train/aaaaades_0_31.png,21c8948513f266e0d2e704a10a51a078
train/aaaaades_0_71.png,715405f280489f53d2d72e1c293b4639
train/aaaaadir_0_1.png,bb3749181a7b7e482109d2b0fdd03b27
train/aaaaadir_0_26.png,7193dc1c640bda7d238b8551b1195e97
train/aaaaadir_0_34.png,4fdea820707ba20cc4b6e696bb05d6c0
train/aaaaadir_0_41.png,a4cffa53a171be6037ca82482c418564
train/aaaaadir_1_39.png,683207b6a2ee93ef1a94ce11ef4dff31
train/aaaaadir_1_41.png,03ee67939a40dc634f5acc7b77726621
train/aaaaadir_1_47.png,5cd8b4aad823178864a8acb4c88538a8
train/aaaaadir_1_9.png,977b185d177364f5aaa16456c03944c8
train/aaaaadji_0_23.png,4470aaac6fce94fc38022a6b2fee711e
train/aaaaadji_0_3.png,54c3412b3f97f10330f9d75614e9a7b4
train/aaaaadji_0_30.png,257601acbee8df5ac1749b567465f361
train/aaaaadji_0_54.png,fcf16a7a949dab6c048675c41a08d180
train/aaaaadji_1_14.png,2c62c668fa7c1214ca6c1ab71785c8c3
train/aaaaadji_1_17.png,314a79b0c7264fb7356fd4e451a6c7a7
train/aaaaadji_1_19.png,3ac49800031f9e6a3c92c5fd404d0c23
train/aaaaadji_1_45.png,daf11952bf5bebbfd97314019fbe7a27
train/aaaaadlo_0_11.png,aa9bdaf650664ea1f8fe814a594899cc
train/aaaaadlo_0_25.png,800ed7bbc6a31a0141107919bed09fe7
train/aaaaadlo_0_41.png,4aedccec663ad95fd97f9910c1bf6e2f
train/aaaaadlo_0_51.png,e25884eb083591c7c831ee1b791139a1
train/aaaaadmi_0_2.png,1fca0537f14a3522b9b053181e3dfdc9
train/aaaaadmi_0_49.png,695c0e6c4f6757bf5849e917e4a9ef71
train/aaaaadmi_0_59.png,49d71859c7ab67d6495094906852efd5
train/aaaaadmi_0_7.png,bcafe5d7f46fdbf44aeed698ef12ba90
train/aaaaadna_0_13.png,f3e4a997e627b75c38faf0847fb148de
train/aaaaadna_0_16.png,bf0e7f55c54e5442bf22bbdb44f29535
train/aaaaadna_0_21.png,9d1eaea198a8934a6c63a324549b7541
train/aaaaadna_0_38.png,422bb429fc2df898c21551f42010512e
train/aaaaadnb_0_0.png,1396318a08414d254bc243a7ac2a95fe
train/aaaaadnb_0_17.png,ca1eff15e0741e4f74bf6b95bd0377a6
train/aaaaadnb_0_36.png,5dce8139c1c1e7c6a80c4093f021f63b
train/aaaaadnb_0_40.png,3a452a2a857030cbd52b809babc36ebd
train/aaaaadnb_1_45.png,05bef4c47fe060cc992a26de57bc75c6
train/aaaaadnb_1_51.png,7426bd8190912cad2ec41a6ed98fc2fe
train/aaaaadnb_1_58.png,597cf5cc0f8caba95765906d77a5dfc5
train/aaaaadnb_1_9.png,e26a31f5f9003ee153e4f6935fca81ad
train/aaaaadnb_2_32.png,b6deb0a551de2f475e0fe963c008ceef
train/aaaaadnb_2_49.png,a25ce2183f0c32a86af644bfb6aba01f
train/aaaaadnb_2_50.png,ff06730465ed4725fe216a12b6488c98
train/aaaaadnb_2_59.png,19920e942a20e30d0cd7ad297af315b0
train/aaaaadng_0_14.png,75f36a1c9f70bf1aeaab59826d8cc25d
train/aaaaadng_0_20.png,1884a5aa38587af64a7d25b90ed02807
train/aaaaadng_0_29.png,96068f0ce838b243a169ce22f3d6ff62
train/aaaaadng_0_51.png,b91186d09b32d4f7549b9197d068d895
train/aaaaadom_0_3.png,37e53f7fb54020a4a147cf58a03f87b5
train/aaaaadom_0_41.png,734da4cdb7190c397eb2a7e770d544e8
train/aaaaadom_0_5.png,37ad1feea257bb33642b53c604db7cfe
train/aaaaadom_0_64.png,c2055a9fedfbea4798907b3a8105859b
train/aaaaadpj_0_2.png,164743647f39f8094569f6d8d2afef5c
train/aaaaadpj_0_32.png,deebd6df6721de77289b48c7fe9f8dcc
train/aaaaadpj_0_50.png,6744727680fa55ab96f1fd3ffbfab3b2
train/aaaaadpj_0_6.png,97b616965a16d6c34df4104f58c3afc7
train/aaaaadqg_0_34.png,1690da4ee28487ec7931de011e22c23b
train/aaaaadqg_0_45.png,63810394253d16751e345cc05c803a34
train/aaaaadqg_0_58.png,e95434421940c7fb1a187e13158afe01
train/aaaaadqg_0_8.png,b6226b477f12dad9be5589b1a5503bcf
train/aaaaadus_0_20.png,462044a3dad5268b3a0fc70fbd11f2fe
train/aaaaadus_0_3.png,6d75f74ed1948f63b1e88687db075835
train/aaaaadus_0_38.png,367421918953b086488f19c81d389bef
train/aaaaadus_0_49.png,bf35da6245f3ec99a1973d6fffb0e824
train/aaaaadvk_0_15.png,55d1f0b6a4ae294aa4f04b4a88533080
train/aaaaadvk_0_36.png,19cf3ea5ab0b9fcafc6ef196bab5f4aa
train/aaaaadvk_0_37.png,c63e8b3cf9e5b6f9813731c2ef7ed72b
train/aaaaadvk_0_50.png,c3c6fb5753a1748a7594935079e4f6e4
train/aaaaadvk_1_12.png,03a577534d6368b238228b4472996c6f
train/aaaaadvk_1_34.png,53477b1b653fcec5b759cea07f4002bd
train/aaaaadvk_1_50.png,70f773539c916c7471fc8537a6f62964
train/aaaaadvk_1_55.png,2dd3247d4e2fe4e0d7053a54a551cc0e
train/aaaaadxd_0_0.png,e5f90946219c22ca211282a26ed8b935
train/aaaaadxd_0_26.png,e23c00055d5b252d880a04c49c360e9c
train/aaaaadxd_0_40.png,6327b3cbfef834c526cc89113dce7f94
train/aaaaadxd_0_47.png,5c6151dbf27c7b30090388b4c32d787a
train/aaaaadyy_0_11.png,607f92124c5369c1984848679814eb4a
train/aaaaadyy_0_13.png,9bab2651b286e9cfe96d98cdcfafc7d3
train/aaaaadyy_0_17.png,e804bcf3a950de584871211c877b7c74
train/aaaaadyy_0_4.png,218371d2c236d6766f0b254fc9b46692
train/aaaaaebk_0_35.png,770a40f7c69ef4e32034463d16924fe0
train/aaaaaebk_0_36.png,feb560f78baa3c3db17c87a5943108ce
train/aaaaaebk_0_47.png,e9bd225ff6eac51662f8b1e0d7555e42
train/aaaaaebk_0_57.png,32e69c7621cffbda25913c27f248d224
train/aaaaaebk_1_18.png,9834ebb91c6c6c164dd3ba5ac01b4e10
train/aaaaaebk_1_38.png,5d08fa2b0abaea9d12274c27cb94ad1b
train/aaaaaebk_1_40.png,ccf95c6caeea9c516f19195b2fad1497
train/aaaaaebk_1_58.png,d062b42f009db03dfa5d68d1c6d6d31c
train/aaaaaebk_2_20.png,48623aea8b12df6e3ffbfec29f5dd033
train/aaaaaebk_2_22.png,2f0e3adc140b6a6a774b9f6a7d487a43
train/aaaaaebk_2_42.png,220ffbf11c1ef9fe70e9e8e94c3ccb9c
train/aaaaaebk_2_52.png,ac1022bb5360dec94602be5e2e03e07c
train/aaaaaebk_3_10.png,2123eabea1b08da24999543ae4697178
train/aaaaaebk_3_3.png,138d0a0d1e623f70d454c7b698bfe26b
train/aaaaaebk_3_34.png,5f736a4837284ac082bfe27f9c6aabcf
train/aaaaaebk_3_5.png,cb4bf986d7f4f7ab4be574c37e26dbdf
train/aaaaaebk_4_26.png,e7a11c1b4a9f330271404d256c81b794
train/aaaaaebk_4_43.png,991135453cbce802cf0f7c57b4dccfa2
train/aaaaaebk_4_56.png,dfa39083a6c322133b0a794d33a73e44
train/aaaaaebk_4_7.png,e7e591b5982dfcbb23542291533b0f14
train/aaaaaebk_5_23.png,2839cdfcc251d50dfb4536a2dad6967f
train/aaaaaebk_5_36.png,069cd48676d1b1095f6f760b8f69ce1c
train/aaaaaebk_5_40.png,f67029c6bb0233dc05b2402608bd4084
train/aaaaaebk_5_85.png,99579aaa2bee38e15fda7352104b6e80
train/aaaaaebk_6_12.png,4701d93c65071ad9a8ee468e9b0c6b9c
train/aaaaaebk_6_32.png,917d80f8dbf44fde5771ea29c73ab329
train/aaaaaebk_6_39.png,88b2ce7872cddb610180ef1626058a61
train/aaaaaebk_6_43.png,6d1acd979af162d5ec685c0153307695
train/aaaaaebk_7_16.png,ce9c74af2f51cbf9076f448eb5905b53
train/aaaaaebk_7_17.png,937cf88a93b8862173e1477188419817
train/aaaaaebk_7_41.png,23525c0a4ee41ba8e23aad9e50a29b2f
train/aaaaaebk_7_60.png,d37df00ea842443e20169106a5be6dae
train/aaaaaect_0_18.png,396a11fa5d550b1166e4258d74c6093e
train/aaaaaect_0_2.png,4bf6e6926db25fdd7cc72dca29ddea24
train/aaaaaect_0_37.png,4a4afda65135f53c9659cb66ec068515
train/aaaaaect_0_64.png,da68bd8b7319a7a5e06227069fc88eb4
train/aaaaaect_1_1.png,f07a51918aaf79f9243fa581d472d122
train/aaaaaect_1_29.png,f95b224c550f068a3260823ad0f3fd88
train/aaaaaect_1_41.png,346ebbcd37a1d173c24fae0d7329db51
train/aaaaaect_1_42.png,b2b4b856742bbbce797bdce60a70bb22
train/aaaaaedn_0_0.png,fb22d5d81e2e2628bd08188ebfbe3cdf
train/aaaaaedn_0_21.png,69274e0375bdf074a327755e04a80b10
train/aaaaaedn_0_35.png,746c78d5183a2c636889022b62c10e73
train/aaaaaedn_0_58.png,e3526701f44f8af94e03fb191fc944e4
train/aaaaaedn_1_17.png,baa901220a760321e40554c9880286ec
train/aaaaaedn_1_18.png,873af73f9f6fcdb50a59fa2a27c9f6c6
train/aaaaaedn_1_25.png,3a21698d9ab6fe1135bfd313cd0b96c5
train/aaaaaedn_1_60.png,8025f9f980d036d38c60ebc9f81169bf
train/aaaaaedn_2_11.png,547e3e2ccfd396f6dd003ccf8f088966
train/aaaaaedn_2_31.png,da949ffb46344a156aef911dec0fa3d2
train/aaaaaedn_2_44.png,d6eaa99f7ad771f7e90ff8a908972cca
train/aaaaaedn_2_46.png,04cd901894061825e4361140a4bd8894
train/aaaaaedq_0_2.png,962fea879e72df5ee6638ca0a3d5ab5f
train/aaaaaedq_0_20.png,eb4771b396e401ae54522831387ba537
train/aaaaaedq_0_46.png,ea577ba412c5df0c5d6a6874ebe9f054
train/aaaaaedq_0_57.png,dce7f40da33594149d4deb95381999f8
train/aaaaaedq_1_12.png,a17c3deb182985237d21778f52593019
train/aaaaaedq_1_37.png,50a1ca379ebf3dbfc337e1e18e6c89a4
train/aaaaaedq_1_5.png,85f2f9c9cc7f523e912f26b1b0fc081f
train/aaaaaedq_1_61.png,5edde39290bbb5216baa4129f2c94c37
train/aaaaaeeq_0_26.png,f48aaa8fa9d365379887e27f0d6cb7ec
train/aaaaaeeq_0_34.png,ebe99554c8b85c58d936969fe46d1ff0
train/aaaaaeeq_0_41.png,3436a410d7cfe298111dd8485e09678d
train/aaaaaeeq_0_58.png,d35ff447633f5e96fc8139791e2af9f9
train/aaaaaees_0_36.png,b66f67c0dacae620ac6a7d3686aaa383
train/aaaaaees_0_45.png,97bf6de7d86ed0428a9bf32cd0699889
train/aaaaaees_0_52.png,adf82577ab944a8a70db3d0561a9eecb
train/aaaaaees_0_67.png,a0dafbc892f6fa8107457e71e7a1b277
train/aaaaaefp_0_24.png,53d5fa5224efbc486ac9950bdd9b4de3
train/aaaaaefp_0_5.png,0a3e6af91975e31f4b7cb0aebde86159
train/aaaaaefp_0_51.png,192b5070dce765c8a71887ae7d72b0b1
train/aaaaaefp_0_60.png,e348427e55edc906b7392d0520d4d098
train/aaaaaefp_1_0.png,670e5cb51bdc4d27b00db7b0ee4aafb9
train/aaaaaefp_1_28.png,55af30b7e7fc9762013055a66b3f7d1e
train/aaaaaefp_1_32.png,41a744796fe62e6aec9e1e43f1183482
train/aaaaaefp_1_8.png,dfa68d88cab9e6c10813e2c65f295b6c
train/aaaaaegi_0_23.png,5a64bb59ff5e2c6b57bf9abcd62eb4ea
train/aaaaaegi_0_28.png,d4435c11984d2568a650ed15863694ac
train/aaaaaegi_0_37.png,a37bb624ee318a53290d23387ae271a6
train/aaaaaegi_0_65.png,4989cb7ccd586e350d619a4f368f2954
train/aaaaaehn_0_18.png,8830eac759ad5f874ecfb298f12e005b
train/aaaaaehn_0_26.png,6e742736ddfee1f136c6723acef5955d
train/aaaaaehn_0_62.png,6321f8f29d26013d681aa42446b853a6
train/aaaaaehn_0_68.png,13a5f3683af9d109c42143b26840ba7d
train/aaaaaeki_0_27.png,5271a3a024d17cde3695d2d13904d7ed
train/aaaaaeki_0_3.png,986f7c0ba9fe81c1df8457ac16aa82e9
train/aaaaaeki_0_57.png,943ffbc8196f52c6f0a9e53b3bfeabab
train/aaaaaeki_0_59.png,81da22948cfd31ec0d8a1907ab0853d8
train/aaaaaelp_0_17.png,6d4a3a6aa2f8b9a053a5eb0e4ae3ee6b
train/aaaaaelp_0_3.png,6975302b99d142121d3ae4f47beabef4
train/aaaaaelp_0_38.png,d81ef20df77f659028aa1f04cfdd943d
train/aaaaaelp_0_46.png,f26d9c0e4d611d5f749fb2efaf28bec8
train/aaaaaelp_1_15.png,f1f683a6b03d8110e595daad898a40a6
train/aaaaaelp_1_18.png,6d48bd926ed2cc762ccc40599b7bef84
train/aaaaaelp_1_35.png,2d697e1588073ff8abe25f7b602dc8f0
train/aaaaaelp_1_40.png,677576470e7b5f6adcd4679dac59f3db
train/aaaaaelp_2_20.png,47f5de11027aca5172cec918fe369658
train/aaaaaelp_2_39.png,450a1963a8bb0d4c5e26f6ab4517eda4
train/aaaaaelp_2_40.png,68c12059bdb4bdf979217ad68eb11dbd
train/aaaaaelp_2_9.png,1c33a4826a883344d8dac80bc0f11959
train/aaaaaelp_3_0.png,c840456bef6d03ea0d2fb164f9815c8d
train/aaaaaelp_3_18.png,100c6ec268c2f025f748c88f09b634b0
train/aaaaaelp_3_39.png,af7b80f55fd7fba5de2ad446f088a904
train/aaaaaelp_3_6.png,fd8cdf2f7581891704ea834dd40c0be3
train/aaaaaenq_0_26.png,573b4999d2e0f482c1757293663d59c1
train/aaaaaenq_0_57.png,930d4cff5e19f8ecd841a3db20d3285e
train/aaaaaenq_0_60.png,e61d383e0bf9b9cfadc84ee216bf79f2
train/aaaaaenq_0_7.png,44f551577c357fcf47f1492e661953eb
train/aaaaaenq_1_10.png,592ecd43ecf4f0d75aa64d3c008c6b3b
train/aaaaaenq_1_27.png,e0e77a0ef9c59c9c4551a8751735d744
train/aaaaaenq_1_43.png,01a1021e6a080eb09bc5d4dd293d3e86
train/aaaaaenq_1_57.png,620fed1053798d535d816675e5c80f17
train/aaaaaenq_2_3.png,ac3ae59c92f9b59804d4318b98c25e9d
train/aaaaaenq_2_38.png,f671adb565e8f98a16aef380a9c6be8d
train/aaaaaenq_2_39.png,a886c625311e4da6ec90518db285a572
train/aaaaaenq_2_7.png,582118f05909e4e9709263474d78c629
train/aaaaaenq_3_22.png,1fdfdd3c0f165fbd9274c0179c083733
train/aaaaaenq_3_39.png,7f275fb6ed915cc05ff4debb0918382b
train/aaaaaenq_3_42.png,38601682f99b0dd5167813f37c40e756
train/aaaaaenq_3_61.png,e6809d2b8d60d14c7875d71662f727ae
train/aaaaaeoe_0_2.png,77ab73076900c2e5f6319f4a69d48b89
train/aaaaaeoe_0_22.png,c32c4a080994f6313dab0b590ebcb389
train/aaaaaeoe_0_48.png,970e492b3df3fee2601c66289e5c62de
train/aaaaaeoe_0_57.png,6a66832470770c7aabc73d78e039795a
train/aaaaaeph_0_27.png,479cf40fc75f9e9f037543a9af3dddfb
train/aaaaaeph_0_34.png,3b48f83c431f0c249aef7f21756e0d23
train/aaaaaeph_0_52.png,21acd42d617fc51cf2e1a860917bb330
train/aaaaaeph_0_8.png,5b3b999b5939cd871e975862327476c8
train/aaaaaeph_1_23.png,9a715587eaf900071e729022583c2555
train/aaaaaeph_1_56.png,bc33ca90b79321fd7efcba16b6809677
train/aaaaaeph_1_6.png,2b082d3396c0fb1163b2aafe45d4344d
train/aaaaaeph_1_8.png,2ed4c25c23cef3f57858052007deec56
train/aaaaaeqd_0_14.png,d622f4a72088a16408558e2a3eae68e3
train/aaaaaeqd_0_17.png,0abda30102da0bf85265289788a96e2e
train/aaaaaeqd_0_23.png,ada61738dc009bd6acc1b44e9a3b212a
train/aaaaaeqd_0_47.png,dd898553880b224640ea6a5156240dd0
train/aaaaaetn_0_15.png,73b7491147c127f693f3692e5120afee
train/aaaaaetn_0_18.png,74fd84ddb7950163f57c8f78747a0a03
train/aaaaaetn_0_32.png,0ad468573f5984c1d0c807791857ea08
train/aaaaaetn_0_46.png,381584d6d7ae6950b4f3cf5d4f3c4404
train/aaaaaeug_0_15.png,40df290f2b682ecd4cef8c69e72b0b94
train/aaaaaeug_0_31.png,479baecc198400193b274bcd58bbe9a0
train/aaaaaeug_0_69.png,035cd3036daebada731268d797a0a941
train/aaaaaeug_0_8.png,6be08010d8818227cb451450535e04b6
train/aaaaaeuh_0_1.png,34eaeb5e6be5834a59860b929a60dfc5
train/aaaaaeuh_0_22.png,ca27ef0db33c9cf93f0f9ae1876d69f3
train/aaaaaeuh_0_30.png,0f7d7f1e43180ac23b662d924ed4758e
train/aaaaaeuh_0_5.png,0c80586072c0b47be5d4b201d3f9ede0
train/aaaaaewg_0_10.png,7de215a600ec0dd9ab109bfe079ce4e4
train/aaaaaewg_0_19.png,16b4d468292b1ba1bed050e65ec648d8
train/aaaaaewg_0_57.png,d291a07dac14d7c7f87e53bb70d74168
train/aaaaaewg_0_7.png,81828b97250e25b470c660cfb5395fa6
train/aaaaaeyq_0_11.png,af2c84a9677366f44d0fd3a5597cd26f
train/aaaaaeyq_0_31.png,d69b6ad08cf9274e00856537ae82a73c
train/aaaaaeyq_0_44.png,6c82e0a8acc0a6547a40f9e2819f7499
train/aaaaaeyq_0_7.png,744b4b6998bb03fa4c6afcebc124d420
train/aaaaaezv_0_15.png,60e790ef7c8aa1bd537afb227f088b32
train/aaaaaezv_0_31.png,446a585961396ac8f7e69d260e6711b7
train/aaaaaezv_0_36.png,7792e1fdc6c811acc0294f855941f803
train/aaaaaezv_0_44.png,3d1ac1bfbc43d82e4afb80df0a2ed6de
train/aaaaaezv_1_27.png,400ebb811029f1cc7186ce7f3556d270
train/aaaaaezv_1_31.png,a68bd7cadd33a5eadf2d7eb0c8572edf
train/aaaaaezv_1_56.png,7c1b421ece0ba52a2196e30a5cc7138d
train/aaaaaezv_1_6.png,29201166340374b9cd44c10d5e037bed
train/aaaaafdh_0_29.png,22081b34fd565069613c40583473a6e5
train/aaaaafdh_0_30.png,f8bb960bec8a7b6d9fc11f4085263496
train/aaaaafdh_0_51.png,462c448e4b80bf2f0d903c9c71346196
train/aaaaafdh_0_7.png,4e376b57ed364bf0755c92520da8dc75
train/aaaaaffn_0_18.png,f49c6575d9a42c6cf3d5dbfc3ef812d6
train/aaaaaffn_0_23.png,670959e519ce1b4c4eea200dcbbd66f5
train/aaaaaffn_0_43.png,0f46fdc8fd87df0d605172e83def86b8
train/aaaaaffn_0_59.png,7158071ebf1ee687c4229fbb7b3d8990
train/aaaaaffn_1_14.png,1e4aaa684ad0766a755c0f999da3a7c1
train/aaaaaffn_1_22.png,77b61ed0466eafa3bf13d493c64f1801
train/aaaaaffn_1_41.png,1a029ffbef2bc0d042fb03d3b76ce0a2
train/aaaaaffn_1_50.png,aabb220030115289138c31304fd1a0f6
train/aaaaaffn_2_11.png,82fc5b0c5617d888160c537e3659e7e1
train/aaaaaffn_2_38.png,dcddfdb1270e5f862620f5fe84a497d1
train/aaaaaffn_2_47.png,ae687cbe50084d2fbfbae9c41914f274
train/aaaaaffn_2_49.png,0c2c67a220461a1915f28f7deb4077f1
train/aaaaafge_0_26.png,232ffc005e3090b75dc4a6f7276d69e5
train/aaaaafge_0_38.png,55b915a468dfdb288513c4374bb0b993
train/aaaaafge_0_39.png,30e0a7dfa6e5aa06542646586fa3ae23
train/aaaaafge_0_70.png,e70cca1097d43a3dc6fa6e1539734454
train/aaaaafgz_0_16.png,948d534589bb7e8b0af44dbc9cdbe954
train/aaaaafgz_0_3.png,1483d673bcd6ef204e96f595cd402f6e
train/aaaaafgz_0_33.png,fc5e91638e979de96fafad2c54e76285
train/aaaaafgz_0_8.png,a8eca4b618fc75da6b5fa96f9a34b209
train/aaaaafhi_0_23.png,0c9e4e57fffc5687454dac66e4b06331
train/aaaaafhi_0_38.png,0265ed79238fc6bfb110bf8c08fef28c
train/aaaaafhi_0_45.png,4a96ddc8cf81bfbf1e329120aeeea967
train/aaaaafhi_0_8.png,c6a9dc490d95240848cada114078c582
train/aaaaafhi_1_45.png,c79fc7a0ca94462b955e10fab0661add
train/aaaaafhi_1_52.png,e9b30e7c41227fcf4c6c68de692f2078
train/aaaaafhi_1_66.png,9f264d076032dad13781fa902823aed2
train/aaaaafhi_1_73.png,ecae22ee61c95a1657b8f5eed07581c9
train/aaaaafif_0_18.png,7feff4461552de6e6c2316079a0e2563
train/aaaaafif_0_27.png,4d0267c36757073580d59ec730fff8ba
train/aaaaafif_0_59.png,379279f13c28384375d612e45d3ce93a
train/aaaaafif_0_63.png,2a8f6909cbee17fbf596b8c1dc9d9fff
train/aaaaafiy_0_35.png,987153154a485b55dd1693da7c4a20c2
train/aaaaafiy_0_48.png,662bb6ae50b350052957e5651d3ef6f2
train/aaaaafiy_0_53.png,d7d7fbf9c2019e951d1865a8c5c585e4
train/aaaaafiy_0_55.png,5ed07b6d550dce2dfdfc4b38fea0df62
train/aaaaafjj_0_22.png,e22455fc6678d2da4ced798f6fa56a32
train/aaaaafjj_0_31.png,e9dd754a0d7b3e18b86eb4b330bef603
train/aaaaafjj_0_48.png,a6cd612b961ad3982e2b84ad936ad6da
train/aaaaafjj_0_8.png,c0e221d70078508d81a2bdb3ce139f91
train/aaaaafkd_0_17.png,7534b20d48b30c470c1308419dcf1430
train/aaaaafkd_0_55.png,d859223565c14da0cbc23b023b3ef4f5
train/aaaaafkd_0_70.png,ec340c0513282129cceda847139d8fd9
train/aaaaafkd_0_76.png,59b533ad209ea6aa0890ba4a93182c26
train/aaaaaflq_0_10.png,b5c2ed8b7853fda3ed451d02bb45057f
train/aaaaaflq_0_21.png,119e9f9435671a2219241a2df6d3823e
train/aaaaaflq_0_61.png,540e56aad31e2beabe905f22adff0314
train/aaaaaflq_0_9.png,3c3086955349793503651f7c71d2a173
train/aaaaaflq_1_15.png,ce44c15649f369f7d62b8a631d652a09
train/aaaaaflq_1_16.png,5949f2c773a3e3dfa93668d61974cba7
train/aaaaaflq_1_34.png,550c4b2a0986ad0f685a92fea8269eb8
train/aaaaaflq_1_39.png,22a28576dcc5d99466906cc0239ff60a
train/aaaaafmg_0_0.png,b4a6ce77612048b62ea6dbfaea1bbb4f
train/aaaaafmg_0_11.png,758179a22e34219877b6514934f6da37
train/aaaaafmg_0_23.png,17455d05697231933cda16c964a2e96e
train/aaaaafmg_0_48.png,9dc3c0add2a2e8094b23d61ed7d36f97
train/aaaaafpj_0_15.png,7df03e66518ad0218f5f9bbe8fbde000
train/aaaaafpj_0_49.png,6b19386be1a4b0262e3827f85625072d
train/aaaaafpj_0_53.png,6374d8555de1c3af008a5d9646e4222f
train/aaaaafpj_0_55.png,716bacdcd14f6566b8f4368505209918
train/aaaaafpj_1_20.png,b7e18edb36d2f63e28714a2367f5dbe5
train/aaaaafpj_1_40.png,08ad64acc033be8afe30c429497fdb8d
train/aaaaafpj_1_57.png,a66f75133284f62faa1af7228fd24fb5
train/aaaaafpj_1_62.png,f612d9ab67a5c6fc9cc86f795f6d9638
train/aaaaafpj_2_13.png,a0ccc93052b9facebba8ece63aac2a29
train/aaaaafpj_2_2.png,2279ea6591a12be2bf661a12f08869a3
train/aaaaafpj_2_60.png,0b86f5ad91fdc19cac7ebb72875beb7c
train/aaaaafpj_2_8.png,ecaabda12c0b38f821d35cc3cdf497b4
train/aaaaafpj_3_120.png,c1e811c140832a99a69e63067ffe58b2
train/aaaaafpj_3_21.png,9b186f64bda85e38de26924cfa2ce637
train/aaaaafpj_3_22.png,378023f7875ab723f866db660f9ad013
train/aaaaafpj_3_77.png,ec7cbb12c3830640d7facf2eae4ef9f9
train/aaaaafps_0_16.png,e5cfe786dd857933142795bbb5952429
train/aaaaafps_0_27.png,e7073f0d0bac46cd8a5eb60832a488e8
train/aaaaafps_0_47.png,8b1e98c7e8ff9fc183f258b3794c0856
train/aaaaafps_0_54.png,6fd580bcdcc4d7fd150c4c57380a1c6f
train/aaaaafqu_0_21.png,b425c3307c8a1d0f43dd81f44658a768
train/aaaaafqu_0_26.png,a825c492c26514bbf0636ceb3825fa55
train/aaaaafqu_0_66.png,8b9e755bd6571b5fb4d519bc251495f6
train/aaaaafqu_0_79.png,32ee9da3d8c7747eb3d1a88a56145fcb
train/aaaaafra_0_35.png,e84dce16a8ed8a52950a4022274e04d7
train/aaaaafra_0_44.png,8efd36dfe02362f2de4950e159900670
train/aaaaafra_0_54.png,401eb2ae9bb216f08ec3bb10e5b8e6d5
train/aaaaafra_0_72.png,06aad92e5b9042973e1075cf281a1d7c
train/aaaaaftm_0_41.png,69f42961b83f9d26ebad61ef712557d5
train/aaaaaftm_0_5.png,0983983e48ec132ed6095ffab20302ce
train/aaaaaftm_0_54.png,f42a0211b463d589d785fe059f755e55
train/aaaaaftm_0_69.png,39efa8094fdba879ef7ed2b5ec777018
train/aaaaafxq_0_15.png,e62882dffc830082d2fa068da6a10b94
train/aaaaafxq_0_33.png,83a50badc2fe5dadea0d0ab8cc9aab41
train/aaaaafxq_0_51.png,df3f0ff47611c70047dafb299ced58d7
train/aaaaafxq_0_58.png,70da98d3e16a03848a82f37150d66be8
train/aaaaafyz_0_11.png,908e8a93ec33c2786c32726562d45796
train/aaaaafyz_0_20.png,be66a9e70165f4fde6ab597825e391e3
train/aaaaafyz_0_29.png,acf2715881af3d57ad7f7af739b7a046
train/aaaaafyz_0_64.png,de6db83d47d8fd93b4c7b8abc9e18a29
train/aaaaafzl_0_26.png,607b2cc435eec705eabdf3463984380a
train/aaaaafzl_0_35.png,e80b41e8faaef61a3c5e6e042ad6062c
train/aaaaafzl_0_36.png,7be9564c78ff9c3faf26df4581fb0a33
train/aaaaafzl_0_51.png,1d051f16358144f09272ea33425ea5ff
train/aaaaagbi_0_29.png,d3d136e7970dd683a08092e54d84880b
train/aaaaagbi_0_33.png,50351818f0a4a9e9cca506894a547033
train/aaaaagbi_0_50.png,19a9510ac1c1574fcf0d4395f19b1fdd
train/aaaaagbi_0_55.png,134b0fd7f6194aee5ac02b1c11600ca3
train/aaaaagdd_0_12.png,19fa01b09156430ff9ce4e7e422e1a5b
train/aaaaagdd_0_24.png,dfb5a6f8c3d082cbb09420f0c335bfa1
train/aaaaagdd_0_51.png,86a2863c00007e03bbfd56510d6f4400
train/aaaaagdd_0_56.png,7440717f37f47568ffa795140aceef39
train/aaaaagfv_0_10.png,19ddc22b4dacf3881229eae0c23737a3
train/aaaaagfv_0_57.png,87f4058fc7cfcf111d4a233a15133005
train/aaaaagfv_0_64.png,6f163fdeabd44dc6c043004a460f90a0
train/aaaaagfv_0_7.png,50813951540542199672a519e4a6db5e
train/aaaaagfx_0_12.png,cd45a74272caf0cd7a16652827d8105a
train/aaaaagfx_0_28.png,680836884cdff00e8eed849b704c01fe
train/aaaaagfx_0_47.png,ad97e2910c2c9ea795402272fe22bf1c
train/aaaaagfx_0_51.png,51be192484e458608050af577a3bd918
train/aaaaaggf_0_0.png,a467930a0d717a1d8fc201146dd03388
train/aaaaaggf_0_36.png,e688e69b0822bf962f391b17b6168565
train/aaaaaggf_0_41.png,faf9a386e6350e7abac455e7f64ea1e3
train/aaaaaggf_0_42.png,5fd4b98326d6a6bec8f0fee490ac71a7
train/aaaaaggf_1_30.png,cfe6c8979c04c013f09d6b454495e073
train/aaaaaggf_1_31.png,28a3c14115f954ce8f48e19404ad65df
train/aaaaaggf_1_35.png,d84a5b4bf43147e61b70088204d58fd8
train/aaaaaggf_1_49.png,00f6a18834b5bcec62e4feffc118f73f
train/aaaaagit_0_10.png,2bb9612ecc9caf6c63440146e970b261
train/aaaaagit_0_34.png,c492ed26d6d4a5289544a0176f2458a6
train/aaaaagit_0_54.png,4c31e5f23fc342cc09174134216fa035
train/aaaaagit_0_7.png,4ca99c5183be8e6ad2a51d6379c85c80
train/aaaaagjc_0_11.png,6b4e658e67460c19c739c4ed5921ad86
train/aaaaagjc_0_49.png,9c7e7ac7cb8bba13ea4562df44fb129c
train/aaaaagjc_0_54.png,d9ee332fed7ec06c53ee86675224f366
train/aaaaagjc_0_64.png,3d94a528fb17c0d94aaac68080dcc3cd
train/aaaaagjc_1_164.png,bb42f91231ab2666a5ff997a979263ad
train/aaaaagjc_1_3.png,5965b8d4e56c8c5088c65ab4887f8e88
train/aaaaagjc_1_43.png,75a16fc45f77a9a39246f60cd54785fd
train/aaaaagjc_1_84.png,f0c1bce06cf9927afde6022124b20ff4
train/aaaaagmh_0_18.png,679943f65d5a5418fd139b57f1088831
train/aaaaagmh_0_34.png,19960e597af0a13c71f89c245ab0e57b
train/aaaaagmh_0_36.png,36b42d4b1988ef933bb6c4d8dc788a73
train/aaaaagmh_0_51.png,c13bd34ed05a7c3824a00cd9b9ad9de9
train/aaaaagmy_0_21.png,f40cdf3d3bec43a3b161740660325fc8
train/aaaaagmy_0_32.png,68fdcc466e3755a9c65c0b62c9f59e96
train/aaaaagmy_0_39.png,d2608c5bd007c3d8332514c64d6368b6
train/aaaaagmy_0_48.png,89f9e87fdeb6971a6b9ec2ee7d8209db
train/aaaaagmy_1_15.png,ff4328878fa356a53b3c1fc35b79bf94
train/aaaaagmy_1_17.png,ccf1a8721618ba0cdcfe416f35d2ec5d
train/aaaaagmy_1_61.png,d3206122b578bc6eec8190291beacf31
train/aaaaagmy_1_63.png,1921fd4b9cbd1cebe23d4e508d3f6033
train/aaaaagnh_0_1.png,044210a493037b204a4c059e63e598af
train/aaaaagnh_0_15.png,60b85f0c9e1cd63e67894d1c44688357
train/aaaaagnh_0_52.png,14289f5f74c1b6eef54d36c44995e614
train/aaaaagnh_0_57.png,e2f7d7983483c90c638c4454d1576933
train/aaaaagph_0_42.png,c40e1610557722d4b03251e3559b9a08
train/aaaaagph_0_49.png,a0c7bcb50c0f7ca7130abe71233cae77
train/aaaaagph_0_50.png,927e9f2ed56a04c03007d4aa77cf735b
train/aaaaagph_0_8.png,075b0de89faa8ad26194e28f1aa48e33
train/aaaaagpk_0_20.png,14cf9064ea4722a5a0b628925ba73a87
train/aaaaagpk_0_4.png,0af190ce360b61d93b51d3a9fc6919e9
train/aaaaagpk_0_47.png,1a928980801e7a7daea8bb6a3a329c12
train/aaaaagpk_0_58.png,92f6c3af815e367db244e1e10701e206
train/aaaaagpk_1_30.png,309152b020115cb1f272d1ae0156dfc6
train/aaaaagpk_1_34.png,b077062d8769cd3f06b4806bc889de5d
train/aaaaagpk_1_4.png,67fb8f0aa4d1dccee3f16685fee14b56
train/aaaaagpk_1_54.png,c20ab46f75c0263dc841a8ef2202f1a4
train/aaaaaguy_0_11.png,7c035c3738ebd87bc05e6de6f1d318fe
train/aaaaaguy_0_17.png,58810628715acc9c11ff3aec53bfbdff
train/aaaaaguy_0_55.png,d752998aa2ef54bef42fdbfbd5fc7099
train/aaaaaguy_0_9.png,39b26c39b6621d3f630cdac3c4bb2e44
train/aaaaaguy_1_25.png,22804d72d44d8343a88c10270e15797c
train/aaaaaguy_1_29.png,0db08c75386c1a0ebc79efe735f75338
train/aaaaaguy_1_36.png,f840f29be623920e9b1050846d9c3b15
train/aaaaaguy_1_41.png,374acd0d1ef946be4e8636664a33a960
train/aaaaaguy_2_39.png,4af727a56fa0fe28864007b6cec53b35
train/aaaaaguy_2_4.png,0de23fe206b975a05540171858824ca4
train/aaaaaguy_2_43.png,41d321cef59f387f629cc8dde526ca01
train/aaaaaguy_2_59.png,e6ebff515ecca48599e48403cd27e67b
train/aaaaagvr_0_14.png,cebf4af723a0f2bc9a154d9c4502f9ca
train/aaaaagvr_0_28.png,badf883a6f3e1049121cbe94c7b3c94c
train/aaaaagvr_0_42.png,3abd0a00ee65a8d3acd01d20e23e4808
train/aaaaagvr_0_7.png,8f0184b326aacc5a0dc1c79291f2a46e
train/aaaaagwa_0_39.png,284fa3986ca5b794c31e412c9f540e48
train/aaaaagwa_0_43.png,414e631e62a5ba26615f5c6ce01b8c2a
train/aaaaagwa_0_57.png,7bb3ed6dbf66fefce5557571599f725b
train/aaaaagwa_0_62.png,6bea2c51b0607c50640f7847d57e3f1b
train/aaaaagwa_1_2.png,7fbe9a66b657fea611c35112ff52252c
train/aaaaagwa_1_41.png,708f9ef5a148d94a6104d360bd56ca72
train/aaaaagwa_1_48.png,5283f2b745490a703f7d5e236b1baee3
train/aaaaagwa_1_62.png,6032bd9df0da7615e72501e903e38f9a
train/aaaaagwc_0_24.png,86cf7ebf07a04e08d94819f2c30ddf6c
train/aaaaagwc_0_46.png,784b126271a3ea932e247ca06ace1e77
train/aaaaagwc_0_5.png,900585e7819acf36bf209ddb87b83da4
train/aaaaagwc_0_53.png,86258fa457e47675f7a5c21b264c27f6
train/aaaaagxr_0_24.png,aef9c6aa4f8024a3d15bdb25d7213725
train/aaaaagxr_0_34.png,76f760cd48c069ede07dbf0df515d4b9
train/aaaaagxr_0_47.png,5d28ed319cce70f404a0cdd83313a99e
train/aaaaagxr_0_68.png,24385b3a1df2ec200a7aeb5a3c749dee
train/aaaaagxr_1_13.png,5e4c553f7f288377f049452e1842c6e5
train/aaaaagxr_1_23.png,a4eb247001befa714f09d53ecbfd2fe9
train/aaaaagxr_1_41.png,bc426a8f3d7e7a5200dd9bee96b18bcc
train/aaaaagxr_1_47.png,827157b0d44c0ef917af1274c8de282f
train/aaaaagza_0_26.png,fcae974f737a4b778082108e72e9aa1e
train/aaaaagza_0_3.png,15c09bf4a3fb8805ef520db96a00ca87
train/aaaaagza_0_35.png,b840abf943c6f97d2b6cb027887c9986
train/aaaaagza_0_60.png,cb0370eda66855883e7ae81891fc3651
train/aaaaagzh_0_1.png,7af6cf9fde19d29e33ec4f8447dfd5a2
train/aaaaagzh_0_56.png,e86c17cd560e749d49ea33ad0dbf6b7c
train/aaaaagzh_0_57.png,339d6a4b7e8feba087f23ccb30bf5f31
train/aaaaagzh_0_59.png,5f27679e09990955e772889a76cfec58
train/aaaaagzp_0_18.png,d0d6f19d31b73402a8e2eb47f6120f4e
train/aaaaagzp_0_27.png,a998362d183f2f2288ba6e3bb1343c58
train/aaaaagzp_0_51.png,5eba02470282432ef2c4120f17597c99
train/aaaaagzp_0_67.png,93c8c2490411dc1462cf7f13d3491720
train/aaaaagzq_0_24.png,509a588ad6d2cfebaee8d54cf2ab5a91
train/aaaaagzq_0_31.png,f49629977fb15a07233ec3059cf4f816
train/aaaaagzq_0_51.png,a91cc219399578c04e79b1ce36e71de3
train/aaaaagzq_0_57.png,e84c0b5733c6b449f94625f0a74efae2
train/aaaaahbm_0_20.png,5f841eb8d799f78c0f88dbe7beb79ece
train/aaaaahbm_0_25.png,0692003bb84ffd2fc361a93168281ee3
train/aaaaahbm_0_41.png,8b1c5505d3d58cf1d5c3b66cda9827a2
train/aaaaahbm_0_58.png,b111334b0ab8248418b80675a6054919
train/aaaaahfx_0_21.png,5bd694d16ae450d29a8fa2f89addcd6f
train/aaaaahfx_0_24.png,6dbc7470929efae80cdfb2c7b4b088f1
train/aaaaahfx_0_34.png,5e52a6ae00cbc02efcd07563547452a1
train/aaaaahfx_0_52.png,205db47d8c68e4fecc16e7fcdf21c1b8
train/aaaaahht_0_34.png,0d9f0bb16719fe930146c9f7bfd29173
train/aaaaahht_0_48.png,ecf90ecf78425a77930b8188d1a7d576
train/aaaaahht_0_59.png,8a727878af365d5479a1678a4015537f
train/aaaaahht_0_9.png,7f653bd82c2a0764b578d7fbc0e82b3b
train/aaaaahjk_0_10.png,65c213e8eb66704bfbc832aa3188e39d
train/aaaaahjk_0_16.png,b323fb972fdaec9cb7bde03e2384d24f
train/aaaaahjk_0_41.png,b6970a06c6d8ddf9d3ca55c2f455a11e
train/aaaaahjk_0_70.png,2f148289f832d481d9edece5d4874e0c
train/aaaaahjt_0_20.png,b1c1f8817adbe4473ccc002ecd80fc9d
train/aaaaahjt_0_23.png,c9ebbf3603d023a9803af63f6892be78
train/aaaaahjt_0_32.png,f6875413bcb04f2c00c9152a2cd8fe9b
train/aaaaahjt_0_51.png,a3814d8fdaf3800495f6a6f8cb8b56c0
train/aaaaahju_0_0.png,233727542d285fc5ca598e354a1ce7ac
train/aaaaahju_0_21.png,43eb31da3887890712cbec89e1129a82
train/aaaaahju_0_53.png,40c97bf2b4c819e776bc138c5fac40e9
train/aaaaahju_0_9.png,f38239e0a315f31ac4916a72ad8f3eaf
train/aaaaahmd_0_17.png,e89e8b46bf98d1e5d175af8b5f9b0d1b
train/aaaaahmd_0_25.png,ebece60c384ffa1f1cc82ba683536d39
train/aaaaahmd_0_30.png,4c51c251f82986b0dedcfa831efe5cf2
train/aaaaahmd_0_42.png,f39105dfc2ea770d7a8a35896f559098
train/aaaaahnb_0_34.png,568515aa9ccf1a58249445afd85e1f50
train/aaaaahnb_0_45.png,f076a1357df2340a4ebffcb9d6a21654
train/aaaaahnb_0_47.png,c45477aebb7951ad9f70ddc628b8d7e2
train/aaaaahnb_0_6.png,d1f91051b8b60a6a73efd56827873ac2
train/aaaaahoa_0_31.png,368e7ca6aa3f595d1d71568015598063
train/aaaaahoa_0_33.png,10d78efb1b0621dea201e33edff4d7f8
train/aaaaahoa_0_37.png,4249c30891815c6bd2d6709ee64b34e1
train/aaaaahoa_0_7.png,ec163c93e7f6305142c2302d8b7f267f
train/aaaaahoh_0_1.png,97985329bc5839f058803da0430c37d0
train/aaaaahoh_0_10.png,c72974923b6690bbc325dc6ba16896f7
train/aaaaahoh_0_14.png,865059cb7fd23018621e39de227d1fb8
train/aaaaahoh_0_3.png,5e0bce1058a9df0f2a5d6c000b423794
train/aaaaahok_0_0.png,785dcf2388491e4c3885d3b9980c852c
train/aaaaahok_0_18.png,52128208dca45d490919971d80e1ed29
train/aaaaahok_0_2.png,effa3fec847bfd6b2e61a0b92cb5b9ab
train/aaaaahok_0_43.png,9671b45ded561dcfa07f468f62d8a03f
train/aaaaahov_0_12.png,7f97084fc755c12e0975834e0473758e
train/aaaaahov_0_19.png,c812305d200356695a5ab865c6d0260d
train/aaaaahov_0_7.png,38671b421f88b3d7d196c5a98f22abf7
train/aaaaahov_0_9.png,1998cb0dc7e234d4b010aedd5b5c66e1
train/aaaaahql_0_22.png,e7aaa25b4c3c485461fb4112e1e4f29b
train/aaaaahql_0_33.png,c1e4c4ae0dc6cd9a0f378c1b4ff99eb3
train/aaaaahql_0_39.png,47c4fb7a31f9b475ecc0f373f312ab41
train/aaaaahql_0_55.png,6ee443721096ba57bfb8da73c30f1d5e
train/aaaaahrd_0_0.png,cf5175abbead97a88b15b9e7df1b574e
train/aaaaahrd_0_23.png,c7a46fa33f581c22874d914e54d452cd
train/aaaaahrd_0_29.png,a2814ab6e059907c45a511be402471b2
train/aaaaahrd_0_44.png,d01b653514f921f2da84ceb5a66c3f40
train/aaaaahrs_0_23.png,993e40b6b2907903dcebab9f5c9e9d13
train/aaaaahrs_0_44.png,f78bea4bf1a38310824f3ddc14326d83
train/aaaaahrs_0_46.png,908dd8deb2c8a2435cc977392ae81ff3
train/aaaaahrs_0_53.png,18e7db416544b986edde4a97b61e3a38
train/aaaaahsy_0_11.png,200edccf8d8792a421cf24120d9b6a33
train/aaaaahsy_0_14.png,d655c6685e0d7ee67a910e96791376f0
train/aaaaahsy_0_22.png,2e28ae07678805da1a8110e23d20090b
train/aaaaahsy_0_27.png,11d8f3f5ce5cc7afd4f9cb71faf23efa
train/aaaaahue_0_17.png,1b0cbfb072d5c61f3dff0d9bcc476df3
train/aaaaahue_0_27.png,37fc0ac54bf0a050e2a2c6649ed8f22a
train/aaaaahue_0_30.png,c9afbdbaec713e48f2b959ba17f6ba35
train/aaaaahue_0_48.png,514543f63abffb131f3f8a649df58f6a
train/aaaaahun_0_1.png,2470880f8d5baf78e29c08e20616449d
train/aaaaahun_0_2.png,eebdaea7b48b5342bcb72b48c449ca9e
train/aaaaahun_0_25.png,c03f5fb4361b5e4db56409d2055bb24d
train/aaaaahun_0_40.png,78f469f4dc0ad015f14371c9c5fb5895
train/aaaaahun_1_15.png,51f64beaa6b768845df3933838d560bb
train/aaaaahun_1_34.png,6a413a98123f74659b7e0116390b2593
train/aaaaahun_1_52.png,1814ccea7844965bce3bbc13e7d05ba6
train/aaaaahun_1_7.png,13d614b7efc7dec626c48aead723cb87
train/aaaaahun_2_15.png,1fef6cb006252f74ef4633f16be56a11
train/aaaaahun_2_19.png,51d21e5f009dce7be588ca7aa2c669bd
train/aaaaahun_2_32.png,9a09d788f560765f2191e11566848b74
train/aaaaahun_2_40.png,04af981060c53724db9fbff4fdcc056f
train/aaaaahyd_0_13.png,bd4f55e1af8ba81c53584efbae836627
train/aaaaahyd_0_17.png,24680d09464d43f30395492167ba8e2a
train/aaaaahyd_0_24.png,7723364c42fcd81a7e90cf7a21263c77
train/aaaaahyd_0_4.png,c0e8e265bc015dc2a4459c711d5a3e87
train/aaaaahyq_0_18.png,7363d12e30e3091ca03f0d2ef96fc98c
train/aaaaahyq_0_30.png,db71ef91b79bf3067540ee41f5bd15a3
train/aaaaahyq_0_41.png,d25c86aa3dcc49632d7e5884fb59ebaf
train/aaaaahyq_0_9.png,de4e64ab86b82940afb1c57ae83cf341
train/aaaaahyq_1_123.png,32e4ef8e03a1b8eef498ec1b80030d61
train/aaaaahyq_1_126.png,97fbdb7da0071fd0b9b02ffde3ae89a8
train/aaaaahyq_1_82.png,6c82ecde0de971d5eb0377997dfca029
train/aaaaahyq_1_92.png,f9d19bfafeb179698950b38c36222ee4
train/aaaaahzn_0_19.png,48427d286ba2a34cec9763bc8a52e818
train/aaaaahzn_0_39.png,4e1923d82027371db9eacb71f9f91625
train/aaaaahzn_0_44.png,f47834f471a2d24640dadd49974c21d8
train/aaaaahzn_0_47.png,afdbf51b2d735086924f82a41586ad13
train/aaaaahzn_1_13.png,f0aa8f2955f747288989bd29f045c442
train/aaaaahzn_1_40.png,34430364f31325c0b16dd8f5f7bb85e6
train/aaaaahzn_1_48.png,41d18698c59197255a17fd4604a361ba
train/aaaaahzn_1_50.png,a39e4975866d5ae3b0f6dee9da6be2c7
train/aaaaahzo_0_1.png,f0223c17e5e1a75c6e31ed412f3f877a
train/aaaaahzo_0_44.png,29abc17ee409325d0bb1c0755dcb5e57
train/aaaaahzo_0_57.png,440036f183a7d0dc685df496db1c760a
train/aaaaahzo_0_58.png,5d2995f0e4fcfd66d010094ca25bd9f5
train/aaaaaiat_0_1.png,bfb758347bf514dfc8dd3352a5bf67b6
train/aaaaaiat_0_33.png,283395c6bc9da28c7ab0772ff4819257
train/aaaaaiat_0_44.png,39f208af47f19e3e72d2fff0adfe25d9
train/aaaaaiat_0_60.png,002b0c56d05a94ae61bed66646fa5489
train/aaaaaiat_1_17.png,b3c55334a041c236a72fe5eb22dba935
train/aaaaaiat_1_27.png,8dc842306b31e83210c7929f9a0b3698
train/aaaaaiat_1_30.png,e3708d730e1b3422fe73a9cf1d7e8e60
train/aaaaaiat_1_56.png,44197cfd438988a69b8d14e08c86bebf
train/aaaaaiat_2_12.png,ab3ab2a512ea9b0f2eabe7f2922b6d45
train/aaaaaiat_2_28.png,1a8c64a4fd10d06286e236c3737469de
train/aaaaaiat_2_47.png,9368d7d456cdec2d884e298b986999c8
train/aaaaaiat_2_59.png,be625a16629508198838be1e043cd65b
train/aaaaaiat_3_23.png,ff6ed76f00ffc8494247245ae8e846f8
train/aaaaaiat_3_35.png,9ed8f70cdd890dcf263b1783647f96e3
train/aaaaaiat_3_44.png,cdc870658f2cc2f31a0a8dc66d7fe156
train/aaaaaiat_3_46.png,a6844eb5307314ff23d2587baf7fb4a6
train/aaaaaiat_4_22.png,652c670ec37009abe30e4ccb036f8bbc
train/aaaaaiat_4_26.png,7e552ecbdcbabdd209e3b23b24c970d7
train/aaaaaiat_4_38.png,7b3c047136606f60c1f8be06c9439848
train/aaaaaiat_4_53.png,448cdac111e36ba59c9b71b4f3eefa99
train/aaaaaiat_5_19.png,e20ca219686757f1b453ef7cc0cf318e
train/aaaaaiat_5_42.png,b0b650fa4491dc13194370b800f89725
train/aaaaaiat_5_50.png,62da410d7556d409a38a879efdb483b2
train/aaaaaiat_5_51.png,5fd6207ef52f51fa1735c94b26e497ff
train/aaaaaibk_0_24.png,b0505869a2a294133787e33aece90c7c
train/aaaaaibk_0_25.png,e82d7bb0f9da52d02579c09a39e706b4
train/aaaaaibk_0_26.png,07efc3def881868eccbc9c3b7ba4cdb3
train/aaaaaibk_0_43.png,c3f2efa27807d2124dc57cb79ff16879
train/aaaaaibl_0_16.png,46f37f940ab625d40aa3a00fa198b48f
train/aaaaaibl_0_23.png,2d022e7cbeb62b7eba732f87d62165e8
train/aaaaaibl_0_31.png,bbd17356f693a15c54cd01e7ffdc4065
train/aaaaaibl_0_40.png,ffda16a99ce454ea4458d5ad53961a2d
train/aaaaaibr_0_22.png,d079fd6e9c727e82d8526795dfa6be88
train/aaaaaibr_0_48.png,a1c668bfb3d41085cc9ef90845e32b3e
train/aaaaaibr_0_50.png,c6819c8b7c01e9fa54262208f9dc3387
train/aaaaaibr_0_55.png,8c4ac7145e8c35bf59d447867db09879
train/aaaaaibr_1_16.png,482a915877f8342f1a2cfb5e193d337e
train/aaaaaibr_1_29.png,168eeb721d38aa1951239d9e2bf3cbb9
train/aaaaaibr_1_57.png,952c88cb39f8e80e3e477735e1a2bf1e
train/aaaaaibr_1_61.png,8bd0504e52ec11708ff6a998fb8a6b3a
train/aaaaaibz_0_1.png,20539f56764fff29b2d5f8b08fefd972
train/aaaaaibz_0_12.png,ceb6623c4d1d9d7be277221e48e15f35
train/aaaaaibz_0_17.png,09cee578b7c2a298724216fb8b548d77
train/aaaaaibz_0_3.png,949df1f63b1f17cd96272acd257ebad5
train/aaaaaicb_0_12.png,47d6c8dcd2945f7a785edcb3352e39bf
train/aaaaaicb_0_22.png,07181120c32eebb870ec57cdf20068c6
train/aaaaaicb_0_45.png,e921269fe727113d32af2af7c042e1ca
train/aaaaaicb_0_51.png,7b190e59498f2a3886b8b8094a8e5024
train/aaaaaicb_1_19.png,ca7b71d6d53f0f2a234afcf6af3d8ad0
train/aaaaaicb_1_41.png,59531be31ef55abbeebc9429e24cebde
train/aaaaaicb_1_48.png,9ed9a64df75166d88d632caac1c2d063
train/aaaaaicb_1_57.png,5a911d0d3605f0e52fe6798dd505365c
train/aaaaaicc_0_124.png,dd6ba89d8ce2c17edc7ac26a14a92913
train/aaaaaicc_0_150.png,ca46a6583800196603b820d8607bb58c
train/aaaaaicc_0_173.png,0c6c6f8178774bc9054ecf578f55d359
train/aaaaaicc_0_59.png,cec206310d57a642643270df020c6cb5
train/aaaaaicc_1_15.png,c204aaeca82659b3f7b301a21d0e9e1e
train/aaaaaicc_1_43.png,014b01365108583359f3ae068653493f
train/aaaaaicc_1_46.png,5594f15e3d468f36abb510bc991003bd
train/aaaaaicc_1_59.png,d0616e307d150f97a6033469789893f1
train/aaaaaicc_2_123.png,4188c22be4642ee53a44db727d62a881
train/aaaaaicc_2_17.png,2466f1cb3da791be33edc5f801af0002
train/aaaaaicc_2_52.png,43d031ba0351a825432db129dcd02412
train/aaaaaicc_2_59.png,2466b77dc3e165e06d4d37e43fbc98ab
train/aaaaaicc_3_11.png,f0eaca54c644099b77a116fe40697676
train/aaaaaicc_3_17.png,30452966bf76daf0eb0dffd251a7ebd4
train/aaaaaicc_3_20.png,13726d6c7e95a9856d630ad7458b4dfb
train/aaaaaicc_3_26.png,9c728753b9f105e887820bc0ecdd5a03
train/aaaaaicl_0_20.png,02695bf19e160f8e8093527ff4ee2933
train/aaaaaicl_0_25.png,69b12a2ec5888ed7ff09ecf639b4071d
train/aaaaaicl_0_29.png,a18fe3b01b0cfa86c85be587ccffe8aa
train/aaaaaicl_0_40.png,5019c7733cf41e02fe512e6e521f4716
train/aaaaaicl_1_13.png,c15704f1f4b3fca0a51f1291c90ccbc9
train/aaaaaicl_1_18.png,1008955a7625ff44f377ccde384894f1
train/aaaaaicl_1_33.png,c8c52f7f5d0a4dcfc22d6df424360eef
train/aaaaaicl_1_50.png,bd351971333e404f7dd7ac623be3faab
train/aaaaaicm_0_24.png,30c3ee97e4365a4bb6efd79334c8bd1a
train/aaaaaicm_0_3.png,47d75537543a94cd2a1d2bca209350e2
train/aaaaaicm_0_48.png,0e77d02426bb0df33a59abf632397ab0
train/aaaaaicm_0_49.png,3067f5824252cb3f7844e643c1e94aac
train/aaaaaieb_0_12.png,916657430d6fe697bc0953384f044c0b
train/aaaaaieb_0_17.png,a3b612703f84c7898b29f3cf6d6c6770
train/aaaaaieb_0_36.png,95d167f2f2c67b3c6e2b05b8379ab3f1
train/aaaaaieb_0_46.png,9ea0f0d5ef9df44ed33df599d049b80e
train/aaaaaieb_1_15.png,f483c817ab393ade2772f28612997fae
train/aaaaaieb_1_2.png,bbd30f0bf7353773e57ecace44bff802
train/aaaaaieb_1_58.png,39a499e404b6bc7d9e571dbf812636c0
train/aaaaaieb_1_8.png,6a54e09578e9a4c45945e798d89eb07a
train/aaaaaiev_0_2.png,e9d8660d53552010cf823e2f27960782
train/aaaaaiev_0_22.png,e51046e75f66246e19a5d6145f9f7d8c
train/aaaaaiev_0_34.png,4bb5278498eb2d26aae30e0356faba72
train/aaaaaiev_0_38.png,cc6f25ab45f9f4b57db5f29cc37e7265
train/aaaaaiev_1_3.png,8f79563eee273ca757bcae7b82f8b3e0
train/aaaaaiev_1_31.png,f8595fa8bb2ad9e9c9ace73c99957d1b
train/aaaaaiev_1_5.png,8c32d6dd23c0e12fb08820977f6a43d4
train/aaaaaiev_1_51.png,fcde0590bdc666ef97f12a3004ca3774
train/aaaaaiey_0_18.png,343e58ff71c1c5a3435a7b8f29985ad1
train/aaaaaiey_0_26.png,5e63d36989ada87968a605d9ff66bef0
train/aaaaaiey_0_30.png,abcd75c98a6d44d27b8bdc4e7411b409
train/aaaaaiey_0_41.png,a7c75152619f0a6247256a44f4e24b68
train/aaaaaiey_1_23.png,c852107757e1096220d84cc0d6e8f657
train/aaaaaiey_1_47.png,ea71f076f06b39d47a725e209731d581
train/aaaaaiey_1_49.png,94522f4597006e370af1e898d5027f40
train/aaaaaiey_1_6.png,5c4d0d512f84c8d282b79abc125b97b4
train/aaaaaifo_0_0.png,aba00a0009febdbe1d3b4caa7c414804
train/aaaaaifo_0_30.png,1ef17d47f81aac47e3e088919a0ac1ad
train/aaaaaifo_0_31.png,c786f2d1b51499b0da74f904024e5844
train/aaaaaifo_0_37.png,a2f5694276986f5912c378acfb191d0a
train/aaaaaifo_1_11.png,aabe1ab6e225b90c7af1d173fe8a25da
train/aaaaaifo_1_2.png,b48e73156101992205e93eb6093fd9fa
train/aaaaaifo_1_36.png,6f2ad9f4ed04a98a1f56767963ca7076
train/aaaaaifo_1_49.png,3474b69265cb6b894a3a5f519f36d81d
train/aaaaaifo_2_0.png,60d386dd9ae7951b7aec4d0f852706c1
train/aaaaaifo_2_4.png,982c97d90c31aa365da1933272647cbb
train/aaaaaifo_2_48.png,ed08ae6f2fcbe3b16243dccffe6c515e
train/aaaaaifo_2_7.png,92284c488b0c364dd56971a85578b250
train/aaaaaifx_0_10.png,0ecad9f58041de203b63f7f211f64fb2
train/aaaaaifx_0_17.png,338427cd3bc2515e9dc1b5ca6293295d
train/aaaaaifx_0_20.png,98bdecbfe892e5e9a2509c8d4ebd6db7
train/aaaaaifx_0_4.png,56f397804a96bcd7680ad7ff2701524f
train/aaaaaimz_0_12.png,4605469233455199ab0ed05919b52467
train/aaaaaimz_0_20.png,63caaf7b51c84aa9a95fa8b86aecbc33
train/aaaaaimz_0_42.png,6d79c6b8c7b4c838a0528afa0137e4de
train/aaaaaimz_0_65.png,a138ed1ad47e659edde6b3deb656fcf1
train/aaaaainj_0_15.png,1680f17b7121f659b3ed1c04cc0e1df7
train/aaaaainj_0_23.png,3653194b038a01de028b7220b7e8d59a
train/aaaaainj_0_24.png,75531e9c6f2f1ab03429ce77a1e7d84f
train/aaaaainj_0_5.png,a24c96f899a43f760a3d3f92a88d5a9c
train/aaaaaint_0_16.png,4a24c0ea6543a5c82eed9ccdb49d93cb
train/aaaaaint_0_41.png,b28ab7b81363cd31366f82e1624250bf
train/aaaaaint_0_44.png,f88ffb665ab26bded5589b9fe191eea6
train/aaaaaint_0_57.png,a143ddc29674d2386b23c28d19d2d5b2
train/aaaaairk_0_21.png,7298b94d7afd47dfa0e7b1eb7fda262f
train/aaaaairk_0_22.png,c14fa3f5fa64655136f624221da33227
train/aaaaairk_0_32.png,ee360f03613a890b99033bbd2a6fa16a
train/aaaaairk_0_59.png,611d18c51540a3f61943e05589d04b3c
train/aaaaairn_0_38.png,61f3b54ad98a6176800e7b1d2ae3d4af
train/aaaaairn_0_42.png,09cc403c912f71a9ccdf4c093ab5c93d
train/aaaaairn_0_44.png,b24e5b9382cd12f8ce8d1c4801336074
train/aaaaairn_0_59.png,52cb3d3110d401d8a65472bd82e04c66
train/aaaaaith_0_125.png,7c707f8e85d1655aecda14af4cc50607
train/aaaaaith_0_24.png,e3292f4a0789e0c068e5fe3ba7befb98
train/aaaaaith_0_38.png,13f72b6874f7acaa08b4f4bfe55710e9
train/aaaaaith_0_86.png,271094878dbfbcab532955f7479c6542
train/aaaaaith_1_128.png,d8d062c9d548b792b1d8c5a35934dde8
train/aaaaaith_1_164.png,0a444d3ef4cc4351748ad606b39589ac
train/aaaaaith_1_168.png,83a5839f18a4560bbafad6c06d7bcc15
train/aaaaaith_1_75.png,9f0b3d5233caa34b9089ba0990eff52d
train/aaaaaiua_0_16.png,398d0aca30a95c3b531ecf683c9044bc
train/aaaaaiua_0_37.png,f0c2799e6e35d1650641ef498c3797d1
train/aaaaaiua_0_38.png,9454caeaca8b5ed178549030cd2342d5
train/aaaaaiua_0_8.png,ec1d33d75b977ba45f9182368e44d24e
train/aaaaaiua_1_0.png,a4f734e8e9d9a8a503dd986333e6f6b4
train/aaaaaiua_1_10.png,aea6c99fd7015abb6d4c8cd24a04bb53
train/aaaaaiua_1_7.png,754feeb593ea73021dedda0f32b5c1a4
train/aaaaaiua_1_9.png,651b8deeae7ab3bd4d69c0bdb26bdcf3
train/aaaaaiud_0_15.png,fa86be8cdb0ba4d33831c6a94bbf3171
train/aaaaaiud_0_33.png,76139275e96ec2bb25626d867077955f
train/aaaaaiud_0_41.png,d38af4e1c6b91689631624121357da2d
train/aaaaaiud_0_53.png,a07e89e5695367e9a4ab62cd8cc0b415
train/aaaaaiud_1_27.png,f5cb4738665879e2bd139397fde436db
train/aaaaaiud_1_37.png,5eb9bc9fbaca6c799cb2a548ae2bc4c8
train/aaaaaiud_1_44.png,cf180f9bb74de0691f90c71fbb25f3d6
train/aaaaaiud_1_53.png,48af927850dd8d854798a77958a32157
train/aaaaaiud_2_17.png,3d4dad4c3f6a6833870a1548e0cf48ff
train/aaaaaiud_2_18.png,98940a9a3eb1b0890911bba081a53e50
train/aaaaaiud_2_52.png,4164c31295b325f79b4f0da5621ca565
train/aaaaaiud_2_9.png,e5e503961df5556956260434abeea333
train/aaaaaiuk_0_38.png,d2a2eeca685d66244eb355b7f915b838
train/aaaaaiuk_0_39.png,f94c15e470c390a56c7c18dff4b7c17d
train/aaaaaiuk_0_52.png,85e511f03bd635a788a996e94a325e5b
train/aaaaaiuk_0_53.png,53b58cb2589b176ea43e65646a60d064
train/aaaaaivl_0_11.png,808a488cf6a80c6902d571b4fcbc2f6b
train/aaaaaivl_0_34.png,2458953076a0ed259480f9e2e7bc9be6
train/aaaaaivl_0_52.png,d931930e8ec755ea90562101918949b0
train/aaaaaivl_0_6.png,17d60b6c0c3f2d4d308c7c2dc71bfccc
train/aaaaaiwo_0_15.png,2a946e66cae2c6a5315fbbab1576ecff
train/aaaaaiwo_0_16.png,660a016120a5ca2a34daccb61de2446a
train/aaaaaiwo_0_18.png,f7a9bf65f422f51912fbe0689840fdbc
train/aaaaaiwo_0_5.png,c492828452f27f8275b6c339a6fc3476
train/aaaaaiwo_1_14.png,dd61870d52375cd4575ba437869cd35d
train/aaaaaiwo_1_27.png,dbe3ba4f4b89233ecc2cde8a88f3d883
train/aaaaaiwo_1_46.png,a41e1a422144a522f75d790ac70773ba
train/aaaaaiwo_1_50.png,c7398a1f053d1be099b27b7eb6e37c68
train/aaaaaiwo_2_18.png,e98d83d9111cb9567f7cc70d542782f5
train/aaaaaiwo_2_38.png,795a31aabf1015c423d8638f2f0eb3e3
train/aaaaaiwo_2_5.png,9a1f9ecb3dae63e2c3e0094bb6462ed9
train/aaaaaiwo_2_56.png,c442c07fe25fe7df4243a07ef401a5ff
train/aaaaaiwp_0_19.png,30fa66ecb073726772431eed9b21bf62
train/aaaaaiwp_0_54.png,ebbf11b6fd5b4fa2762f0013ce58ca0e
train/aaaaaiwp_0_59.png,e9a5bd63ca35d9f49078ffae25e22189
train/aaaaaiwp_0_8.png,b870006c72fcf7184f372e26e8e4e7a8
train/aaaaaiwr_0_0.png,f7962b9697287a7757ebb39866fc7176
train/aaaaaiwr_0_18.png,e7938916b0036a6404702c7477fda88c
train/aaaaaiwr_0_38.png,046a983f679e8a2613271685bb3975e0
train/aaaaaiwr_0_53.png,19be319ac47a00c8f3f360254bc4edf8
train/aaaaaiwr_1_27.png,2646c28d84cb544a89063038c38aa3d7
train/aaaaaiwr_1_37.png,973ffeaad15f6a9eaf5aa0d41e326cf8
train/aaaaaiwr_1_43.png,1fecfec02ca267b6d778d2c0cd50e864
train/aaaaaiwr_1_46.png,4d57e85dd07f888f17f4451429a6024f
train/aaaaaiwr_2_13.png,24fe3cc3c854f83c075cb2412089d639
train/aaaaaiwr_2_28.png,623d441c3a2f6c8f036153c4c2244d10
train/aaaaaiwr_2_29.png,e350396c9992ab35d69d7b0062a7248b
train/aaaaaiwr_2_56.png,e7c49ca1441f05043d38cd0fd00d8b7c
train/aaaaaiwr_3_23.png,440b13809c58620094fa2dfd7c267e21
train/aaaaaiwr_3_4.png,e3962b1822accfc34abd19d5601759d8
train/aaaaaiwr_3_53.png,4edaa31bbdd24ae275ff699d582a2ab8
train/aaaaaiwr_3_57.png,1abbdee72b001164cc6a24c33a7564f3
train/aaaaaixg_0_17.png,d47563535fc61ff458b2e7d8f4143aa5
train/aaaaaixg_0_28.png,fcc394abc797a607a52bc73c73fae8d7
train/aaaaaixg_0_37.png,85b3e8ca28c72eea5d4c28f79768e3be
train/aaaaaixg_0_52.png,8d097adec2a9afcfeefe1ad1f64b28c3
train/aaaaaixl_0_37.png,54b28d02505ca6a26f69c6f06a8de5de
train/aaaaaixl_0_47.png,e5e3e47dd4a2ee5ebfda63fef00e365a
train/aaaaaixl_0_5.png,fd3bae4741f610a330f4cfbf75f3231e
train/aaaaaixl_0_51.png,4f3b6417133f051a7a81391031ce2984
train/aaaaaixl_1_2.png,2d86f06daf184bf622afb35370a8a773
train/aaaaaixl_1_23.png,c3337a62704cf2909bbe9a5af5c2a96e
train/aaaaaixl_1_56.png,b850521467610bf1e3656daf79ab670c
train/aaaaaixl_1_58.png,5d523396f4d8d76a45f580eaedf89310
train/aaaaaiye_0_28.png,a1f3839eb05defb84e3bebde5d673bc2
train/aaaaaiye_0_30.png,433caf9eab497989962a0a0b91fec671
train/aaaaaiye_0_37.png,ea05ae8d07e865177587c57b416eed84
train/aaaaaiye_0_47.png,13908b40c25c3760138883f664f3b6a2
train/aaaaaiym_0_14.png,2d9217705a6af684b5201cf681b33441
train/aaaaaiym_0_21.png,b52e2e5f1492d1b31a9238a67397160d
train/aaaaaiym_0_26.png,eb619d02681d2fb5276860df63f9ac5f
train/aaaaaiym_0_57.png,4d2af8d889a182985b9c0de7a26443fd
train/aaaaaiyp_0_12.png,f1d87f473889beb193a4377edc817eae
train/aaaaaiyp_0_22.png,d2aa669a6be7a064bf716ea9d032a248
train/aaaaaiyp_0_3.png,db96d5d0ccc147bddff9723944b4c0f2
train/aaaaaiyp_0_34.png,deabdb1e8015a5e35a2e69eaeeda9f17
train/aaaaaiyr_0_48.png,d1eb3387934229ffc41653600a9182aa
train/aaaaaiyr_0_5.png,9b3323c2c5f751072d67396e13f87d21
train/aaaaaiyr_0_54.png,0ecc55dbe1d7040e9cff026d2720030a
train/aaaaaiyr_0_58.png,d7c41024de112ba470e12d51c392de9f
train/aaaaaiyr_1_16.png,6913e8a15d452c86e7875d76b850c0b9
train/aaaaaiyr_1_2.png,90730d44eb2272859b53b1b50b8b8c49
train/aaaaaiyr_1_28.png,4cd2ad221a362d30520a6587e3a05077
train/aaaaaiyr_1_44.png,7e1b9219eb1b79f972bf5d4e5e05bfce
train/aaaaaiyr_2_2.png,789847a4f0df0d8b8070e48b445292bb
train/aaaaaiyr_2_28.png,03db283f17aafd359215ee54f6428bba
train/aaaaaiyr_2_45.png,c4522b060f4c90c74184933bc7d3cc15
train/aaaaaiyr_2_53.png,ea1c2121f41c51818f7c019810edd59d
train/aaaaaiyt_0_29.png,c290eba5d78405eef905099a3a347c78
train/aaaaaiyt_0_41.png,c618ef7bd81c74dfa1edf282a1a3587f
train/aaaaaiyt_0_43.png,1e5627981583ce35acb8c6e2dcb21800
train/aaaaaiyt_0_46.png,e3b6c1b27d53cf943adc437aa1f80db7
train/aaaaaiyu_0_18.png,1f9e45345326a2982fac05934b655167
train/aaaaaiyu_0_34.png,d5db2a83ea51c663702d29c105a74469
train/aaaaaiyu_0_39.png,ba0853d07ca4d3ad93b238fc38ba5a29
train/aaaaaiyu_0_49.png,b3ab69ab506b99063466be50dd467f85
train/aaaaaizb_0_2.png,659eded8d0720ad7d8de8415c1a7a959
train/aaaaaizb_0_43.png,5eff787396c88d27fdf67174039c7d6b
train/aaaaaizb_0_49.png,477fbce5d1b7565657f0416df8ad53fe
train/aaaaaizb_0_61.png,2d01417300a976360f358ca215f14d80
train/aaaaaizb_1_3.png,e4111d258079d6f0755d8e7533412b09
train/aaaaaizb_1_32.png,2f86215ddfccfeb79d4edf0311f84cfe
train/aaaaaizb_1_54.png,90f71d0d8ff4d24d6136734f9854c936
train/aaaaaizb_1_55.png,82f67fe0a0ca8a1ed70a8c62913ebfdf
train/aaaaaizb_2_35.png,89dd068ded32ef9f73c8d434b50ff4c8
train/aaaaaizb_2_43.png,1dbb73a8399efc52383d5bd5ee87308c
train/aaaaaizb_2_45.png,e708afb76662b0f2476ba6a994d32082
train/aaaaaizb_2_6.png,ba285ec635786cddbe91d0024f107b13
train/aaaaaizb_3_2.png,45463e61d73ac203ebe8f678116d6924
train/aaaaaizb_3_36.png,139c4e8b269e5db650b89365c963a47b
train/aaaaaizb_3_55.png,71e91728c28f2cd35ac8796b3f0ddd7e
train/aaaaaizb_3_66.png,12ea980402efd97119d179109ee11692
train/aaaaaizb_4_2.png,d1886983b8e4d84918c795b0ba918a82
train/aaaaaizb_4_35.png,c878836fc89ddf1e8678db1cb11a0529
train/aaaaaizb_4_42.png,b5e9391b4d10227504306a017dde78ae
train/aaaaaizb_4_60.png,971dba307c3862a6dfb2cc32bff5322c
train/aaaaaizb_5_15.png,4d8f5a0f4c2b59b5177f05d28fc903b0
train/aaaaaizb_5_21.png,0968d48ddbb87a2b393ca6c4d4512427
train/aaaaaizb_5_44.png,b2cd09e0cc929c7e83213ea4a997ecbe
train/aaaaaizb_5_59.png,7a50b3ee28c67ce54fde326d349f14e3
train/aaaaaizl_0_15.png,d13bb650a33ff8496e2daf9b8fd0a1fb
train/aaaaaizl_0_20.png,792fca1568708ee21ccedc691c7d56bb
train/aaaaaizl_0_51.png,a2d5aa90285361f60637087f2e6619d4
train/aaaaaizl_0_59.png,9c3b334e21bd43a08dd9be368c503c82
train/aaaaaizl_1_19.png,276253fa05c7e7a8f167262a48049ff4
train/aaaaaizl_1_6.png,38b5d3f53933ee4bb55f7b8dc13d6d14
train/aaaaaizl_1_63.png,d0e9d5320c32c189dfae63fd08b80069
train/aaaaaizl_1_65.png,2e1cf8dbdd3a381996c848e8ca3ad077
train/aaaaaizx_0_12.png,fcfd12f19d0a9bbaebe74dbc69b461be
train/aaaaaizx_0_33.png,1c15466923f74840a065c1d4d836664d
train/aaaaaizx_0_40.png,043574e4da9bacd442653645a385745f
train/aaaaaizx_0_49.png,99550539514740f93f18e2b9a81d67af
train/aaaaaizx_1_0.png,782c147d2293561ae27315297df5def2
train/aaaaaizx_1_10.png,5ec355aac55654417dc56a9391a92a50
train/aaaaaizx_1_2.png,12cbedec67e6ac44fe58555aa1143d43
train/aaaaaizx_1_36.png,2522edde41f6ac2e31d57ef4ec5ca9bc
train/aaaaaizz_0_10.png,714b8d64d7c9e86b85dc642692221153
train/aaaaaizz_0_28.png,4df5411bf9905e9aa69e6bd92c425e41
train/aaaaaizz_0_42.png,9aa695c655e1c4d05bf5e868208a8947
train/aaaaaizz_0_8.png,081c2518ac7d8d83096e6bd64132113e
train/aaaaaizz_1_10.png,5af276c51a8328bddcce3f1c0a3bdd14
train/aaaaaizz_1_17.png,b64e14b0a8e918587ff74314f330e410
train/aaaaaizz_1_38.png,ce37eed77ab438dc01a94cfee440c3b9
train/aaaaaizz_1_57.png,77e365cff461f5635ac9b294134da6b2
train/aaaaajab_0_20.png,4b9bd7c46a7cfeff98efd54fb948a9eb
train/aaaaajab_0_25.png,a65b4096434f3e003436109c18d32c83
train/aaaaajab_0_35.png,99a5a85919d289e1c3abf751999c70af
train/aaaaajab_0_36.png,8477f1b123163a0b01290ef7bb51b900
train/aaaaajap_0_1.png,8a471e473a0236c6f7d8947de0a24bb8
train/aaaaajap_0_53.png,002f9a6d02a91494af08bcb72ab01b2f
train/aaaaajap_0_76.png,a6b0b61ba3a41e177901d137be4ea968
train/aaaaajap_0_96.png,39ab77efdfb271c5b04aed77064c209a
train/aaaaajat_0_22.png,57cc0a1d6f869cf1f9f334741c9897f1
train/aaaaajat_0_33.png,9bbe85cc77398e027a28139de6826456
train/aaaaajat_0_36.png,e0eeaadca77ee1d0f3c21ad1350b0ffc
train/aaaaajat_0_7.png,69aaea2cf3b4690b4362559047dd7add
train/aaaaajat_1_12.png,c0f490a8240ce15bbe4b31bb1cdecff5
train/aaaaajat_1_36.png,0645ffd6e284315ffee1aefd9268fd59
train/aaaaajat_1_5.png,ce215a73678fcf07ab947338dab61dac
train/aaaaajat_1_53.png,6ebff663f2b9a502b9213560825e5c17
train/aaaaajat_2_20.png,b324a5529b9a297f02c7eb96067caebb
train/aaaaajat_2_23.png,b435da513792838b5551dcd2581c51bf
train/aaaaajat_2_3.png,f4cf6ecfd740f8db0b59edf4b9430ba3
train/aaaaajat_2_49.png,7162fdec736686746803e1897744ffe4
train/aaaaajat_3_22.png,8c67bdb7212b5d2672f1c597c981e1ee
train/aaaaajat_3_36.png,8392f2d951ddcaf22d4447c546bd33da
train/aaaaajat_3_39.png,00309c43fa92953836c1471d17715218
train/aaaaajat_3_5.png,031d36af5ae635b440e0d1d3c6e9e25f
train/aaaaajat_4_11.png,3161097865f01f4b2b9a49f6eca705fa
train/aaaaajat_4_25.png,4ddaafbbd53fac241a0fd48112d9eca2
train/aaaaajat_4_26.png,8a5e2980c46de3966cf87467111b1986
train/aaaaajat_4_38.png,6c5439c4d82076a42d07871f0eb6b81c
train/aaaaajat_5_10.png,deb646a2868630de03cd49dcbb4e1ac0
train/aaaaajat_5_16.png,926b90fb66a7955b9cd5614df3dc9006
train/aaaaajat_5_57.png,0810b43ce57f002e17a8cf8f3afee81b
train/aaaaajat_5_58.png,4fa4c54bcf3975fabe5b0b323d2c4352
train/aaaaajat_6_13.png,b58ee165d2bffbc9cacede9b2b902d36
train/aaaaajat_6_29.png,0826e0c57f9c160b77f22c09914726a9
train/aaaaajat_6_44.png,c59ce750cd81ec3a88b7e5ff1baab70c
train/aaaaajat_6_65.png,586056fd28ddd1b6bbdf1742a13efb97
train/aaaaajat_7_13.png,f7ee8ad2ccf01be3bde835f17290bb3d
train/aaaaajat_7_3.png,5ab7add73c62003e6b49f80099ebadd8
train/aaaaajat_7_43.png,02c2e924a8d5b91fa34974c01291f295
train/aaaaajat_7_44.png,f4605335a30179d94b570ebe161a1b91
train/aaaaajat_8_33.png,2d5e504f4af7fb4ae39ff045a3db7abd
train/aaaaajat_8_37.png,179e6343f916d739517d454294684420
train/aaaaajat_8_41.png,67ac6200c5921ab076d971b5b6967b7f
train/aaaaajat_8_65.png,84079e33a04956f3f6e35861d520387a
train/aaaaajbm_0_2.png,ff9d4196ce8131fc7fcd750ac6206297
train/aaaaajbm_0_20.png,1f4f9c6f4d53567468045e2db57c7739
train/aaaaajbm_0_40.png,b75a011754a82b452aa748d8c3a7ed2c
train/aaaaajbm_0_54.png,b2ecd8853a644176ed9a09c1aca1e45d
train/aaaaajdj_0_18.png,c7ae351d377f414d7d5b42b2c5550141
train/aaaaajdj_0_22.png,096a74519503e6bd8f48797f57af648a
train/aaaaajdj_0_43.png,bc0cc1a17ffe4163e46d56c75c18ef99
train/aaaaajdj_0_61.png,7daf75eb87078bc936f303b1a1708eae
train/aaaaajdn_0_26.png,75ff1caedcb11f0f0a4c9bcf2ae72297
train/aaaaajdn_0_28.png,49667970a025b7de019a08baa25a938e
train/aaaaajdn_0_3.png,527ab91536bf92b4106c65742f12db97
train/aaaaajdn_0_6.png,467adf6e0aeb311615999c95a04ea2da
train/aaaaajdn_1_11.png,58a94520226178e1ca91fa8c8270b4ee
train/aaaaajdn_1_24.png,f1bcb0b67686b272431cbdf15ca2aae4
train/aaaaajdn_1_25.png,bb960f4ede3c5276a7524bd4cb91168e
train/aaaaajdn_1_48.png,a46eeece4ed169206858a2fbe8d15625
train/aaaaajdn_2_11.png,a2e9d9436368f8f2af19bdc394d81406
train/aaaaajdn_2_35.png,7a7a53c5554f2b3e8fb18b82da8195b3
train/aaaaajdn_2_52.png,c32ad71eaabf0634551e6da879c3338f
train/aaaaajdn_2_57.png,a73a01ac156f3e2e322fd46863487f3e
train/aaaaajee_0_11.png,0cae48d9b30d52a0fc917777b92983ce
train/aaaaajee_0_22.png,fab461828a103c468962f73baa3708fd
train/aaaaajee_0_4.png,aaca1f7fed5d5b75378df75831f5f7f7
train/aaaaajee_0_40.png,ceb014ed5de2d1a182a0dbba6e5ef78d
train/aaaaajee_1_29.png,61b58f46602ead42855b3921a75d76d1
train/aaaaajee_1_31.png,c0a50e9ba804b2a02c2819ea9972c187
train/aaaaajee_1_42.png,837b40ccf3bbf55ea436233d3f57fce5
train/aaaaajee_1_46.png,4bbae9c27b715df3895f4b5e86c7d010
train/aaaaajef_0_1.png,d332f7e0e20efc99e2a2a54fe92db975
train/aaaaajef_0_17.png,2ccfa41ad2be049fc369750e987d3bda
train/aaaaajef_0_19.png,97093af64340c1f240a2e2b16a7b1f82
train/aaaaajef_0_41.png,c4b628278eeb9d655c8997e629dbbcfd
train/aaaaajei_0_0.png,fdf5e1d6672f695f87e89656bf5ae820
train/aaaaajei_0_33.png,8e24e0fdeaa11760e7a8990a46caebe4
train/aaaaajei_0_36.png,a25476d2b03bbb305acecfded54c0a69
train/aaaaajei_0_54.png,6e9ca02f5bdc2219973f65ea1da282b0
train/aaaaajez_0_24.png,a05e4e594f1929e7984ae97729972c7e
train/aaaaajez_0_32.png,5bb8d5007daf5cb5f6c33e2c12cb1407
train/aaaaajez_0_41.png,12bd67e400222373f7e3e7ae94abb3eb
train/aaaaajez_0_44.png,7b0718db3d058e310c193b134086fa91
train/aaaaajez_1_13.png,350d11d66fb3d9a09768b69b48c40ebc
train/aaaaajez_1_24.png,e071147004a0b75fafa7532a8868c064
train/aaaaajez_1_34.png,157f3298923f6bd98194fed1a96cfb7b
train/aaaaajez_1_57.png,6f316006bffa49fd25de0bf86b2f9eb5
train/aaaaajez_2_16.png,54da2c67c27c99f0b8d6fec80d0ea215
train/aaaaajez_2_3.png,16f14b628312aad895807a8dd7189511
train/aaaaajez_2_40.png,7849c1cb44b0c4ddabba571f6c2b2ac5
train/aaaaajez_2_51.png,51f13fa56ec650dfe6f36e928396c627
train/aaaaajez_3_27.png,34559d587b694b71f1450651efa4548b
train/aaaaajez_3_36.png,33f22ab3c11edb625d4ce4187e87e881
train/aaaaajez_3_45.png,c715cf1c61aca9aa207714c8a0778bd6
train/aaaaajez_3_47.png,70eb691d6880433bf6d46d919179087e
train/aaaaajfw_0_25.png,345558269bcb1baed7fe760b334637b6
train/aaaaajfw_0_38.png,de6cb686db6e3b62a0fe0052b9e609ed
train/aaaaajfw_0_45.png,1a6168a4d45626467ec9f2e903969b7b
train/aaaaajfw_0_57.png,a45e1c51e680e0f33617c8ead5f2ddfe
train/aaaaajfw_1_30.png,d3224921f1b0ac0bca5b39d26fa4487b
train/aaaaajfw_1_46.png,8ff5811caa3b961e56f76fedcd89af99
train/aaaaajfw_1_56.png,a1682c8f3ff2276ef01fb579da937212
train/aaaaajfw_1_8.png,57f9fa8706d447e4a9698170c6745f52
train/aaaaajgb_0_14.png,e5adca97d1ed6938062f1f89ffde947e
train/aaaaajgb_0_55.png,cfb2705f9292891644c73504882d2ea8
train/aaaaajgb_0_6.png,d9874d33cf6030b08ec8f75bc0e17c8c
train/aaaaajgb_0_61.png,215f46830201aeebc7b83005a6167f32
train/aaaaajgj_0_2.png,a10644238a6383a5982e0f26f0dc94ed
train/aaaaajgj_0_22.png,b8052644a0041b7371f169e778708dc7
train/aaaaajgj_0_62.png,b8501a01a314d80f78118cf7e7a07e32
train/aaaaajgj_0_82.png,5c116e26e3fb84fe1b6fe0e100f6ac1a
train/aaaaajgj_1_29.png,a3dee17a97513bf365edda917da3c558
train/aaaaajgj_1_61.png,d74d6c6e85dd30c86a9a5f3032dd266e
train/aaaaajgj_1_64.png,aa1b1be51577d96a711b3ba7ca3278c7
train/aaaaajgj_1_66.png,29697185ce60f17ba42903f877a7361d
train/aaaaajgn_0_28.png,d57afa72da260ec97e31a4ad62677c91
train/aaaaajgn_0_50.png,fa526ccc7dc1dce6e17a8d0110ce950a
train/aaaaajgn_0_61.png,32cbeee4d56b111cc948c26ce6e22ad0
train/aaaaajgn_0_65.png,1db94188af633a3b3a41405d2658812d
train/aaaaajhh_0_29.png,b7b8b0aa18fb6930d63fb0f4ead127d1
train/aaaaajhh_0_34.png,e3dd9698d32632b3aa4f3c823c88945c
train/aaaaajhh_0_57.png,88bec7e5b946fcf8a604f7c03b193566
train/aaaaajhh_0_58.png,e1d134595486f173b652773f66eb8199
train/aaaaajhh_1_1.png,b7b9cb427e109b4a884e150a8d36622d
train/aaaaajhh_1_11.png,ac71c447c88701f2462567a27b08958b
train/aaaaajhh_1_15.png,adc274426554ed5a346341d1ce90b067
train/aaaaajhh_1_31.png,defc3bf2758bd3c360b0793a482af157
train/aaaaajif_0_1.png,1bf39ee96a5e1be951c21dc28423f51b
train/aaaaajif_0_11.png,3b32c8b549d6b9489ea1fcde4e005de0
train/aaaaajif_0_38.png,3d113b6a7b25774d0b08d234807fae9c
train/aaaaajif_0_4.png,f2a6b7a5e9567a51c62eea44e27438f2
train/aaaaajih_0_37.png,670dd652220e88bcfbc40c003ded49ae
train/aaaaajih_0_39.png,7aa95d6687323f675b20a80bd1a42b21
train/aaaaajih_0_43.png,d28e968e4744f671a3fb8f3d3f10083f
train/aaaaajih_0_62.png,ad8379ef4d6d788c2741acc3349d96e2
train/aaaaajik_0_11.png,70de736deb0142857d618f13f652efdb
train/aaaaajik_0_24.png,6ef61fd82b3d3e12d9935694801e0b24
train/aaaaajik_0_25.png,7d473d05deadd78181f1696c4eedb118
train/aaaaajik_0_61.png,362d890c3ccec16e5b9b611d74746c3d
train/aaaaajik_1_13.png,a1298ca821ec6190d817a231a6d31720
train/aaaaajik_1_39.png,ad9326f8442976b89ee64379f16c397b
train/aaaaajik_1_41.png,983fea2b60d0146a246f5fc99d1ecd3b
train/aaaaajik_1_7.png,1334f88d7f99e4cfc0422020e919e5ad
train/aaaaajiq_0_23.png,5fefb3217d62bc6845cc043f3b8ae51d
train/aaaaajiq_0_34.png,9b06f644c202babe5c1a5d4fbdaafd28
train/aaaaajiq_0_37.png,ad33b0ca1e2a27fe349aa8ba9e619810
train/aaaaajiq_0_42.png,14f7aad6907f40854db6b03546e5883b
train/aaaaajkv_0_42.png,ffd4a6a1d9fdea7939e32239847cde6d
train/aaaaajkv_0_44.png,41a0df2cd00fb5ee14efff78d8226b04
train/aaaaajkv_0_7.png,510eeea04a76b838c4b47cf17dfc8397
train/aaaaajkv_0_8.png,00ec9cd06170681041019f3bfe0e46db
train/aaaaajlr_0_20.png,f3c09d07aacf1c6b158399074d015cc0
train/aaaaajlr_0_40.png,40ce037638d4028001df33e1fd00c4cb
train/aaaaajlr_0_48.png,028f2017f80ebee12140ea6965b81834
train/aaaaajlr_0_50.png,9394695cfa12b88ef008a3ab9298b3a4
train/aaaaajmq_0_12.png,da4c558541c67a9b044303fde77fa07d
train/aaaaajmq_0_18.png,24bfda4e7e0b9ffdfa9602e50b91d488
train/aaaaajmq_0_49.png,97e2fe38d7325a5f80ad9b6d7c73a8ab
train/aaaaajmq_0_57.png,a02d009f7799462802c01cdabda6b010
train/aaaaajmr_0_17.png,14931accc80e6e21108eaca1669cc42f
train/aaaaajmr_0_31.png,63f1e7d6399eb25be366ae4e02a35f45
train/aaaaajmr_0_41.png,ffe29162689d0ee368cd9fefb6959eb7
train/aaaaajmr_0_52.png,bcc4287ecdd0de566b2a3b1a64106f20
train/aaaaajnr_0_20.png,793fb11806b031e043e341ee161a00fb
train/aaaaajnr_0_29.png,f78e5816df8ac316295ffccc00469c64
train/aaaaajnr_0_69.png,46328005e5ff469e47c3be2e7b3434e3
train/aaaaajnr_0_72.png,7c65193532f4a355642ccad2a09d85cf
train/aaaaajnr_1_13.png,bb93d981067a6a9ccace3689d59967a4
train/aaaaajnr_1_21.png,0d3dcbf0114d49f781e9fc59d7e3960f
train/aaaaajnr_1_34.png,d4faba2161b52ce3a43cdbed594ca821
train/aaaaajnr_1_42.png,cd7c28666bbd33d8cd41c6c8056e28df
train/aaaaajns_0_17.png,6b014ce915bf55d3afdc266602a38359
train/aaaaajns_0_40.png,6212e95919c6b52878570ecd4b2b9793
train/aaaaajns_0_64.png,0167f6a4913c42153fff7a765e3ef954
train/aaaaajns_0_67.png,357b4d860471ba3668ca3fd35d6c954f
train/aaaaajns_1_0.png,3775017454cda2054164e625d4a93401
train/aaaaajns_1_13.png,1c9e65e6bcf6a69fa2380257e79296bd
train/aaaaajns_1_23.png,90f650255b26ff8a4dab3a8613d84746
train/aaaaajns_1_37.png,a965fa3faa71288079268c232877d9cc
train/aaaaajnt_0_32.png,51cb18c6b1b2b7ee6f1a9c6a0f9321d2
train/aaaaajnt_0_34.png,30ed667b4fd3570b28a0e36b7bbc1607
train/aaaaajnt_0_42.png,90c404bdc956851604cd4fc40becb15f
train/aaaaajnt_0_46.png,8b580a64e1ecc7780f455adbe854e6b6
train/aaaaajnz_0_30.png,b0e8391e1cc097cabc79cf10bbfcf464
train/aaaaajnz_0_42.png,3d85bf82f565e29d10a4471a0c674ef1
train/aaaaajnz_0_57.png,d92bda5819e51385f3dad5a2db32e9fe
train/aaaaajnz_0_59.png,dccdb81915f2e18a0c6a2ddb6c11caae
train/aaaaajob_0_45.png,1851db998a1d701c81317f334bb85491
train/aaaaajob_0_48.png,7955d043edf7e9d57e1de1d41a6bea6c
train/aaaaajob_0_5.png,fb34e880f6f98da7a2d896cf998d23b8
train/aaaaajob_0_58.png,a99ea3ae89a78ff652190e96d9404ed3
train/aaaaajoc_0_42.png,b01632c9f8a7ac6b37c4da7a5c2ebacd
train/aaaaajoc_0_43.png,73bde774aed9dc845bf572d91cfb30e5
train/aaaaajoc_0_48.png,bebacb75d7a410b07718900db0c8be5b
train/aaaaajoc_0_60.png,30031f34f0bee9650ab7c69e13997885
train/aaaaajod_0_10.png,14bbe0786cb415209de9682cb37cad9a
train/aaaaajod_0_40.png,f2c7f1446700d06bd73f2573ddf6a1cf
train/aaaaajod_0_42.png,fe4ac869800f0893e14d4cc0852fedaa
train/aaaaajod_0_8.png,02b32abbd8fe595c5427301d001b76ea
train/aaaaajof_0_14.png,1b8c755777303ddc73b6d600b564117a
train/aaaaajof_0_32.png,fb825531cbc3a43f13f083719cc49387
train/aaaaajof_0_50.png,7c48b78b73e89c13bc11d78b789488cb
train/aaaaajof_0_59.png,2c3eded25b83aaf1ec26d42af7d5cc68
train/aaaaajog_0_22.png,8c20342729ae06e3823e5928aa2f87a0
train/aaaaajog_0_27.png,b53230f3cde43dab98f8f82e0cadbdcd
train/aaaaajog_0_33.png,0a76afef90f3146ca6b814340679dd85
train/aaaaajog_0_7.png,fe122a4772d72cb83c9060cc9292ce8c
train/aaaaajou_0_0.png,7e8538040fe303038fbefdf8a2baa3a9
train/aaaaajou_0_21.png,be6f8718804810b772c2a3bc0bd12e25
train/aaaaajou_0_22.png,f7857a8bbaec131b16a2e97818875fa5
train/aaaaajou_0_38.png,e7bc29f44ac7707e6ff002eb5c7e857a
train/aaaaajou_1_16.png,8d96a3b05cba7cdc48a6a4608ec769fd
train/aaaaajou_1_34.png,2426c6137d2e4ab85a3dce7862f8b55a
train/aaaaajou_1_46.png,982497e28579439e2834f8b9d4107cb7
train/aaaaajou_1_6.png,2ed2454a4c02103d5d85deb71a11217e
train/aaaaajov_0_22.png,9564fce951ea40b7e0eb69ba0b28aee2
train/aaaaajov_0_24.png,3fa1abedb78d96cc068b706528ab59fe
train/aaaaajov_0_54.png,554304f92de3cccf5626414257ee6191
train/aaaaajov_0_59.png,3c710c58b801fc0d5e5452ee0157feb1
train/aaaaajox_0_38.png,02ea94e09a4cc4cb84b7706f8ee4d367
train/aaaaajox_0_42.png,09e43cab2975ecf0d839139a4c3667b7
train/aaaaajox_0_49.png,c1f2cf98b54e4ce9d14a4fb728f3faa3
train/aaaaajox_0_6.png,116bd98b2038c4b043021493114eb2cb
train/aaaaajoy_0_19.png,7f4888d052014a1659f73ac9df97f2e5
train/aaaaajoy_0_29.png,ff29dd549ce8b9cf66816eac449850a9
train/aaaaajoy_0_64.png,4863187fa5a0275d638f93d93526ea14
train/aaaaajoy_0_8.png,d825e4f5066c7ef8f9d7697d269220e7
train/aaaaajoz_0_12.png,394d4e2c3a1bcb3dbb5e001dc57cfa63
train/aaaaajoz_0_23.png,971d204210cb16edeb2250eeb35a4f71
train/aaaaajoz_0_28.png,f2a5b9bba563a05df8a2eb808185e52f
train/aaaaajoz_0_43.png,7b76e2ac3ac8db48b3e1328c5713165b
train/aaaaajpc_0_31.png,1194820c0b5186cd0315f6f326233806
train/aaaaajpc_0_41.png,03c54e1a2c707b9bd7842a56176b73cd
train/aaaaajpc_0_7.png,68093c8a76ddf517c4865dcdb139d9a1
train/aaaaajpc_0_8.png,70d57b298772e9476c847ada6f3ff7d1
train/aaaaajpi_0_32.png,72043f84850d6e802e3b51d13fda75b1
train/aaaaajpi_0_43.png,3ef3961b19ce44a7a540b015c9b6b0f5
train/aaaaajpi_0_54.png,a642658faa56a8adb54a2017c8854c8e
train/aaaaajpi_0_65.png,298773d6b5968729c8462de1a23d3dbc
train/aaaaajpo_0_0.png,692ba9b4af8b3a7a865248ba43576ae8
train/aaaaajpo_0_10.png,f8d7f143205c39d5d7060f6f2ed5566d
train/aaaaajpo_0_42.png,44f6db4722af5df5153ac15faf30f0ad
train/aaaaajpo_0_5.png,689880fc17a9e8ed49753ca29eff8ec2
train/aaaaajql_0_0.png,1cd34d7c807153f3c41dcb4a12c9ad8a
train/aaaaajql_0_21.png,31e6fb2e74b162420701973591419298
train/aaaaajql_0_39.png,d8d7256818fafc838b5c1396873a9f69
train/aaaaajql_0_42.png,b2c527b1a598842a8fb290e06fc400a4
train/aaaaajqm_0_0.png,6ed4322f9adc1e89e479d1f615761873
train/aaaaajqm_0_15.png,a653eb62b76f36a33d0ccc6db7629dbe
train/aaaaajqm_0_42.png,8166294b54fcde0c61c975417cce5548
train/aaaaajqm_0_7.png,9761030a6cc158833f0f44de0322c9f0
train/aaaaajqn_0_11.png,d080fd87eba1ff9f0ad61ba0fd5404c6
train/aaaaajqn_0_13.png,aeecdf9e40293991b9f64e60e2c859ba
train/aaaaajqn_0_55.png,3a09e98de274cbdceabe5528019a81a6
train/aaaaajqn_0_7.png,4d984c97dcb33cd84bfa1f85d2e04c51
train/aaaaajqo_0_16.png,9dd9ceffc4d2918002aabcf2fda656fd
train/aaaaajqo_0_5.png,a6440533fb35901ce735025083d73fed
train/aaaaajqo_0_7.png,473f8d878b676294c47997a04657b762
train/aaaaajqo_0_8.png,aa6d6b330b817d78cf907244b7290338
train/aaaaajqo_1_4.png,3343a379eee08eb86df0a6a1142c5187
train/aaaaajqo_1_43.png,71c71e527403314a5e9c9873eebb50d1
train/aaaaajqo_1_45.png,6f6088304298da373cead92ff355a2c2
train/aaaaajqo_1_49.png,6be509b8a9265fe0aa859695d8276cd7
train/aaaaajqo_2_22.png,821c33705fc391ffdd8ebeb5da1d0bcc
train/aaaaajqo_2_4.png,fe977f6dd5ad4f123d27839f661b4eef
train/aaaaajqo_2_53.png,383652857320ce596a5dfbf373ddbc37
train/aaaaajqo_2_8.png,cb39c26537a28c8c6f0e35dc3881ba79
train/aaaaajqo_3_25.png,cb8284498d9b0327c459c7dac2b2ac03
train/aaaaajqo_3_26.png,dbd042987f134b728ad6b7e82a468db2
train/aaaaajqo_3_36.png,3f48495f5a6dc285013c61380c382914
train/aaaaajqo_3_55.png,ff8f3c6c32c594176c3b6e17075e3ea9
train/aaaaajqo_4_0.png,d0c41378bffd8301897c48e4203d36da
train/aaaaajqo_4_19.png,dbb6ff0afcb44ad5bc4fccb6eb9dc827
train/aaaaajqo_4_44.png,fa3bda7dbd82f29e7977eca6decdbe10
train/aaaaajqo_4_55.png,a0edb6fca5b29eff81a811c59b817533
train/aaaaajqo_5_16.png,5827bf28a13817fedef6c822100e0ceb
train/aaaaajqo_5_26.png,b563d307a26c29f0c01bd10778f246f0
train/aaaaajqo_5_55.png,145db7867f41f5db3830a8e9847cb93c
train/aaaaajqo_5_9.png,b20fb81c4f9b4656515e7fa39bfaf0d9
train/aaaaajqo_6_14.png,653426c59caedbc43650e2503fe5e34d
train/aaaaajqo_6_27.png,44bc77ee3416acad1a9bbad4b8f22535
train/aaaaajqo_6_40.png,6b79ffe27d8a540028357aadddfb7e04
train/aaaaajqo_6_42.png,588d37a3b6d2dd67c344d606d3159d21
train/aaaaajqp_0_16.png,db7649fddf33c42f47e1c5810cdee535
train/aaaaajqp_0_19.png,788a52a3a8fe51425eb939b8470e1516
train/aaaaajqp_0_51.png,71ab2fa144dad69dfdbcfe44b0d35480
train/aaaaajqp_0_55.png,a2f4c2b290b1f89532d1839e86a9fe94
train/aaaaajqp_1_13.png,dafa667fd2bd41d99d4475fe59c804e8
train/aaaaajqp_1_19.png,749095f1b29830620ab2a0690f3f8fce
train/aaaaajqp_1_27.png,b1aa5f928b585a8b77e7d911d065faa4
train/aaaaajqp_1_47.png,67b759921aa26ae4d9b9ff9f4f339be8
train/aaaaajqr_0_15.png,c85ff3339589d954bdbedf345bebf764
train/aaaaajqr_0_48.png,f9e0aab542faeb0cadb30fb72ad9220c
train/aaaaajqr_0_55.png,0238252eed1ec4083ec87779b62b3580
train/aaaaajqr_0_56.png,a27f55d04cb534dd98bba60688769f60
train/aaaaajqt_0_20.png,4800f333a7ff4328cf0fcd3fb76f1e18
train/aaaaajqt_0_5.png,c27d5a0f488d5cef6188b4b84cf78b6e
train/aaaaajqt_0_60.png,58f132749f4df085e88a42f0e77fca30
train/aaaaajqt_0_7.png,57e204f51dab585f6ed754b45db1ec18
train/aaaaajqu_0_2.png,f3b9d69ccaa12a3ab1b9353984a6ee0b
train/aaaaajqu_0_30.png,39855261388c5430e8c8ea7bbbbbcd41
train/aaaaajqu_0_38.png,5316ae1ca25313bce7a65407407fcbb9
train/aaaaajqu_0_40.png,bfc3e6571a5ad1c5eb90d60d272f2166
train/aaaaajqu_1_3.png,0c95be0f2519758b4e7c71d8cbc5840f
train/aaaaajqu_1_49.png,f33c07dc4fcef3beb785baa6baf1addd
train/aaaaajqu_1_51.png,4a4f8007896edc9b6a81a5dd86661a62
train/aaaaajqu_1_68.png,58046d1a59c309f9c3a26d26d75bbeed
train/aaaaajqu_2_10.png,c7a2ef2c2fa6609e2aa2635a09ec176e
train/aaaaajqu_2_13.png,6893eda783d75c0e0a336632c4d5da32
train/aaaaajqu_2_61.png,0c99cbd310316f6308b648a77791406b
train/aaaaajqu_2_65.png,22e21b23ef1d2740f1588604d4acfc88
train/aaaaajqu_3_24.png,2ab2d6765b24b3dd1ab3a23f6e679998
train/aaaaajqu_3_39.png,3d1debff4a4184d3105df31ee0fbafb3
train/aaaaajqu_3_47.png,450c4a6972258530b7c2cd1462bb9ed5
train/aaaaajqu_3_5.png,a3006230b3c70d6ff66198f75e196b0b
train/aaaaajqu_4_28.png,76b823f53a632a5332d02230b4847be9
train/aaaaajqu_4_50.png,e77ba7dd3eea6ce496d8e94bfb705052
train/aaaaajqu_4_67.png,9cc8fdfeb0bcb99c2e0cdcb570365316
train/aaaaajqu_4_8.png,6cca554c3316f377cb57808de479b4eb
train/aaaaajqx_0_34.png,c253747295367445e43f12bab1bc03a7
train/aaaaajqx_0_43.png,e6b5d162be08c408964e1ffbc0605b81
train/aaaaajqx_0_54.png,7e9b5ba6d5b553bd9e26c7917338154e
train/aaaaajqx_0_59.png,e94fa31cd1f7cd4b9644336940251c94
train/aaaaajra_0_14.png,bbf5fc88d14f44035326edb63fa72141
train/aaaaajra_0_15.png,1422fbf1e006e89a032f80fc6f666431
train/aaaaajra_0_36.png,9a4ff0830d62feeb82efb10c2808ff01
train/aaaaajra_0_5.png,5af73c2e37eba52dc4e775a30c4de7f6
train/aaaaajra_1_15.png,592f2c12228b100352e1cc9167f5f939
train/aaaaajra_1_24.png,421e54ac0636c77b4f0eb11c0eb04869
train/aaaaajra_1_34.png,83845cb8aa06ac826374c5644f6c7a6c
train/aaaaajra_1_59.png,a656c62c1b74e7a402287a16480bd05c
train/aaaaajrb_0_26.png,84180250f51be7b2ec0fe9feb2dbbcbe
train/aaaaajrb_0_3.png,9c5681f4b50c8c8b44ddf5d0474a6010
train/aaaaajrb_0_53.png,ef83449c46dbe645dbb5d892fc1d749b
train/aaaaajrb_0_55.png,0a3bd1a30e2cf696fd081bad3f8c163f
train/aaaaajrq_0_10.png,c847fd243bb3d6344823e91626f64179
train/aaaaajrq_0_25.png,e3117398ad09b6f862eb17fa6b5438b3
train/aaaaajrq_0_46.png,64ca43ecb58fe359445eb6460fd98010
train/aaaaajrq_0_7.png,1d6cbbcbf0c7ad5aa38c771e37e0fdc8
train/aaaaajrt_0_14.png,a8d2d78e4c549496de8f3e786252834a
train/aaaaajrt_0_23.png,d78f144ce505c0273806b3bd8f029305
train/aaaaajrt_0_33.png,d76e6db538e050f43643e958dbc90715
train/aaaaajrt_0_52.png,83bdcb8c90f48a2621213bfade93ca9a
train/aaaaajrt_1_17.png,b680cc564510d92efb9363a571d76efd
train/aaaaajrt_1_4.png,707482246b4c0d1f183181bb998dcfb4
train/aaaaajrt_1_7.png,9cd0eb60b3a946edd309976385eab4bf
train/aaaaajrt_1_8.png,21881e6c15163bdb6170d9ce5f11495e
train/aaaaajrz_0_10.png,be589c1d91a99e5d64e438973e22bb61
train/aaaaajrz_0_48.png,0c6b5cd8f1f3d43cb44b94001c73bea7
train/aaaaajrz_0_54.png,05ea4da0fd780c7656d7796957cd1f2c
train/aaaaajrz_0_56.png,b681ab7c0813ba76d40b8411237d4824
train/aaaaajsk_0_40.png,8a8c2e52bdaa21ba4cb48740cd8cb1ad
train/aaaaajsk_0_41.png,733dd7b178e50f31d4bbbe50ecf8f91f
train/aaaaajsk_0_53.png,4fb65055e951ca866b9b35f90a4b5625
train/aaaaajsk_0_64.png,62deb870aa4c9f320e53917803dd0056
train/aaaaajsl_0_11.png,fe62a8ed4187d36472db1e8e9d0885ca
train/aaaaajsl_0_19.png,906888dca87595cf0fdbd291de95b588
train/aaaaajsl_0_23.png,d5716091c9359c064c32a66cb3f289d8
train/aaaaajsl_0_25.png,dc03540bcbf12994e44dfd9452545388
train/aaaaajst_0_14.png,78243791235c72d8e93bc3a48e4e64cd
train/aaaaajst_0_18.png,0e22c1cc03e1ed6b2f326aa95e3a6d1d
train/aaaaajst_0_31.png,68884a40d4e74295087ddc45a31d1dd0
train/aaaaajst_0_59.png,8cd5a3167a7531a3658c3b24860e4ab3
train/aaaaajsu_0_13.png,b99fef004059b53cc08d213d258c45b2
train/aaaaajsu_0_14.png,1d29b6c42738f72b6415ce11a3eba490
train/aaaaajsu_0_21.png,69a5c2f89c0ba01af7a40b63c76228f2
train/aaaaajsu_0_34.png,3703b79fb29b76a347a23fec675ebc08
train/aaaaajte_0_1.png,33603a725d3ec51661b82ad448d01594
train/aaaaajte_0_15.png,1d2b1b6cb10c4af18208e3930b14d84a
train/aaaaajte_0_21.png,1f1876e2017c806254595bbe7ac57846
train/aaaaajte_0_32.png,e9fdcbc3c260db8cea63b92be3be194f
train/aaaaajtk_0_114.png,7ff0806075ba72b899548db36ccc0876
train/aaaaajtk_0_64.png,42d35203c06c7213d99983ed5e546f8d
train/aaaaajtk_0_76.png,959b4af4c8ba346f407045210f67b128
train/aaaaajtk_0_95.png,658b271e4236351accf3bd1797a053fc
train/aaaaajtv_0_0.png,d30e193b1e31650840cf545ccf98f035
train/aaaaajtv_0_1.png,442c8b786c03e288cbdcece3c027e585
train/aaaaajtv_0_3.png,81de442775f6d78496f866e4c81177fc
train/aaaaajtv_0_5.png,e55673bc0e52adc497159553238ef1d2
train/aaaaajtx_0_30.png,6dcc6a7613035e06b451d84c4ef34ae0
train/aaaaajtx_0_34.png,868abbb43ac52ebeb623479cd7c65a4e
train/aaaaajtx_0_40.png,74ed216cae4d8f25d24a6605b508d5cd
train/aaaaajtx_0_45.png,081d689a039734bc608fc38930e92308
train/aaaaajtx_1_37.png,d35e74f039bd040d0cb45f6e558d79f7
train/aaaaajtx_1_39.png,6a1d919d575ec729916e7c5bb1aebb04
train/aaaaajtx_1_42.png,29cc255ba6936b6bef3ce591e6c091bf
train/aaaaajtx_1_43.png,2ec33d278b6823e4edc799d1f086872b
train/aaaaajtx_2_35.png,a74d6a34bb5f7f69a9176134107ae9e7
train/aaaaajtx_2_38.png,367d5002feee7609c7e3a7bf3f877352
train/aaaaajtx_2_51.png,7b53fe7651cf91f9347bab1c4f246b26
train/aaaaajtx_2_55.png,c3d8a23ae2d98834dcaf4966abf29143
train/aaaaajuc_0_0.png,ad827305d7ecfd75daa6e53209ab652f
train/aaaaajuc_0_19.png,b6ac31743bb877433cac16b023dd3010
train/aaaaajuc_0_36.png,48b51c311147bfffead33880f89d33bd
train/aaaaajuc_0_9.png,5995078dceb43ebf009379d05085eafd
train/aaaaajuc_1_19.png,f1921cc741b1faedf683390dce7a0896
train/aaaaajuc_1_24.png,2e4c3f1de2f13e94b7f83e984a569f61
train/aaaaajuc_1_25.png,4e27cf61bdba795bbad95e47c9f5294c
train/aaaaajuc_1_48.png,2ee02357cf5e8e4781217f3af827afc8
train/aaaaajup_0_19.png,1cba103c00d37b9381bdc810603c20cd
train/aaaaajup_0_24.png,4dfae72dea96146c4ce33f66333c02ac
train/aaaaajup_0_29.png,d40a9ade376c49572a3fd40d686e2415
train/aaaaajup_0_38.png,f60148a0b7524cd8fc3c8e9050266aef
train/aaaaajus_0_51.png,a775ab5305a5930e340e1eb979586ce9
train/aaaaajus_0_70.png,2ca2838cfa6aed93ba443ef381f4b7c7
train/aaaaajus_0_75.png,88a6f49eea7c8f03156b2f04ec72f567
train/aaaaajus_0_8.png,f87564e76806735f1bd3ed1aa4a0b3e0
train/aaaaajus_1_1.png,bfcf1fa5ed9144f0ccdd185b07a0236d
train/aaaaajus_1_35.png,cf8275a4b35780e9db18531a8d4ea09a
train/aaaaajus_1_67.png,c4615a800583f70ec4514dbdcb92a801
train/aaaaajus_1_72.png,53ec20a5a2c65da538b8f8f744e61954
train/aaaaajux_0_10.png,0d20359a31cfa33f491836294b213854
train/aaaaajux_0_43.png,4de14bf4f126d00bf31e74b959d3f43c
train/aaaaajux_0_54.png,bc256c369bece9cfe16d676d05288a46
train/aaaaajux_0_7.png,ca2554958e9b5f3c0903847eff151f9d
train/aaaaajvc_0_21.png,cb8fb66d734fb9c8bbbc6ccbb374bf9c
train/aaaaajvc_0_41.png,20746526f6e1cf0cd144ea1d039cb447
train/aaaaajvc_0_43.png,4b464bea93dbb89587694e2db896d6dd
train/aaaaajvc_0_57.png,fd2b7a311526557101553a0d29de3eb7
train/aaaaajvd_0_47.png,5b00769adce7e93214837576812850c3
train/aaaaajvd_0_49.png,2b7bf7cd7a5700db17cc70736db675ea
train/aaaaajvd_0_57.png,ebf7db8c15d50b8a692469854a867216
train/aaaaajvd_0_7.png,c33fc68d97ae2980defe45a86361c255
train/aaaaajve_0_22.png,ab06d06f4b29e3550cf5e488dd1b8b9d
train/aaaaajve_0_23.png,6dd3014ccdbfd7d5ad06849d73e3c33d
train/aaaaajve_0_24.png,eebae5c6385ff2f8eaac8c533c49118e
train/aaaaajve_0_38.png,8a874a05064a36a15901d28d0d4c1703
train/aaaaajvf_0_0.png,d3b5d1f9fc867775a8e97dc6d49f6d73
train/aaaaajvf_0_1.png,a80ba683c078f40e96e2204619a6a9eb
train/aaaaajvf_0_17.png,fa00f4056551c9e55774e715a9dbb921
train/aaaaajvf_0_48.png,5a30f54544ff27548afb9479920c72ae
train/aaaaajvg_0_21.png,42c603f5790ea9b8102c0432a30378dc
train/aaaaajvg_0_29.png,30c94df0ad4f0e3cb1706dd089c8c680
train/aaaaajvg_0_31.png,b31dedc58015d37492724110e03365ae
train/aaaaajvg_0_42.png,8f44fc8ab8c9f795c79586d0f7b77e76
train/aaaaajvj_0_13.png,ead09a468cd8f1b93297864eaaceb15d
train/aaaaajvj_0_15.png,a48f557482c385a62a8c75051951ca1a
train/aaaaajvj_0_20.png,ac494b2b4f3883af9e8781745fd57c2a
train/aaaaajvj_0_34.png,ba0c7fc7821f20e732925ca4b1cc6e5b
train/aaaaajvp_0_11.png,3d52c9961c3ee2d0ebc69c3929461814
train/aaaaajvp_0_13.png,bcedf8c4ef0f41af2f8355d18bc256e1
train/aaaaajvp_0_37.png,cf92a2489748e54c0fcced8415e827f7
train/aaaaajvp_0_4.png,2f6d6949f52d3308222849d3d0de80c2
train/aaaaajvs_0_11.png,4781cae92d564fc0b58bcdaa71d58c77
train/aaaaajvs_0_18.png,78f0c6fd4f5bbe704e6c80ec019b531f
train/aaaaajvs_0_38.png,e674235f1ef95fe40e58ed7bb1427592
train/aaaaajvs_0_56.png,b509bb3668b8e276d5aa3f65ca795bc5
train/aaaaajwb_0_25.png,eac12c65e23e5db8e2b91a46702c39eb
train/aaaaajwb_0_29.png,d036f642d26b5e3e605938a567479aeb
train/aaaaajwb_0_34.png,bda87fef43b11436369b10f8e9504229
train/aaaaajwb_0_39.png,c7b7c70dd1f2cd5a368dbd1dd5b39f1b
train/aaaaajwg_0_19.png,4d78cde822356798d23a58eb85132176
train/aaaaajwg_0_4.png,d53ecccdefe93f54d64b9f6467579962
train/aaaaajwg_0_47.png,534c694880b5e42810c29a94f256829d
train/aaaaajwg_0_8.png,88b0f9666d7fb6eab7380759b79d9cbe
train/aaaaajwp_0_21.png,077440567f99a61411d255770c5134d9
train/aaaaajwp_0_29.png,3f18213a19f844e44346f1d8334e443c
train/aaaaajwp_0_50.png,1e207096c2bffe4fc0be0eddf3635d5b
train/aaaaajwp_0_57.png,6f370be60e76253dca818e495ae96204
train/aaaaajwv_0_18.png,bf7d7a07653a113bc2d38e65e2789e39
train/aaaaajwv_0_35.png,7e5007db776ff4579a7830654ca1d1a1
train/aaaaajwv_0_43.png,13e685ba40bb7b2b5b6dce7982a15ed8
train/aaaaajwv_0_48.png,bfb872fe4e80aa6520b94925eb4e5611
train/aaaaajwv_1_1.png,897f6917f71325a27c44c2767c6e2c39
train/aaaaajwv_1_20.png,da00034c7d6354bf418339e5051b9911
train/aaaaajwv_1_40.png,7f244d49e5c1bfef56b31b1f594525a8
train/aaaaajwv_1_45.png,eed953a9999a1b5373a038538f3ccf8e
train/aaaaajww_0_30.png,df865c52b44fad2af4ce00dc64bf45ad
train/aaaaajww_0_42.png,eddc398a0591c5720c59843248b417c8
train/aaaaajww_0_43.png,7de76458db322c4919da14342485f21e
train/aaaaajww_0_9.png,661862d9ff0f28e67a8dabbff57598e0
train/aaaaajww_1_17.png,77b71b63ece65a2f734ddb77fcacfd65
train/aaaaajww_1_24.png,c31d4f1f4e7722a7f2de1160f07cfb9f
train/aaaaajww_1_7.png,a9b4b960ac94bb58bcbaf7c1b46278a4
train/aaaaajww_1_8.png,b02467a411fe07166b012463a0734312
train/aaaaajxi_0_21.png,a8afa7b294d6165e6ed2fa90cbae717a
train/aaaaajxi_0_60.png,2ccc59e82be9b2fef9ee7ea5e7f7c00d
train/aaaaajxi_0_62.png,4128fbbc135660296b53a1fc4e434dc1
train/aaaaajxi_0_69.png,1f483839be42c554df914de3ac080572
train/aaaaajxi_1_28.png,efee5aa642d003533b7a8d9af8cb8667
train/aaaaajxi_1_46.png,e823a4f1395e3133704169cf22618fae
train/aaaaajxi_1_59.png,ccb23610b88720d2751c7072380f0e86
train/aaaaajxi_1_66.png,c3b07e906e5952783aa11e4d054d16b1
train/aaaaajxi_2_28.png,2075feb2be792d9dbd1e81ed8a5be761
train/aaaaajxi_2_33.png,d18e01d7c36201a20f9becd361e51734
train/aaaaajxi_2_47.png,381fb23554f0bcb57dd433fca133646d
train/aaaaajxi_2_51.png,b461bd009ae489779f9c9716a03249a0
train/aaaaajxi_3_0.png,0671a7fb52c763a7ff2a897ce299dd38
train/aaaaajxi_3_17.png,a860269021e31d14ed58cd488a63fe96
train/aaaaajxi_3_48.png,a951c79d95e2e55bb04d67239d8f1d82
train/aaaaajxi_3_51.png,c4eb97e7e350270f40b897c934eb0fd5
train/aaaaajxk_0_11.png,7879ae1acd43af5d7ece76d3a47021be
train/aaaaajxk_0_19.png,4d8a4f60115c532172df1dd96dcbdefd
train/aaaaajxk_0_51.png,3caf1a20d446b83fe174bbbd38c1fe7a
train/aaaaajxk_0_52.png,fc6153c0ce2d30d0a2aef9557e9d2a4e
train/aaaaajxm_0_19.png,89090c3a7dbcb022f80afde581dc71a3
train/aaaaajxm_0_3.png,0c58926e4858c317a606a4950ae9e673
train/aaaaajxm_0_32.png,7b0ce20ad44c1418c3e707b235ff2b58
train/aaaaajxm_0_51.png,7f41eee5b70010609b8db007a4fb6088
train/aaaaajye_0_16.png,b05517b9a07246d8c52f3ac99397c423
train/aaaaajye_0_23.png,cb56490c8a560df55ec48eeea614ceba
train/aaaaajye_0_27.png,6fc8e2058313763dca59070ce05b8b2a
train/aaaaajye_0_93.png,89e417efa08bace84f0c4fc45049137d
train/aaaaajyg_0_0.png,a37f1d497664b8670fc65c47fed3f5e3
train/aaaaajyg_0_17.png,8d9736b570192dae02c222a6e0391d98
train/aaaaajyg_0_51.png,416b60f3ed65190905b48d99684c4588
train/aaaaajyg_0_6.png,987d8f2bedda9bd15dac1a0091baa93e
train/aaaaajyg_1_25.png,3806528d190d680fe5664b1d5d31fde7
train/aaaaajyg_1_33.png,eff79426f6eac06d7aeb22a3846a2695
train/aaaaajyg_1_37.png,d3742534ec6fef4d537bbf967502cf12
train/aaaaajyg_1_43.png,d32b16e73a143c118e35ab2ed1e93f71
train/aaaaajyp_0_26.png,4ff1600d135892d0de3e439dd4be775e
train/aaaaajyp_0_33.png,2db6b6a1145e7ceeb77a958b98a4f889
train/aaaaajyp_0_36.png,400bc143baf23b3fa339dbdf4f949c9e
train/aaaaajyp_0_7.png,139dab9187aaa8f984849b1108b7deec
train/aaaaajyp_1_15.png,4c8d2eb7b725682d7751210d7a301bcf
train/aaaaajyp_1_21.png,d2a2f1e90e55f39733b92a8b7de03e1a
train/aaaaajyp_1_45.png,2488480a03dc47e6c45c5d162c7830e9
train/aaaaajyp_1_58.png,d8197924da013746951d49e011c4d119
train/aaaaajyp_2_1.png,ccc258ea0f9f3d41c1b62ff5966ff8c6
train/aaaaajyp_2_14.png,0f7be8d1d6a2b2b14aacf8c35026d13d
train/aaaaajyp_2_24.png,9dbbedd3f4eafac8b6602f9514f4b50a
train/aaaaajyp_2_25.png,19b414d1bfb8fd2b9ad15e80d0c93a39
train/aaaaajyr_0_27.png,99655cc5c10a5d4f376571021c29fac1
train/aaaaajyr_0_33.png,e3c5ac845a89e44ff8a6f28717015f29
train/aaaaajyr_0_40.png,9d749d3782f96e241a631145de590749
train/aaaaajyr_0_57.png,6c03cb221ef63d82c9031bcb2d7e9380
train/aaaaajyu_0_1.png,20aded5f85be8166cad805447ad2b761
train/aaaaajyu_0_37.png,1ab9e53c054f4be2109a5d00c8773a69
train/aaaaajyu_0_41.png,4e29e878a9c34b50c08ffd3742318b9d
train/aaaaajyu_0_48.png,c219093607f18a91dfd307cc0ad13414
train/aaaaajyw_0_30.png,38ed887bee9d97696989faf859c795da
train/aaaaajyw_0_33.png,2ca5e314d5e5d3bf257a28d063225b3b
train/aaaaajyw_0_37.png,23317581d645d9055dcd4a2782289fff
train/aaaaajyw_0_45.png,c283593b6da906495e34995c743e1395
train/aaaaajzb_0_16.png,ddf02cb4bab0bb13536ae0d52c00ef1d
train/aaaaajzb_0_23.png,3b9fa5739d46851b5e4ea5577afda49f
train/aaaaajzb_0_30.png,f35a58e5138e33b2999e534bf205d876
train/aaaaajzb_0_7.png,94c2629a4ae8ac018aa35b7649d43fce
train/aaaaajze_0_24.png,c8d35691f260e622dcd094bc1d41fdc1
train/aaaaajze_0_25.png,a3efe17c84576084be0b5193adb71a32
train/aaaaajze_0_35.png,130bf2e18caf44f2c2efc0ff26d5e753
train/aaaaajze_0_60.png,742f3bbea5ba3202cdda6f4f2856f7af
train/aaaaajze_1_1.png,6b894acf6dc2f0e447710dd84a6631c6
train/aaaaajze_1_11.png,1f850feb70a8f3c9c5bfd9e1b8cdf007
train/aaaaajze_1_21.png,18a7a70ec7cdbed07d076f13d1f79a15
train/aaaaajze_1_54.png,57ca8cc767e5f0a605a10e766d1cbeba
train/aaaaajzf_0_20.png,00b1bb0f62c1854f0cfc78629756ad66
train/aaaaajzf_0_3.png,b42322a7facd85ef19a6b6a04cfa7ca2
train/aaaaajzf_0_49.png,64a618a93d5e860507fa07712bcd63f5
train/aaaaajzf_0_63.png,18343997f5e9e877b3e567fe8d4163cd
train/aaaaajzh_0_39.png,0792b8667ecfea1303e19ee816b00719
train/aaaaajzh_0_53.png,7fa3c134a28b81d075870670d6831da0
train/aaaaajzh_0_6.png,ac976d13d50c641feb39c0cd73ae39f0
train/aaaaajzh_0_66.png,d165a67890dbbce61fa3c51910fba36c
train/aaaaajzk_0_13.png,2d19f1900f2fb7c5a5f6584e9313f7b9
train/aaaaajzk_0_22.png,a90d69d82f63397e829cda0adc36510b
train/aaaaajzk_0_49.png,6cb29a04cf758e434ac0ee59cb1fbbe5
train/aaaaajzk_0_9.png,0b4035cbb72b0e4712a349897e6b42fb
train/aaaaajzw_0_21.png,ecfe0ec72a92de46bfa898a7e28ca4b7
train/aaaaajzw_0_31.png,5175325548b387f28a28838a876303a6
train/aaaaajzw_0_34.png,0443cfabcbd224ccad882d3cbe28e1c3
train/aaaaajzw_0_58.png,d1a05de42f2e6514a085e1bac166c570
train/aaaaajzx_0_39.png,2e05b3a69cbf3d9c6e6f93e53c8ad5ec
train/aaaaajzx_0_52.png,7bc89a2b8e789c142515eb843a6503d5
train/aaaaajzx_0_57.png,07ac21623374f1a7ba232a31997a22b8
train/aaaaajzx_0_8.png,9a44fc9270b71b49ddf366356a0199f3
train/aaaaajzz_0_32.png,8c400ed598e642b1f3b617e64def4c43
train/aaaaajzz_0_36.png,35ad07d96aceafd9c58a675f29cdd5d2
train/aaaaajzz_0_37.png,dd218e0caaad1e9293cf1ad931cb4279
train/aaaaajzz_0_8.png,4068a6616ca177fb8c7f621cf2315676
train/aaaaakab_0_13.png,6047116a4d2befb9ae4c22cfdffb1524
train/aaaaakab_0_27.png,65fed24e6f0c0e8bad5c9dd0f5432a05
train/aaaaakab_0_43.png,de1767366fc77827ffb8ec2ddb33a3e4
train/aaaaakab_0_47.png,877ca3df38920a1f09107ac02dc3a63c
train/aaaaakac_0_0.png,8cb56a0476879a2afe2120eac76c251f
train/aaaaakac_0_10.png,d5b54f23df40be19d887867227ada37b
train/aaaaakac_0_12.png,6ebb754a33c6ba88b170511051b05ea1
train/aaaaakac_0_50.png,6ed476eec6d9b696a30d7e2e26df0804
train/aaaaakad_0_11.png,f8577824788d94942c7d5e0d13beaf65
train/aaaaakad_0_15.png,04da14463436687443e24f9387bfbdba
train/aaaaakad_0_48.png,d790c50d744abea72cda71c61105a66c
train/aaaaakad_0_54.png,22b7df2db5c03b10fbd3e50cbb182d56
train/aaaaakag_0_26.png,0904e92e0a1a2966d8ea0e4951b95d05
train/aaaaakag_0_29.png,323fa5c595adfae398db3546221d2c88
train/aaaaakag_0_40.png,4b6f05a4c0dad19869ee52d19d7437c4
train/aaaaakag_0_53.png,6a2dab36b9b63f8290386081708999ea
train/aaaaakak_0_21.png,6f39c9444f4e7e6b0c7ff3d599e75210
train/aaaaakak_0_38.png,2adfda9457b749426a05d90c7af66bdc
train/aaaaakak_0_43.png,b37c3c342d9aa5059e43b17cf663b759
train/aaaaakak_0_9.png,a0db8005ca0be3c40c37f7d1ebe16d9a
train/aaaaakan_0_19.png,a7554f9230ce97633352dde80b1f758d
train/aaaaakan_0_25.png,0dccecb62d6e76c99a0164807ece3d77
train/aaaaakan_0_36.png,3c030085fa2b049e56ec04959ffc6d8e
train/aaaaakan_0_57.png,0dfbe85d8263fd0469fdd60ed4de6e9f
train/aaaaakan_1_11.png,3798270ba2d56d214dc1e4e8eabe8fa1
train/aaaaakan_1_37.png,c90a49c825608692a46febeef324a9b2
train/aaaaakan_1_53.png,4a2ecfdb3f34b7a91e098e4d6bb4e8be
train/aaaaakan_1_54.png,55af1cd41dc3b972db057c6c0db70f97
train/aaaaakan_2_47.png,fc2dde4646133e2e06adaa44720de5e5
train/aaaaakan_2_6.png,293bf90ef58a1545422306616b4a7e62
train/aaaaakan_2_67.png,48c96acf57116a0f7fcb013a08870f45
train/aaaaakan_2_71.png,267ad839aa28d72fe55b44fe67ddae45
train/aaaaakan_3_34.png,f2ed39fbccc0157b313fa9753a7cd177
train/aaaaakan_3_39.png,b83a4b7cecbb46e9e8fcc6ef84a6c7c8
train/aaaaakan_3_48.png,9e356075771974bbb36fb28a72beb218
train/aaaaakan_3_55.png,4b7cc5b39670de6195c37f0c1540209f
train/aaaaakao_0_25.png,ba759c18e56eed983560e41269a7e5c4
train/aaaaakao_0_31.png,8b437fc555907f30f9ec2da65482906b
train/aaaaakao_0_46.png,8d290d5e0710563646882b69098010bd
train/aaaaakao_0_63.png,7141626198e98a82a8347961699e28b1
train/aaaaakaz_0_0.png,f7827a212a7bd86988e2bdca8b6a0f0d
train/aaaaakaz_0_1.png,bd1ac45370010c0563bf6e80be0aaf79
train/aaaaakaz_0_23.png,9fd2bf333327231706e2c7987985749f
train/aaaaakaz_0_48.png,4792c35017a2b2e99ff828f565e3e539
train/aaaaakaz_1_11.png,a9e4673628408d3d10e226519073b82a
train/aaaaakaz_1_19.png,bfb9ff227965b75f455d17ee1f6ecbb1
train/aaaaakaz_1_36.png,155bcd484d214ae160021f141a117a67
train/aaaaakaz_1_53.png,2b9d1f01d986955fdb47e3e9fa4b9aa0
train/aaaaakba_0_12.png,f8cada172eaf87eb2cee36994786e662
train/aaaaakba_0_21.png,bef1df413352fa0dfa076dfdf805c717
train/aaaaakba_0_41.png,7717b076b7c01023f1efb133824484c4
train/aaaaakba_0_45.png,51026b1a1b751b6d8ffd7bc67493fb37
train/aaaaakbb_0_19.png,3c69eaebe24caba28c5d4c051a28c2a6
train/aaaaakbb_0_5.png,070cc038668ceb8992df2c94418d0bdb
train/aaaaakbb_0_52.png,f684d5cc73c860ecc30e9add2211d3ec
train/aaaaakbb_0_8.png,3364dca48b02e9cff4d50d5c487143cd
train/aaaaakbc_0_31.png,5a5223c6123f4493c9f1eda935f74a4d
train/aaaaakbc_0_45.png,6a7fcec67b8dce6c25a9d23c790b43b0
train/aaaaakbc_0_53.png,3bfd2c1cfd461fb3d0a6f89faa40e8ff
train/aaaaakbc_0_58.png,6b58d2b78070a3f770d181627ea5b397
train/aaaaakbc_1_11.png,3143d6bd1a5c67a123b6f0e1792731f9
train/aaaaakbc_1_47.png,20599e6bcc3e0701573f92128dc129ea
train/aaaaakbc_1_50.png,ada14c517cdbee4c2f7b437ebb87eb42
train/aaaaakbc_1_7.png,12adbfcea922909891e5808fd0d722ed
train/aaaaakbd_0_21.png,7ad4640a1d336241d6c1d8419f51c997
train/aaaaakbd_0_32.png,9d7994b2d772bad4a3e349fc14c644ed
train/aaaaakbd_0_39.png,269a9bfb6714891286b39a74d048ff13
train/aaaaakbd_0_54.png,06b74417afb7eee19d6fe605dd421683
train/aaaaakbg_0_35.png,6845ab8a3c24230b3f8a926d742d12d8
train/aaaaakbg_0_40.png,eca69e387a797309b31d77f2e738706b
train/aaaaakbg_0_49.png,adc6c02ba6f6b31abb56b63e5ea334b3
train/aaaaakbg_0_7.png,5b8a76e379ae5382857c9fe2e3284e03
train/aaaaakbj_0_1.png,0261adcf3964965e40f8c64855a0de64
train/aaaaakbj_0_3.png,acd351536c3d25c041bdd91e73193f6c
train/aaaaakbj_0_55.png,18a9e946903d543292b2931a2316739e
train/aaaaakbj_0_56.png,b8d30a5e3149604ae12b791af95e7430
train/aaaaakbk_0_2.png,2e7fe497cd1ad74f1343204326438437
train/aaaaakbk_0_28.png,8976cb5cee5bea9a2de9f597ed05e04a
train/aaaaakbk_0_44.png,0ebfbddc56fedf7a32bd375ecd6359ec
train/aaaaakbk_0_45.png,d960c471b872655cec26cb8d05eb9ade
train/aaaaakbm_0_22.png,cfaa9d4747fe6e94f9d77afae81c78ab
train/aaaaakbm_0_29.png,349af4f24e0c4bcaf1e9ba9da8ee90f7
train/aaaaakbm_0_42.png,52eaea8745ce9d5c2c7778c3eadbb141
train/aaaaakbm_0_58.png,aa117b0eb579ea1bdab63984c2ecf498
train/aaaaakbm_1_19.png,cab727940f180cab170ac38ec520a471
train/aaaaakbm_1_2.png,857d77edf4ca29327fec475fa6e248e9
train/aaaaakbm_1_59.png,6763d1714c83f39a64791f976167cfa4
train/aaaaakbm_1_8.png,53d8a538f0f2e1bd8d67f2f4a443dc25
train/aaaaakbn_0_17.png,47130ac81af30313c414d64eb2e5bc01
train/aaaaakbn_0_34.png,facc0977f045478895649986ee79ed26
train/aaaaakbn_0_49.png,ec9ad9988be8a5b757c2114ad115d476
train/aaaaakbn_0_8.png,4fbb79bb917906ddef06d59fe5937b9e
train/aaaaakbq_0_12.png,6e3c95bad02968c8814b8a3947c52483
train/aaaaakbq_0_39.png,1f903d1cc29ce265db46f39695b179e6
train/aaaaakbq_0_61.png,b2a2940d369e225a3fd1652460dc3f43
train/aaaaakbq_0_7.png,5a66ee5e383067a0000027601ad9da22
train/aaaaakbr_0_24.png,143bacbaa4f7859f9f61b2112a4712c3
train/aaaaakbr_0_28.png,68019e6d4be2667cef2c9f19907aec15
train/aaaaakbr_0_30.png,01cab951e110dd857d983d513317d7ab
train/aaaaakbr_0_59.png,b4e8c778932ee4f756b97c5f6e5459e1
train/aaaaakbt_0_32.png,0fdb826fb64d84acb6aaf64234e5d7e4
train/aaaaakbt_0_38.png,a9352eb5642f3b829c3f1484e3b35dd4
train/aaaaakbt_0_43.png,f1a9d081ec6692ec4be49705817b6997
train/aaaaakbt_0_44.png,8051e66df5706df32b169191d819530f
train/aaaaakbz_0_40.png,5d842a2e702d89da350e1b498bdd7e76
train/aaaaakbz_0_56.png,80f5eee1f79d51228dc9113bc279eecf
train/aaaaakbz_0_57.png,b5f2d56b5074913ddfbd353fdda715a0
train/aaaaakbz_0_67.png,c66ec96131b25cf33368aed2e4a2b8fb
train/aaaaakbz_1_40.png,025014cd9746ac1cd13edf82491a5dc5
train/aaaaakbz_1_5.png,80d96d621bea17f28dfce151975a90cf
train/aaaaakbz_1_58.png,a3a67bee40b3193e0e5f70dc558ae7ee
train/aaaaakbz_1_62.png,b1ea2e6fe548f85e11910c54c9d4db0f
train/aaaaakbz_2_31.png,f31da8469113217a7accd4f5662d50ff
train/aaaaakbz_2_43.png,567c345b34de51ae18ec4fb52f6cfdcb
train/aaaaakbz_2_48.png,5d110a0c4a5a465fb77fbe2cec882e5c
train/aaaaakbz_2_9.png,aaa862c35e18e5d24e9e01d5a1358789
train/aaaaakbz_3_22.png,398880ac16ff35657b67fc6c34dd832c
train/aaaaakbz_3_39.png,bc46cd950e0bd5c8189bda3c9ea640ac
train/aaaaakbz_3_5.png,dafafb5fc51bb6d5f41ef7a2e7b5d1f7
train/aaaaakbz_3_7.png,c510230580104ba4eb274920f905d902
train/aaaaakcc_0_45.png,be17c3cf9ebe914ec83ddc7395ab7a1f
train/aaaaakcc_0_48.png,6e7bcddc82c6f3e98b81851da1692494
train/aaaaakcc_0_56.png,9f2f535f72c5ffdef58d2bfb339943e4
train/aaaaakcc_0_58.png,f5090bc45eff1292d231598dcc525ca4
train/aaaaakcf_0_10.png,b2e6dfbc1012dd66f636fea9b082b4f5
train/aaaaakcf_0_32.png,f2b1189ca143e1d6973805db0550815b
train/aaaaakcf_0_48.png,01af671356b94107e1d4426716cc471f
train/aaaaakcf_0_49.png,ab1b7e657807317420a84dbbc8d8728e
train/aaaaakci_0_19.png,ea77f8ed97dc4da2e90cd85d9bef4d26
train/aaaaakci_0_26.png,e39c779f755c80c4be8c23fe6be50967
train/aaaaakci_0_28.png,9006c658694c31729f09f01151451f31
train/aaaaakci_0_41.png,ca5c2307ddfb34740213df0de2339608
train/aaaaakco_0_21.png,a30f666001580b6e0344d23925ea3832
train/aaaaakco_0_24.png,6fb1d2ccee9a463117be41584dc969fc
train/aaaaakco_0_36.png,c1938502a6d2c313d5e7c6b82ad09018
train/aaaaakco_0_59.png,ce2f62dd2c5a3b1cd0a5eab16cd0daba
train/aaaaakcq_0_22.png,fd8709eed757018d31a74edf46e88763
train/aaaaakcq_0_31.png,129c7e748e9cf098a38c9cd078084efe
train/aaaaakcq_0_48.png,e2f34948bfbe907c2e36778062d70f47
train/aaaaakcq_0_8.png,3462e70b3da6604fa347e88387ce0fec
train/aaaaakcs_0_2.png,908d611404e10fcb9d8de5024a7c3ae0
train/aaaaakcs_0_20.png,5db983d48fcd2c25a81bd347171e7ae5
train/aaaaakcs_0_51.png,810adb35a957a8b27b4b7356172ed97e
train/aaaaakcs_0_6.png,74a65bf68b9a238dab9b1a01794b3e9b
train/aaaaakdc_0_15.png,86285612a2e3ea4991b860d3d45940e1
train/aaaaakdc_0_17.png,4e23fc3a2e32171ec015e1abaec1c48b
train/aaaaakdc_0_23.png,71026eec617ba4d8a7a82003befaeb84
train/aaaaakdc_0_7.png,216a941e350e1c0703b6343aaf253bd2
train/aaaaakdq_0_27.png,09e4981b44a2cedd29623a33639c91ab
train/aaaaakdq_0_35.png,399cfaba18b6b8be3f10b3d8d34254ee
train/aaaaakdq_0_59.png,fd915fb08ecba50450b6be4d9bb6f7b1
train/aaaaakdq_0_9.png,8d4974d559d7fdefa468c21cef4445d4
train/aaaaakdu_0_10.png,77cdecc007d3503398ffcb5ec0209a47
train/aaaaakdu_0_12.png,eef40c9e5aa97b7d37e5038ef210598c
train/aaaaakdu_0_15.png,0d0291772c90f68a5568f4afc77d8025
train/aaaaakdu_0_23.png,5f8d7cef3f979d7c2f1adc1512f7c5ed
train/aaaaakdw_0_1.png,fba75027f68a4487cca5011d40eab049
train/aaaaakdw_0_11.png,e071922a5ccda2a6cc281994dbe6b0ea
train/aaaaakdw_0_55.png,fc5cb8381a8715259edff854a692f6a5
train/aaaaakdw_0_9.png,4a265e0b9560638805f4d16d6cbe675f
train/aaaaakea_0_37.png,0da631aa023480976103f250959c887b
train/aaaaakea_0_41.png,5e049e334190851fcba5dd3c370bd3a4
train/aaaaakea_0_58.png,35275735d1e9e38e80239469d6f4ebfb
train/aaaaakea_0_9.png,a8c87ddcb8986ddebd3f1c65d953bfc4
train/aaaaakea_1_11.png,3244fa70eb751a22ac487f1a27052c57
train/aaaaakea_1_27.png,0d84463593a0da18b179ca1f0dac8025
train/aaaaakea_1_30.png,39915e5b9fb347571a4a706a927a5339
train/aaaaakea_1_6.png,8486debb0af12704eeea779675925040
train/aaaaakef_0_14.png,4d6beadfa6e3358e122653abfc56b03a
train/aaaaakef_0_42.png,3ca3a33fddd88458b9bd4b9169c618b3
train/aaaaakef_0_46.png,6848d21e06c214c46f5f9d9f642bd318
train/aaaaakef_0_56.png,ed29e802264af0d83893e89671677034
train/aaaaakek_0_36.png,b7620e959d906d884fa09daa242285ab
train/aaaaakek_0_48.png,820bc0727249b83b9178574a2149c298
train/aaaaakek_0_50.png,6d2f0383020ed6773232268aea9f4c84
train/aaaaakek_0_9.png,46b9780468d841b7a39450e3daee05e3
train/aaaaakem_0_17.png,978351c78fe3f2174fd992f0aaab602f
train/aaaaakem_0_32.png,469165a384ba7ea3c80cd68a242cffe5
train/aaaaakem_0_39.png,3dd328a857f77fa05df9b786bb780b45
train/aaaaakem_0_50.png,ebb9e61bc9144ad01e2d5b16dd6903ae
train/aaaaakep_0_28.png,38514936c2d25163d776d9ae7d53ff8a
train/aaaaakep_0_5.png,46c849a92aee8cfb8af5f4ff5961fabd
train/aaaaakep_0_53.png,3263beac8d9aef436fb7b598d02208d2
train/aaaaakep_0_57.png,53c820c387d58f8e9ff462521f407988
train/aaaaaker_0_24.png,97fc02b148647c7143742e7c87660213
train/aaaaaker_0_39.png,f09150e80e0ddb05ca1c3136d1030566
train/aaaaaker_0_51.png,453f1e821e00a9481856e32da604a127
train/aaaaaker_0_9.png,12bfee276190eab8c5d4e3f75e4182d2
train/aaaaaket_0_20.png,cf303637782429e2293837b121eb7fd8
train/aaaaaket_0_37.png,b9ca048cbad21ae6c7a17ecb64d0b941
train/aaaaaket_0_4.png,7b60244f2451fdb4bc35cdcc880cb34e
train/aaaaaket_0_6.png,ce9a1bbdcf0868ac038149522372059f
train/aaaaakew_0_10.png,4c48c67a0fbcdd579bb6478b2de401b7
train/aaaaakew_0_24.png,5a8d14971aa7d63310916a9856eafb13
train/aaaaakew_0_43.png,747ca8df9b16e89214e70b82455438ae
train/aaaaakew_0_46.png,ed70522555490b6794f53a5a0ef478aa
train/aaaaakfc_0_2.png,4f74f0f1f37c673a26583e2335a3edcf
train/aaaaakfc_0_27.png,ad6f0621d6e33a34d27bf5315127530e
train/aaaaakfc_0_39.png,de54bc2aeb66e4700fa5c09a1f10f19e
train/aaaaakfc_0_41.png,f3086cfb6a09c00cd6d898f9d035ff6f
train/aaaaakfc_1_3.png,923b158b9585a43ceb9e20279d409ff3
train/aaaaakfc_1_31.png,e8e620fde99aeafec155e2020b3df9a8
train/aaaaakfc_1_53.png,e942e81b2a74910c9b1cee86986b1304
train/aaaaakfc_1_9.png,f0e1c25764d35c1839d616b36d9112b5
train/aaaaakfe_0_26.png,b7c6f31899d34f83f526f0bb3a5ba424
train/aaaaakfe_0_44.png,0c880500681241790e16c2c2124bf4d7
train/aaaaakfe_0_47.png,da4f06f078695c50e60a0c0eb6afb0bd
train/aaaaakfe_0_9.png,94a3e629265e04ebe8916d593f2a2008
train/aaaaakfe_1_0.png,fdb01e9f318b245a9fab917dcc175815
train/aaaaakfe_1_22.png,65c9df8166fb23199ecd6254e404ce2c
train/aaaaakfe_1_32.png,314bb9c4b719c3173c85fd67ca24bba5
train/aaaaakfe_1_39.png,de94a3084ff205ad8ca588a3ca3ec47a
train/aaaaakfj_0_28.png,9a84b9e70336f50814e53f0a8430e08d
train/aaaaakfj_0_43.png,ded2aa380636c18890fb8788dc40ba2e
train/aaaaakfj_0_44.png,5a5d1891d1e5cef9372eaea9bb739d81
train/aaaaakfj_0_5.png,f6de98b9bb2743f309ad296e322a16b6
train/aaaaakfj_1_2.png,c67111bf1313fedaea954b1e4cf44040
train/aaaaakfj_1_26.png,b1fe774973edf7eb3f1e3bbd19e540a2
train/aaaaakfj_1_32.png,c08a431c091669ec122be484e66b154f
train/aaaaakfj_1_50.png,8350bba2bdcf7dc496b620ab83b3f244
train/aaaaakfk_0_44.png,3d117d766ce6f3e6a8d1b10781784c66
train/aaaaakfk_0_48.png,d7c2c313df53d3d9ad858e929899b1bf
train/aaaaakfk_0_58.png,c1214707cf449ba727d3e1dbf8e4ac5e
train/aaaaakfk_0_59.png,bf04f4313e3f81a30fb252e9beee318f
train/aaaaakfo_0_19.png,7a0b3a1144e260f9f0cad01d4776df7c
train/aaaaakfo_0_47.png,ea1bc1e22d8a0e836e315f20954bab54
train/aaaaakfo_0_51.png,d0d87ca455c6c51c8c3c76da7a023916
train/aaaaakfo_0_59.png,93af8952880b4ada1fbe19a7819be06c
train/aaaaakfo_1_23.png,353354e509c7171abae6cdf2c11643bd
train/aaaaakfo_1_35.png,a46a6d0116447e6b246996744f61a9a6
train/aaaaakfo_1_44.png,f36f388ae43339c8d2b853155d683df7
train/aaaaakfo_1_48.png,8514ec6e833db953d37987477e2b933c
train/aaaaakfo_2_10.png,a1fb6c4328f3fcc1dbb43745a0e66e8b
train/aaaaakfo_2_15.png,c02f17fb1506b1c1f2e54ed2844da4eb
train/aaaaakfo_2_4.png,b24c0e3417f5e54ecc2e70f7bcff1566
train/aaaaakfo_2_41.png,0621ddc1607d6cb2c4ad5065c9d3f623
train/aaaaakfp_0_17.png,e7afedc464948234ea37d7a730edefa4
train/aaaaakfp_0_35.png,a92b47323e963fa8cf6b8ee24a1c2632
train/aaaaakfp_0_51.png,da6ba64b03d9080815609d35f1b3b061
train/aaaaakfp_0_54.png,6c083e51ebbc4079e2637e6cf2a0092d
train/aaaaakfp_1_10.png,6e44a0cdfaff1dc2b8eb65bb217439fd
train/aaaaakfp_1_15.png,83e4f8a1608c215da4995eed96e60525
train/aaaaakfp_1_18.png,905b8452a0072c89fe417b07ed4fa09e
train/aaaaakfp_1_32.png,c4c6d418e666249125bbe18f6625ebec
train/aaaaakfv_0_1.png,01607861b57c181a4af8ed6c4a9c14ea
train/aaaaakfv_0_21.png,58c705b5589ce6a160111e46b7d7f674
train/aaaaakfv_0_5.png,3fffbdbadacc9c1c8e9bbf5ec9258bb3
train/aaaaakfv_0_55.png,6f7c1adce4555976df65f8cf34453873
train/aaaaakgg_0_1.png,227ee9b3e1188f128379e545b0adea3a
train/aaaaakgg_0_23.png,bca953cba077a33a1a23a133ac34c193
train/aaaaakgg_0_30.png,114f7edb457ad46182b4fe0cdbaf7451
train/aaaaakgg_0_36.png,e1d627d77f93dab9c0504bd9b80c1256
train/aaaaakgj_0_17.png,e7f99e1e53374d01374e09b6395a3e36
train/aaaaakgj_0_45.png,9b3cf54c8db87e7d5ebcd0876a1099bc
train/aaaaakgj_0_47.png,a458cdf26c468d46fc25e4f5f989c564
train/aaaaakgj_0_71.png,2a754c711e93aa46f29b9ee292d6d3ee
train/aaaaakgk_0_15.png,3c21191aa4f2ef71c1552561875b1b8f
train/aaaaakgk_0_17.png,980da553c47f7f870a0d42918a938117
train/aaaaakgk_0_44.png,a652c1776aec1cc0efe684421272b370
train/aaaaakgk_0_8.png,97df87801c7e98de1aa9ca5e86368239
train/aaaaakgl_0_19.png,e0baea1fb2aaf625f1e9c4de776a092b
train/aaaaakgl_0_23.png,56351c2b7820f25389e130592d461382
train/aaaaakgl_0_24.png,9fcecc66e864c224fd1eadaad1b33b9d
train/aaaaakgl_0_46.png,8a48569bb5004442a45836d44d1752ba
train/aaaaakgl_1_50.png,a7b3f5c238d52d40aa88f6a506eba854
train/aaaaakgl_1_60.png,7004f21fade32af0d20153551bc08c5b
train/aaaaakgl_1_62.png,82177e6c4a8f6a0e7480031f21402fbb
train/aaaaakgl_1_66.png,5110145f60a235c3b32fc9bda450d8e4
train/aaaaakgn_0_107.png,d0383c5dc3afa95a3e8c4491490c59a8
train/aaaaakgn_0_116.png,f865e250c3d6682a2bbdc8c650a1daa2
train/aaaaakgn_0_130.png,50b6e20947ddeb926944234fa9f150c5
train/aaaaakgn_0_58.png,b0621135485fa7ae955d5bbffcb3f4f3
train/aaaaakgq_0_20.png,f8602357fbdded2d495637b5f43d44bf
train/aaaaakgq_0_36.png,3e5efb33fdc2f001f941c993a6859193
train/aaaaakgq_0_46.png,33560f7a257b62cfe260a7a6db7836f1
train/aaaaakgq_0_7.png,4737587e1619d0ec7d60450d9e13ec68
train/aaaaakhg_0_11.png,056b466b0c2cddc76d78b0ba77e65965
train/aaaaakhg_0_21.png,9625fd8ba4fe87513070b2ca75929672
train/aaaaakhg_0_24.png,c0e609645ae4d05d27c2807d54a9fec2
train/aaaaakhg_0_7.png,41b9b3664722dd3b4bddb45c3e079bdd
train/aaaaakhi_0_0.png,3b4a8c82727f263a3d64f70780107ac4
train/aaaaakhi_0_10.png,221dc5679148902f7081e6f7ce7f153c
train/aaaaakhi_0_2.png,f91de7a01447975f90c87ead60c5f01d
train/aaaaakhi_0_28.png,c026a31e0b126a4c57a9554382ebcdd7
train/aaaaakhj_0_22.png,7e003df85a862d0cd82462c52d181da1
train/aaaaakhj_0_48.png,30231fd33548daaa703112561cfc8864
train/aaaaakhj_0_52.png,ac550154c47b235f64df75aff4733922
train/aaaaakhj_0_9.png,3cbd8fd7c268934d898fb52ade94a4b9
train/aaaaakhl_0_22.png,9e1cc08a8d4f1424a60c6a74f36ad6fd
train/aaaaakhl_0_24.png,178084ccd5d5d57132b1908be42cd3df
train/aaaaakhl_0_60.png,42fa6e297da83584400edb87a9f0624d
train/aaaaakhl_0_9.png,1b78cb72d4047f88ba8a8b3e5c4471a7
train/aaaaakho_0_15.png,fe4dcea3c21ee629fcb11700371ab83e
train/aaaaakho_0_21.png,b72c77999edd4d358a788f00dbd27fbb
train/aaaaakho_0_43.png,4b91638ffdd635f84f2bb4a8d83f2684
train/aaaaakho_0_54.png,d11843c31b2816d10d1dc06881e29b85
train/aaaaakhp_0_16.png,266255becc8d95342e111e4d58ce2ae5
train/aaaaakhp_0_19.png,9f394708d3d5e6872052b6594353f91f
train/aaaaakhp_0_25.png,90dfbe9f2fb48bdecf8a21e37e2fbc24
train/aaaaakhp_0_6.png,921b33b36bb58f87986cb87d4501dda2
train/aaaaakhp_1_10.png,05d52012436dadd8db3d10cc1f818185
train/aaaaakhp_1_18.png,5e55043c4bcc286a16f3968e164f56dc
train/aaaaakhp_1_29.png,40acead23591cbc4160735f82f6ed54a
train/aaaaakhp_1_55.png,3457ee99b366dd9d365cbac54279f629
train/aaaaakhq_0_1.png,d6389a98239e226555de8f453d5bf6a0
train/aaaaakhq_0_3.png,8403d4d7b2b8b539cae2d5e06c3db479
train/aaaaakhq_0_52.png,f9eb892ab9023f6845d55b2bd626f51a
train/aaaaakhq_0_66.png,645eaea3d675f480fd2a5c9f8ebd9244
train/aaaaakhr_0_0.png,c0876554f8805dfdde9474f462a35ad9
train/aaaaakhr_0_1.png,65f8f5fff32fb0ba00d268d7960c7342
train/aaaaakhr_0_17.png,dfb13dd89cbec26d692ee85aef3e93ad
train/aaaaakhr_0_54.png,d74b79026c5d9fb8227e230265be3901
train/aaaaakhw_0_2.png,558bffe042065713219b2801577f7133
train/aaaaakhw_0_23.png,be28e0e4c50d13b34b0687c1d1a8e55e
train/aaaaakhw_0_30.png,8f97e743ff77e8990b27870f8d300b3b
train/aaaaakhw_0_45.png,6a65935771036a701d80d2b51f44f5fb
train/aaaaakhx_0_15.png,db32fada2666a7ba7476123ea16199cf
train/aaaaakhx_0_18.png,b13d680c078d174dd07ec2cd77b62057
train/aaaaakhx_0_29.png,7fb588b27c3037ad38b09f913ccc14db
train/aaaaakhx_0_5.png,be085951b6a5d2ed6b246a049c181353
train/aaaaakic_0_10.png,e9a02c55d77762d1906229d5f0ccf72e
train/aaaaakic_0_14.png,547d25653e9617ee74ea7486bb4c0f43
train/aaaaakic_0_28.png,d72306e7aa1b147453dc911ff99e185c
train/aaaaakic_0_39.png,9e8db0d07d306c50c0e6810905e3b0dc
train/aaaaakid_0_26.png,3cad00c2cf4cf0a6e3011aa2be01ad2f
train/aaaaakid_0_38.png,5bbd90316f8d5f424da3be0dc52f4839
train/aaaaakid_0_61.png,752a488a20ed7d09f0a075a09cf7d8db
train/aaaaakid_0_71.png,77cf5716112080303d01f05f67494d15
train/aaaaakie_0_20.png,2b1f11ac2ac9615d4c24f0c9b71145f1
train/aaaaakie_0_21.png,428e381dae85af994fdeef4031cf55a4
train/aaaaakie_0_39.png,e72bca55ad244213c5ad62f2874e4752
train/aaaaakie_0_48.png,98e006761d0ac6663a44fa4b7d5a7797
train/aaaaakig_0_20.png,e214c7b349667970eab9681b71055517
train/aaaaakig_0_29.png,8ea571011b4c46bda04ea9cf3e1879d2
train/aaaaakig_0_3.png,edb39881139ebf7a0d6bab80a87ce801
train/aaaaakig_0_52.png,e3784595958a86622f63067cac0489af
train/aaaaakik_0_46.png,1de296b3f0679e875b33b5341f77fe63
train/aaaaakik_0_5.png,8826ab95d53c0dc7bc4ee4472940efa4
train/aaaaakik_0_56.png,6066370ec4ffd0c6f2f419de5be55b12
train/aaaaakik_0_8.png,4441cd7afdd6314ba36124263526e4ed
train/aaaaakik_1_13.png,2c9eb62249323b93902d2fa408446e4f
train/aaaaakik_1_40.png,b1dafa0ca31d86508abdad0af83a4c45
train/aaaaakik_1_41.png,d3f0d0154b466d9c32f20d3d246893b8
train/aaaaakik_1_6.png,387aedfafa80a1cf663a75998cad5f4c
train/aaaaakiq_0_0.png,abeee03e5b01f8f921e90d66d08c2fa1
train/aaaaakiq_0_11.png,851a9dac80c732b26df3a25209da97f2
train/aaaaakiq_0_19.png,294532ab0a2044dd7f4d376a761e0ed8
train/aaaaakiq_0_28.png,44b86007b5f34fe3021e6d219e1e009f
train/aaaaakiq_1_19.png,b6e6af6c4920d21d3588b0e87c70357a
train/aaaaakiq_1_23.png,6f57bb874a5e6441ec071eccc6fb2db6
train/aaaaakiq_1_24.png,730c804a5b340cfb7b01a67de5906785
train/aaaaakiq_1_59.png,873aa819285588c394ab70c24303065c
train/aaaaakir_0_10.png,fa3ac94da8e56f243a08e0d2e2b5bbd1
train/aaaaakir_0_17.png,f7000a9ea8219872e3a7c29867333025
train/aaaaakir_0_43.png,27fbefe4fc4d846b5346774ccfda6ae6
train/aaaaakir_0_45.png,030357a08f04a44c33ecbbf1b55bd96b
train/aaaaakis_0_0.png,2b064f52148200ceb073c78b63b3bc3b
train/aaaaakis_0_1.png,4c7975c027576829c66c0d6ebdc1cc5a
train/aaaaakis_0_37.png,3390687c2794bf2eaa1031ac8fa13aab
train/aaaaakis_0_50.png,c004f82faee1594cf04c7944f1ddbb10
train/aaaaakiu_0_32.png,172a9c15adee1a226a69ddc6e6f68cd5
train/aaaaakiu_0_33.png,d6d84f99586d2be65ae6afd86a537021
train/aaaaakiu_0_34.png,bfdb2083ea2355e427de5b95573eb5c2
train/aaaaakiu_0_43.png,6b21bcab640f1a24633be52c1a22dd1d
train/aaaaakix_0_2.png,a1e46e95009a826aeb52ce17bfe22c81
train/aaaaakix_0_24.png,6c7342d2659adb08cc5a521177a0235e
train/aaaaakix_0_6.png,f4408efd3e1aeaaf8b985d0e052517cc
train/aaaaakix_0_70.png,d3d23333e08decc4edd243adf3557a45
train/aaaaakix_1_30.png,5e5c8c172533e41f1cc7abe3ddfb456b
train/aaaaakix_1_43.png,3ed922b4cdc21609fef6a013a2dc132c
train/aaaaakix_1_44.png,d2f4027e30f0c6498570ebc5e592788d
train/aaaaakix_1_56.png,4bc77fb308c2996b11594a1b68be6b72
train/aaaaakiy_0_26.png,23b33251058bc27385f5d94edb43d95a
train/aaaaakiy_0_29.png,80240519dee443953ac6aebf1f717bb1
train/aaaaakiy_0_32.png,35f00f3155dc47bda5b5c3e642a27e63
train/aaaaakiy_0_90.png,2a2cc93f170a74e71342ebdc5a5964b4
train/aaaaakiz_0_16.png,ba781873a2a9d6601e1e373a2030b736
train/aaaaakiz_0_38.png,fd7302c6aac98a4c8ff495d1b5e7d362
train/aaaaakiz_0_4.png,23c19e7da92af4d8bc135f372af5b809
train/aaaaakiz_0_46.png,ba4749e7abdaaddbba3e1fbbf3afa8e3
train/aaaaakjc_0_14.png,19c10baf78916048fb35ab063c015e0a
train/aaaaakjc_0_23.png,6a3979190e29e5d75e32e89de5d9be5f
train/aaaaakjc_0_39.png,4c1046e39855ff9cb170092f7a1e9340
train/aaaaakjc_0_43.png,da2bddcf770dffdd150f049c74be13d4
train/aaaaakji_0_17.png,46ddecadc7af5e9b9dcf628935a833de
train/aaaaakji_0_25.png,f62dc8fa8bf4f4d2ee7f5aefe05fdb9b
train/aaaaakji_0_47.png,def8cb8b086c03ecc066c1c437604c71
train/aaaaakji_0_48.png,77afe7249087f0b550113ea961d25ad9
train/aaaaakjo_0_38.png,c5af33d2dfa092907c1323035159c56b
train/aaaaakjo_0_58.png,562c1abcfa43b309cfbdf7ed8114f25e
train/aaaaakjo_0_8.png,d8d2a23abc348a850b5ac712d9bfbc0c
train/aaaaakjo_0_9.png,7beaa195284a8469de88ac8fb8c92318
train/aaaaakjp_0_30.png,e93c7a8ccb09c001025167fec2378d29
train/aaaaakjp_0_34.png,965e55cf04dbe850cf89c9d738cf325d
train/aaaaakjp_0_35.png,4bc331c27734c012aa463a1efdc58b5d
train/aaaaakjp_0_8.png,d62a6f1456129b74b575f880b7344a24
train/aaaaakjq_0_24.png,58d02232914bd208cc189a32c673c8b6
train/aaaaakjq_0_25.png,e20a835fcb64aeb316035efd4ff3c2ce
train/aaaaakjq_0_44.png,cf8421b83f7f33389f027c2699bde861
train/aaaaakjq_0_57.png,b0e814440dae17596e4494277b254221
train/aaaaakjw_0_12.png,41f99712792495062ab19f511a0f12b5
train/aaaaakjw_0_39.png,d05d90cf116cfcfe9f51d7ca66b3008e
train/aaaaakjw_0_55.png,e58e78596f0872b5c5e40f461bc44f97
train/aaaaakjw_0_8.png,3eab473def3c6c0aeb95fec007aaf031
train/aaaaakjw_1_11.png,0e579deb412927400d8a4ce8b16873fc
train/aaaaakjw_1_13.png,c6a18e417588cfbc0b3b5b27a9990b61
train/aaaaakjw_1_23.png,fa42157ac124efcbe52b2c8ae4843620
train/aaaaakjw_1_8.png,61fa55cc9d4c2c3ac1328a39dee8bd04
train/aaaaakjw_2_38.png,a042143a3bae0a42f7d721f893e7dd38
train/aaaaakjw_2_42.png,c07ef4e862adfb964154c4ea3e8b517c
train/aaaaakjw_2_45.png,e144dc8a2e65f5bc975d00bb2a3373c7
train/aaaaakjw_2_5.png,cb35dc60b21c4069ba1e6f677e4fe97b
train/aaaaakkg_0_49.png,6a742e6566ee2505d5458882595a166a
train/aaaaakkg_0_5.png,5b72f467082e25990521de1fbade9e7e
train/aaaaakkg_0_51.png,ce99c390933a8c03f62eed00b3c2d812
train/aaaaakkg_0_8.png,b4e860b9346c672a695046e17af8ce47
train/aaaaakkg_1_24.png,6c2b33f884fbc516e58606f5931b2862
train/aaaaakkg_1_36.png,c1824e80456a1263143f73b85f141a65
train/aaaaakkg_1_39.png,4ec9eb11c04aa5355f5a0bc53edc027f
train/aaaaakkg_1_50.png,247e9c7b903eed5b9fc70fa13a16c57e
train/aaaaakku_0_21.png,977518217cbeeb24e9cc62378ba7b7c2
train/aaaaakku_0_25.png,e089d6408f4095c1636e0a93ede83464
train/aaaaakku_0_40.png,256a2286be01227e73e942dcec767be8
train/aaaaakku_0_6.png,2bd7d7689b8850f004f0851cad9a141f
train/aaaaakkv_0_1.png,c8f47b7750fa96cf5191cb08ba50996e
train/aaaaakkv_0_10.png,53acb925324ee45ca728c462cce6e322
train/aaaaakkv_0_13.png,dfaf50e20203dddfb521caa59c81d7ea
train/aaaaakkv_0_2.png,2ddb97592d1bccc7c06d9f91dff6c2b8
train/aaaaakla_0_10.png,2f564cb29fd9122172bc797a36da3348
train/aaaaakla_0_43.png,12fa2d1ce20327da4ca16c91fd797587
train/aaaaakla_0_6.png,81cd6287b8809f01ef98d8fdd07284d7
train/aaaaakla_0_8.png,094ff11f294f5218274cbae03ef001f2
train/aaaaakle_0_10.png,bdfec58e6feedcba8618076514f3d8e2
train/aaaaakle_0_27.png,16f77b35f241024da89a0ec4255246c4
train/aaaaakle_0_57.png,49f258f2971c9e71d8467f7cf4469b4e
train/aaaaakle_0_59.png,343ad1073de115d559db5b3407e92a75
train/aaaaaklg_0_1.png,89c948c36552e19e5b0937720e81099c
train/aaaaaklg_0_34.png,305814f46e30b67b65bb0b623bd83bdd
train/aaaaaklg_0_37.png,12ffa0e50af72646aa6cf8234fc9a662
train/aaaaaklg_0_7.png,47e49f299a3829710832071c6f4f5650
train/aaaaakli_0_13.png,398de73e13f95c81d4589ba725e2c1df
train/aaaaakli_0_37.png,31bf085b8d14dbca25ce59596b484a9d
train/aaaaakli_0_38.png,44ef840629e58ccf3abb7a00aec89548
train/aaaaakli_0_57.png,3518e2d215416835995c8b93247e8fc7
train/aaaaaklt_0_0.png,80d05801f8d9b772c7b4125072c130f5
train/aaaaaklt_0_19.png,e64668600fc9a03cf71d416de4945432
train/aaaaaklt_0_31.png,cc13cf7326dbba0e334ac250436c17b0
train/aaaaaklt_0_39.png,b28f876016fd6fc99f71352acdd19f83
train/aaaaaklt_1_23.png,0683763c6a6782d7546595d7e0a9f1bb
train/aaaaaklt_1_26.png,a1513b79a60033d8844c9f716a2e5666
train/aaaaaklt_1_57.png,07ca3594fa7d12c34708553f0076d8bb
train/aaaaaklt_1_8.png,2b4c419a4d39965084a6d6a982458962
train/aaaaaklv_0_1.png,3f6e25d311e0f33fe6ef4847a2343d65
train/aaaaaklv_0_20.png,91ed36ab7946bc3933d6c077801eb48f
train/aaaaaklv_0_24.png,67d956aae7dce3b88365e67ee3bca689
train/aaaaaklv_0_6.png,6948feb0841cdf4319a7d382b51dd052
train/aaaaakme_0_27.png,cffc2ea34549f5ea6c816864dd520aef
train/aaaaakme_0_49.png,dec615a473fc28218d3b96d16760a003
train/aaaaakme_0_55.png,617aeb3e5681761f8ab6adc3c7f68234
train/aaaaakme_0_64.png,56460862f40348e48996046faf6bf30f
train/aaaaakme_1_28.png,06ad690c07fac2fcca50615620da2841
train/aaaaakme_1_40.png,4e6557d94fe2d6811641e20367f4dfa4
train/aaaaakme_1_43.png,8b4dd7fa1c038cb6aa0fbb46f0ad5333
train/aaaaakme_1_8.png,e865c9734215022ee21b5d61f5be27ae
train/aaaaakme_2_0.png,a1087e61e071bbf0cc4b9b8c8a5eaf64
train/aaaaakme_2_19.png,fa804f0261af85ac788c975e47e6abeb
train/aaaaakme_2_28.png,eb2afd89a230283f935a8f57d4fcd4ce
train/aaaaakme_2_30.png,1d96351d662f490e68d744808d56e637
train/aaaaakmk_0_11.png,b131e56a80dbc5ed029832bcd1979e71
train/aaaaakmk_0_13.png,62d2369433fb2b1b29ed35d00ee29657
train/aaaaakmk_0_19.png,23b1a579f4b898d52ea74130fd6ab756
train/aaaaakmk_0_34.png,23dbbf64944d4ae257ceeb39341d73c7
train/aaaaakml_0_40.png,0f66bbd7afea45259ef14b9a729996eb
train/aaaaakml_0_54.png,1719f497c43b2c47fc0a8a3d494933d6
train/aaaaakml_0_62.png,83bb073d21bd06b60d7bd62fe18b0f5f
train/aaaaakml_0_66.png,193006f433fd545da741b65e18436e90
train/aaaaakmn_0_11.png,69571765a482b5781aa2abaf16d63abf
train/aaaaakmn_0_26.png,c1dcbbf0d47613195aa4fc282c113316
train/aaaaakmn_0_43.png,75237018ac07dd86d691a1cfe0793846
train/aaaaakmn_0_5.png,f7f77643d0f1f4dac025c2ea12fca062
train/aaaaakmp_0_15.png,c45f0588263abca7a6512eb9032c0170
train/aaaaakmp_0_40.png,0daec19090cbd65a1bb3b08dab98e138
train/aaaaakmp_0_46.png,dd2511eaf853fa4c701888311a83de8d
train/aaaaakmp_0_55.png,dd75833b276e83dd45f54593747bc3e9
train/aaaaakmp_1_0.png,b3becfd3953ee42928d14c677ea58a34
train/aaaaakmp_1_18.png,5d94ef009b6f2aada8763aac3c015f69
train/aaaaakmp_1_22.png,35e490487f23e914babc2787e6a15912
train/aaaaakmp_1_34.png,8a0b19e5b33eef6ae24e4df654c20c29
train/aaaaakms_0_14.png,6e4ae16bb56d531fe03a835d94b408e7
train/aaaaakms_0_25.png,a9d772a965897d54d1ef64af1d98a1a7
train/aaaaakms_0_29.png,a07dc31f6826f6e86d89900e9f2aff2a
train/aaaaakms_0_7.png,2e2328a2165286907f125dbf78dccca5
train/aaaaakms_1_1.png,1069610437242b08ee47266246cc406a
train/aaaaakms_1_14.png,ad86d31c75defda75449b1d19956acbe
train/aaaaakms_1_31.png,26b509cf005e79b1f50411ba33ef9680
train/aaaaakms_1_34.png,9854fa520e1ff65153514e6ed32b6d01
train/aaaaakmw_0_11.png,52c98bff0828d6bd7971db94af6d0d65
train/aaaaakmw_0_30.png,0e8f4ee8762c51571d8c1fb0f3ab172d
train/aaaaakmw_0_35.png,636c59379ca45776c9ffef66d581fb1d
train/aaaaakmw_0_44.png,47fba1a2c1b6804033c890b750798316
train/aaaaakmw_1_1.png,955ca3c4aa1df9859e0ad8faf1c5b2f4
train/aaaaakmw_1_13.png,d21bf074153df45722ad5ad6e319e868
train/aaaaakmw_1_26.png,71d901a7dd4390e0fb9850a1b116d4dc
train/aaaaakmw_1_31.png,717f43387e84a0c78eaaddf170f2e103
train/aaaaakmy_0_1.png,36b3b01195055205a034368ddd04f766
train/aaaaakmy_0_37.png,91e80a225e645a414e2af4359568428c
train/aaaaakmy_0_43.png,380c702a7039fc57391986843cd21e4d
train/aaaaakmy_0_47.png,1eb7171d659d4c4e855959e4e4b00f3c
train/aaaaaknc_0_20.png,4798a8476a44063269fe814983b4e33f
train/aaaaaknc_0_33.png,c01ffb284cb6205d64b9175ce3a7917d
train/aaaaaknc_0_40.png,14aebdc290db09546f4061e5615287c5
train/aaaaaknc_0_47.png,52395d5309c6c9ba13119ebe62f03d27
train/aaaaaknc_1_19.png,6235fcb934c974f3be987b3e48f44221
train/aaaaaknc_1_2.png,7c1ad3a6ce029a219e4f78629609e0dc
train/aaaaaknc_1_42.png,cd4490e9e168e7e4f9e85da8863c15c3
train/aaaaaknc_1_43.png,9aa0bb2bd21932d0d7b9bfc05156edeb
train/aaaaaknj_0_13.png,df42940a35c67824ee0068b377dc744c
train/aaaaaknj_0_31.png,a64157c82452ea6f48233b6aa815da32
train/aaaaaknj_0_56.png,d12379d7182f17a5b0bc08a2cfbd9734
train/aaaaaknj_0_57.png,2dda8b95be3a15e568fcc8a900713881
train/aaaaaknp_0_22.png,242b1c31f0580398bcc023ad04e14856
train/aaaaaknp_0_3.png,8a80a5fd7b331f5b6cb30739906e2242
train/aaaaaknp_0_42.png,55fe25c0e61eaf92a31a4f73fd469192
train/aaaaaknp_0_48.png,221979e4aaf56cd2563cffc7b4f9f2ab
train/aaaaaknp_1_43.png,5f310566d0b7ca0a73674dda1bb92c5f
train/aaaaaknp_1_60.png,4ae4d3c5a2b8b9551d003dae2165c6fe
train/aaaaaknp_1_65.png,84ca0bd6563968e7e4a8b4df13392d01
train/aaaaaknp_1_74.png,de2bc6bded12b656295974ea396ae4ae
train/aaaaaknq_0_14.png,c21bdbb4e3c882d451d791006fbea0a3
train/aaaaaknq_0_21.png,803cb96bdd0470e1b38415fc5a7e2328
train/aaaaaknq_0_32.png,525f0f4c3ce5e82142cb0c38ca61c573
train/aaaaaknq_0_58.png,5debb1074456f4ac7435de76f389d964
train/aaaaakok_0_45.png,260f1a1ad4ca6ad680d60469aed2febd
train/aaaaakok_0_51.png,a9eb93566d5f81e4c89742ea6552a704
train/aaaaakok_0_56.png,5e1c4313ec33ce246bbc2cbebcf45fc2
train/aaaaakok_0_58.png,f08f510481f9e4f4f5c5c35c9be19f43
train/aaaaakol_0_22.png,47cd789228361371371e185f5aa1acdc
train/aaaaakol_0_37.png,6fe6029189ecee05aeb3668753eca0ef
train/aaaaakol_0_4.png,f73d392dcf34028d489d2b6c16956c13
train/aaaaakol_0_8.png,7137a5627c89854d7204c7ca61be12bf
train/aaaaakov_0_10.png,116f190ca6f24b8836fbcdfb38145b58
train/aaaaakov_0_18.png,9436d02beb0dcb2a507f00f49347af8f
train/aaaaakov_0_27.png,83d6e5d5c2381c867dc548393ef1868c
train/aaaaakov_0_56.png,dfb486e5ced72be46bc7847365509be7
train/aaaaakow_0_15.png,0808f444a386def53ab0177ee2954570
train/aaaaakow_0_24.png,6fe1dc1378f177c49a08393ba41cb7cf
train/aaaaakow_0_3.png,8c96e354e886353c257b80f11a36d82b
train/aaaaakow_0_46.png,aeb2971d806fce5bdc845a19267ac9b6
train/aaaaakpb_0_1.png,32cd969206e54826e5beb8fb9669e164
train/aaaaakpb_0_16.png,6c183d12e2904ac95f83f769f876b3ae
train/aaaaakpb_0_4.png,9bb6e4eb4dd4f588606c83017f5f739d
train/aaaaakpb_0_41.png,b3328ccd4b6a934994821a514880d976
train/aaaaakpk_0_16.png,e828329c2bc37cb7150b930d3edee176
train/aaaaakpk_0_18.png,dfb71cdeba554386ebb2e3d652cc2f71
train/aaaaakpk_0_44.png,dfb258d0b702aec4d56f4471b810bce1
train/aaaaakpk_0_9.png,6c5deb75b049997139259860b3e98577
train/aaaaakpn_0_13.png,095a25e12d7cf2205e09f512bdcf0f64
train/aaaaakpn_0_19.png,24cdeeae097c5c1a7b80510f117c129f
train/aaaaakpn_0_26.png,21e70f8b0795d65f77ccaf1147056323
train/aaaaakpn_0_53.png,33179ff39b60ea26eb409e5920e950cf
train/aaaaakps_0_1.png,b8f69a766bb0ab814cc27f3cc89848d0
train/aaaaakps_0_30.png,0f97dc250302ada651c8f71c9e7b8284
train/aaaaakps_0_54.png,7bd05b16721b901654609fadd1353fbb
train/aaaaakps_0_58.png,ac8530b3c1ad59a92a33d2954f1cebd3
train/aaaaakqs_0_14.png,74135498e415eed705b0b5dc8a7d40b4
train/aaaaakqs_0_18.png,b6ef85ee087f532dfd9df243559d3eae
train/aaaaakqs_0_33.png,e9f1c3a211a74917f30d678587ca755e
train/aaaaakqs_0_50.png,f7f3cd04be02ad279126706a6d1a4aea
train/aaaaakqy_0_1.png,77911941903bfbf2c8ec405d9ac94dd2
train/aaaaakqy_0_14.png,66c339e5028962432732a486c961012a
train/aaaaakqy_0_2.png,9c0eea2812c980c4ea1a6e1241425e1c
train/aaaaakqy_0_24.png,a646b0ff3602c2821109949c8b609140
train/aaaaakrc_0_22.png,e8d55afef42de58624da6e9abd075829
train/aaaaakrc_0_31.png,ad32681ee252f5a789ddcfd948cd545c
train/aaaaakrc_0_57.png,5759699133219cb549f13916b9581b6b
train/aaaaakrc_0_60.png,fc66c4ec4e580121d014fa3d5f5bf192
train/aaaaakrf_0_0.png,0a2215064d69c444c8cfddcb244face7
train/aaaaakrf_0_15.png,1249fe6ddc851f2235c4d80fb5cda50c
train/aaaaakrf_0_22.png,f7299153c61259445a79be6e78c4ba3e
train/aaaaakrf_0_46.png,18b482078874527ed3600d6f99c544cd
train/aaaaakrl_0_10.png,aa1b87a68d32fa4a2c543e9ff46342df
train/aaaaakrl_0_11.png,2cb08a213496fc621e2b38bc0e84cdec
train/aaaaakrl_0_27.png,2c3bec4d1154ad04f8e67bea05298964
train/aaaaakrl_0_60.png,766578a9465062e59a46989e96990b49
train/aaaaakru_0_2.png,76960942bc74e11d48b540991c191d36
train/aaaaakru_0_24.png,121335b6099c4191c5e8c71cf0b133fa
train/aaaaakru_0_52.png,d42963d5f7515a11596f561f02855c6c
train/aaaaakru_0_8.png,021f43649f04cf71be98e44967814105
train/aaaaakrw_0_15.png,0670fbcda0c9def2e33323ea0b3cae5b
train/aaaaakrw_0_17.png,56e2d110913abda42353d1b59a81b27e
train/aaaaakrw_0_41.png,7c2ef1ecebc41b057598ba16244ec88e
train/aaaaakrw_0_43.png,415385ae8f985b2c5a24ba5053893313
train/aaaaakry_0_16.png,e3ca7ff5e143547a45a7eed29f0a4ad4
train/aaaaakry_0_40.png,2a3d7dfc4a34bc4b3595cc60c26d7c8a
train/aaaaakry_0_48.png,73792761e55b700c6dad921ba9a009bd
train/aaaaakry_0_7.png,3b302c97696a52550b4c954dfb0a6491
train/aaaaaksc_0_15.png,384f5315868b06c5a1065b439e4e6c66
train/aaaaaksc_0_16.png,3ee75fd11809436547c764f0cd65e26c
train/aaaaaksc_0_22.png,031e554ebb94497e15bbd12c1c2eb519
train/aaaaaksc_0_24.png,fd36403fe9e768eb2e92e4ba5d4be4ee
train/aaaaaksc_1_20.png,132f20f06c3881c44bb5d597f1dfcb42
train/aaaaaksc_1_38.png,78a8001e5b72ddd5a7db2433f067d472
train/aaaaaksc_1_57.png,4614783861b41dd8e423891db016efb0
train/aaaaaksc_1_60.png,7babbab4580778adb34e6745d68d9404
train/aaaaaksf_0_41.png,b99299216d7c9c542f5879e7fda13890
train/aaaaaksf_0_42.png,896163af3b45e4eb0d6ccba0f35806b6
train/aaaaaksf_0_44.png,94db3842da944e5cd02eef1efe0c0cb5
train/aaaaaksf_0_48.png,47070f1789a7280d1472c13102b4e009
train/aaaaakto_0_22.png,b719a2693424bffde94c8a32a5d2e738
train/aaaaakto_0_35.png,6fe2e1a603800a79430c667113fd948b
train/aaaaakto_0_42.png,9d7f6abb6148fbff1ea3dc908bc85c98
train/aaaaakto_0_47.png,54ea64781ababc637887e8b1537ad648
train/aaaaaktv_0_1.png,4209302d7614f15ea3087f54ab96b79e
train/aaaaaktv_0_33.png,11b21651292cf464a5e7b2dae3e0b868
train/aaaaaktv_0_41.png,2f456fb2d06a7630ffc9fc8f3176ffa4
train/aaaaaktv_0_7.png,82040133afb000da0b37bc857c1afcb1
train/aaaaaktv_1_30.png,2af837efc211a78debcbda5ab72b677d
train/aaaaaktv_1_54.png,e0b039e2e2f531f052f38fbf7ea2f2df
train/aaaaaktv_1_63.png,d4f7f873db5ddb0bcc923c676f23f7af
train/aaaaaktv_1_9.png,e34d550594d7ab6230f68018e4543ba4
train/aaaaakty_0_1.png,188f1119e88be9d145fc1ef329a5f816
train/aaaaakty_0_28.png,feed8b6a92dc6b54601c8281ff1f1ddf
train/aaaaakty_0_50.png,30f2b61bf20ced4eb591f4c65973ede4
train/aaaaakty_0_53.png,cb99ab24663cd03724957e14c1387a88
train/aaaaakub_0_0.png,82cdd978138e56445b6e3bacdb6ece1a
train/aaaaakub_0_50.png,afd488ae8db6129d98c0ebda6500d5cd
train/aaaaakub_0_57.png,671387af3e7317dd9c5fbe4fe3c41075
train/aaaaakub_0_61.png,17ee12d6520545ced46fcc478036cec3
train/aaaaakue_0_12.png,bb6f59f0b71664b5a0592cacc964b8cd
train/aaaaakue_0_16.png,d5f106991cce9d1a01e3675b86fea5fb
train/aaaaakue_0_18.png,b59adb0fa8281d0251d33ebe3df0cfaf
train/aaaaakue_0_41.png,179a74acdd16d846b65e1a093e9cf45b
train/aaaaakun_0_48.png,fa8b9afd49a7d04e7af4bdfd88220dbd
train/aaaaakun_0_50.png,40b1590b557891cfb16beb338a0f9c97
train/aaaaakun_0_54.png,c1319b47d9df71a95febd63860c401b5
train/aaaaakun_0_57.png,335d7d3a93ad944fdf110e5596e33240
train/aaaaakuz_0_18.png,3693d4bc006170dbd23b0421eb9c74be
train/aaaaakuz_0_30.png,9ae2667ad45261139306bb9879118a31
train/aaaaakuz_0_58.png,e68ff28d5d231512b8fefef6e9caeecc
train/aaaaakuz_0_59.png,1f620d3847d830e10a23f3d36ba5d88c
train/aaaaakuz_1_22.png,12b827b7005b14d8def80863afeb2f77
train/aaaaakuz_1_28.png,5faf8e45ce67d8864d94189904ab4ac1
train/aaaaakuz_1_53.png,882b9b4a46076bca6e60e3dc99f70f7c
train/aaaaakuz_1_7.png,5da14817e205d895086a317fc7b5bcda
train/aaaaakuz_2_16.png,0034e28b2dfd6d03e840af0511fcef6d
train/aaaaakuz_2_22.png,b492ed087eabc3dbcdf6b37cfb511f6d
train/aaaaakuz_2_43.png,742767771ac27563db40d3725eac4985
train/aaaaakuz_2_50.png,96bb26d7af25896ae605b937b323c1fe
train/aaaaakvj_0_12.png,ee41286e2b18c06dbb8b1d4041b0ea8e
train/aaaaakvj_0_15.png,1e178965af9724420c870737614c05c2
train/aaaaakvj_0_22.png,74caed83c0830bb81346eff19d25372d
train/aaaaakvj_0_4.png,f6d44aefa63a5b2b4f4193bc076c5bbc
train/aaaaakvk_0_20.png,a651d00f58bb8fffe2a087c3c26c3a69
train/aaaaakvk_0_28.png,450cdadb1b691ad9142744c4d0e1a546
train/aaaaakvk_0_3.png,578df8004a29eea47e3adea8e85eaccd
train/aaaaakvk_0_54.png,f9b1daa8ede4b8599699521bb10f0752
train/aaaaakvl_0_1.png,ed2f9f4757ffc5f08dc5b2ad100f3e51
train/aaaaakvl_0_19.png,a68d8ed4a80a2001ebf8b436f0c3d15d
train/aaaaakvl_0_55.png,7de8045b77a97c43793a83d808f2feff
train/aaaaakvl_0_61.png,fc484a13236cc71d21ab0a7fcdbcefdb
train/aaaaakvm_0_21.png,6792b1318d3e8f5463a6565f04af52ef
train/aaaaakvm_0_36.png,f5b2c305eafdd89f63ec6827ad3b2d85
train/aaaaakvm_0_39.png,aa138090339cf69b63414b14abca663a
train/aaaaakvm_0_54.png,8bf852a1b4ad5cac341046cd70f9cf11
train/aaaaakvo_0_2.png,1312e1612bf7eadc350c0dff37a49394
train/aaaaakvo_0_32.png,dc0eb9f9bacce2b7d3b5db4e7d1baa39
train/aaaaakvo_0_38.png,0c81eb438dc438825f4614c362fc6191
train/aaaaakvo_0_56.png,6b62af60363f781b7a38e16d74159d60
train/aaaaakvr_0_39.png,0d8f276ee93aaa052640caa6cb86c1de
train/aaaaakvr_0_44.png,26ecef90d8f2ec8eee144e0b26f553e3
train/aaaaakvr_0_47.png,b3c453f01c29cf56e8a61e14c6e760d8
train/aaaaakvr_0_72.png,54e71c83db39fa5ab85c60c861a41494
train/aaaaakvu_0_17.png,4f22b780ee1ea9094bb47e5a0c3d7778
train/aaaaakvu_0_47.png,52c5a4d4b6086a27a3c6ee08191dc3b9
train/aaaaakvu_0_5.png,c8b4ec931f11e89bbe906f69441a9373
train/aaaaakvu_0_65.png,d6ed04ecf77ffb8c8255a12855abefff
train/aaaaakvw_0_35.png,36604f4e51c28f99c41a3ee4c507ad2f
train/aaaaakvw_0_37.png,559110e68be9854f313110be99613f56
train/aaaaakvw_0_49.png,f50bc4ac6e8115c6555a16ccf3409df5
train/aaaaakvw_0_6.png,ff3c1232f62dbce5bf3eb58d6ce20749
train/aaaaakwa_0_20.png,f41bfaa1f2b171c1a38e6ae12dba6d8e
train/aaaaakwa_0_26.png,1d953de6c8398ed89425f431005872c2
train/aaaaakwa_0_39.png,5aa418562ae7fb34b45d3a357855ba64
train/aaaaakwa_0_42.png,284067d90e72000a34e45f527fa6ed52
train/aaaaakwd_0_31.png,004da677512d95cbd70b46532a66ae96
train/aaaaakwd_0_33.png,2c244c489e94ed04daacec27c56c27f3
train/aaaaakwd_0_39.png,260a7d38ebc651a4b16fc920333bc238
train/aaaaakwd_0_41.png,47e584b2c0656a4b9c46bd5725008c80
train/aaaaakwt_0_13.png,77a119b4a1943989594d7661be38ac6d
train/aaaaakwt_0_19.png,a05b44b6a0fee1ffd17c91ac893f0c9f
train/aaaaakwt_0_22.png,f1378c41fb83c017eb6851f839e4e1e1
train/aaaaakwt_0_28.png,21de9c438abfa9b0c680b9d6c212ff3f
train/aaaaakwy_0_38.png,28d03abb7481bf97d4003f41bd0f13e4
train/aaaaakwy_0_54.png,dc996c86e9e4250d75db6d75dccd8298
train/aaaaakwy_0_58.png,a3fbf1c391e78606ac2e457e87ba673e
train/aaaaakwy_0_6.png,bae5c88ce20b72cb163763652f3d3554
train/aaaaakwz_0_47.png,575f243a046e5ce520902e4f5bac5028
train/aaaaakwz_0_49.png,e4c72cccc1d5eda287f32c4d8a46a076
train/aaaaakwz_0_58.png,ad68b0c6d7e3547d312522b33436f15d
train/aaaaakwz_0_67.png,acb028b843bcc450cd569fcf2e2987f9
train/aaaaakxa_0_15.png,26f746ab2bbfa2a44b46f17418060415
train/aaaaakxa_0_20.png,350347f323b039b3625d3991f30334c7
train/aaaaakxa_0_36.png,61576ecc045ae58fb20ec0dfb734458b
train/aaaaakxa_0_59.png,e684d756ffd0e31429f2eb13019ba298
train/aaaaakxf_0_25.png,62d371a7d594e7321ba9351f98248edd
train/aaaaakxf_0_5.png,460ebf6af663554c0086a1564b899930
train/aaaaakxf_0_50.png,89bfb6ea38e5dbeb888aa17c4c3e7954
train/aaaaakxf_0_71.png,9ba7ada27c491fb524297e73a38df52a
train/aaaaakxi_0_23.png,9d9dbc13c08adbfa0996e09a44023c5d
train/aaaaakxi_0_24.png,0be7da5bb4b186d056a50e20e2a06c3d
train/aaaaakxi_0_29.png,c9b31a4eb72069f97ee517552f28d84f
train/aaaaakxi_0_30.png,0fd6f56c99b19d3b0ff4b80dbed0c9ae
train/aaaaakxr_0_32.png,4999ec5066a5d410d869adcdd85d6025
train/aaaaakxr_0_42.png,b098a4c20a0d8fb5f44ba4d40d70091c
train/aaaaakxr_0_47.png,0a29b7676de39beeadb0b097a12704bd
train/aaaaakxr_0_54.png,a80da10bfd893a3e6ce640f2959f2427
train/aaaaakxs_0_2.png,5c4da069fa160818424ab75c36d059ec
train/aaaaakxs_0_22.png,6c3425fbdc53cb25c3615e5e187b4fbd
train/aaaaakxs_0_37.png,405c46a9deeff1dcd82c7b3bf8fd982d
train/aaaaakxs_0_48.png,ecdb9646c825600d440b0893c458a124
train/aaaaakxt_0_18.png,80e85e6edc2fa5aa699d855f9eb20ae9
train/aaaaakxt_0_19.png,a9e885ccaa63de76d03616e92b352f9c
train/aaaaakxt_0_49.png,b6e63e3ca843be7e8dd18bc2a1b92ff6
train/aaaaakxt_0_51.png,3ac6529303ed0f44018ef096ae06bbcb
train/aaaaakyk_0_1.png,dd7add1f9ba63cb47b6863d4a4bc0fb1
train/aaaaakyk_0_31.png,7a3261e7f7eccac13c7dc2ca39dfd19f
train/aaaaakyk_0_42.png,d3033b2611ab56f98e2d2dcc194ec954
train/aaaaakyk_0_52.png,78b73c8125a2298cf446d7af82551073
train/aaaaakyl_0_18.png,b5b4901d55963ac4313fffcf3cdc36d2
train/aaaaakyl_0_26.png,5fb3db39d442e1b01d96eb239526aa0c
train/aaaaakyl_0_43.png,aacc2085fe6243a1cd352c603739ffa5
train/aaaaakyl_0_54.png,868acedec5812b44c3585af1c718ffcf
train/aaaaakyn_0_21.png,190dc95b5d631cc6bcb08bc00c54c299
train/aaaaakyn_0_51.png,ecaad98220d766cc32edac6d27aff957
train/aaaaakyn_0_66.png,3d0b397e3367a22f11b6c56ae15244a4
train/aaaaakyn_0_71.png,e1125416d2928f6a902fbf5bd3967d73
train/aaaaakzu_0_11.png,4a127291d24841a51182497659edd2c8
train/aaaaakzu_0_51.png,904fc176da29a626aa714378802d48c9
train/aaaaakzu_0_52.png,8f3fadc2278d946cd2b8552cdeea7981
train/aaaaakzu_0_55.png,e96ca66197f979f6ba79e6c5d0c5f45a
train/aaaaakzu_1_16.png,52a880107b2a53381b662d3cd48d6152
train/aaaaakzu_1_37.png,1988126c28a8a3494f92328e22db8ab7
train/aaaaakzu_1_58.png,64c08d7f5be773c0c7977a114f18ce05
train/aaaaakzu_1_59.png,6ca481a155e6130574a178e563b651d8
train/aaaaakzx_0_11.png,5438459719c3ff0f59323157fba648d3
train/aaaaakzx_0_19.png,94069913c21a3582410390d369db6549
train/aaaaakzx_0_24.png,97b1a91fbcf70e8c3b81a73b20a615a2
train/aaaaakzx_0_51.png,64068dbfb859f89d4eab190b5c60d8cd
train/aaaaakzz_0_11.png,d1f4edf0bdbdda17c83853a0caa9e7b4
train/aaaaakzz_0_36.png,d7be9d4501a9408c6ba3cd56e5539277
train/aaaaakzz_0_48.png,3870005a0aec24a11725e0c295c63321
train/aaaaakzz_0_51.png,f39c2380ad89354fd5acf05d39563b30
train/aaaaalap_0_27.png,a5fd0e90035456277b6857a9be7a93ea
train/aaaaalap_0_29.png,13ed66359cfce23874e795acc10cc28a
train/aaaaalap_0_47.png,b1b9da9a175861e900c450c354aa3d4a
train/aaaaalap_0_52.png,ae415290a0b7c26c7900534ec1d1e757
train/aaaaalaq_0_0.png,8a71a4acb217793b8531c5ac0e1749f8
train/aaaaalaq_0_10.png,b7b6e79f3b70538e1dd1a66b029160c0
train/aaaaalaq_0_41.png,f249473074e4d772426bf0d02a0a18b3
train/aaaaalaq_0_43.png,59474126a584ffc636660ef4f6efd24c
train/aaaaalaz_0_39.png,0a190fc9ea0c1c50abae00cad2b9b914
train/aaaaalaz_0_41.png,ecfd522ac5aebc7df66373aaf13c8315
train/aaaaalaz_0_6.png,de166ed4b758a00fd459fc688371b106
train/aaaaalaz_0_71.png,5efb1aa3237455eab2bbadf129fc191e
train/aaaaalbd_0_14.png,40791c858b6e1ccbf1a29e3d22c9052b
train/aaaaalbd_0_24.png,2178ea535343d379d18fc835c5217524
train/aaaaalbd_0_40.png,21d8287fc405b0a08c6f7bf9a7812743
train/aaaaalbd_0_42.png,3c1c68f548f574ea81f72d01dfcc7beb
train/aaaaalbm_0_31.png,5034a98a317c7bdded1ffe39e350df9f
train/aaaaalbm_0_34.png,7bf1a19864da85049cb37cc6df0b8920
train/aaaaalbm_0_69.png,1332bdb0a4bd068c2152eba19a9c4c38
train/aaaaalbm_0_7.png,73c7581da75d93307236f64237a6135f
train/aaaaalbq_0_52.png,6ebd0af423c8a94617c96b68ae816573
train/aaaaalbq_0_63.png,fd3f00d6020cfe9472af72f88a2aa367
train/aaaaalbq_0_66.png,40606024caae71332b3c315b8a40d271
train/aaaaalbq_0_9.png,bb599b332db48da6beea3e6dd2832a13
train/aaaaalbs_0_12.png,377db8489733efe805f653a60a14d735
train/aaaaalbs_0_20.png,fa3cc5c889397e8270a635ab4d7ed1d6
train/aaaaalbs_0_30.png,ef1760ae701fdf55a7291a9183783872
train/aaaaalbs_0_33.png,74f5a3dd05d3ebcc13ce458e5fc17d77
train/aaaaalbw_0_23.png,b785b5360a54660834e936e5c5f0f96b
train/aaaaalbw_0_43.png,0cc191b9ff1cd5fa85acf6db84b11658
train/aaaaalbw_0_46.png,ead3c2179dc6b0d3fa6a0659c38b6859
train/aaaaalbw_0_53.png,c2aff549a3c99bf3f0ce349c4c991f45
train/aaaaalby_0_18.png,f63b4edefad50ea4cb5fead3d63edd78
train/aaaaalby_0_37.png,ce18cc124d268ab4b4e0cb5a516015f0
train/aaaaalby_0_51.png,006b184b46d4aa6c58232d2938bce311
train/aaaaalby_0_57.png,e3cc9413b945fa96b7fb6b43b37462c9
train/aaaaalby_1_22.png,484098f2df2af09b568d91c87f252a80
train/aaaaalby_1_4.png,74814b3aac85c009d432d2e4d12144dd
train/aaaaalby_1_48.png,df06e5c9992c363791cf13a03b0ac61b
train/aaaaalby_1_8.png,2d469379ac34a7ec295b35ba1be055b0
train/aaaaalcg_0_13.png,dcef5714d6c31f3176cefac954b5634c
train/aaaaalcg_0_24.png,0a08ff2d9b8ac11ddadb1016bdbc810e
train/aaaaalcg_0_39.png,098bf154b34e3d4e984fab53e10dfc30
train/aaaaalcg_0_50.png,475e4a06aa350dc2fbe92a3f116c61c4
train/aaaaalco_0_0.png,c18e46800bbfa967845d432d836fa580
train/aaaaalco_0_18.png,ae2ff403c75b81160527a4dcfa1eefb1
train/aaaaalco_0_41.png,9dd3f286ab4129554591439538011e84
train/aaaaalco_0_8.png,9c8cf779775345d488698f4aa10f6f27
train/aaaaalco_1_12.png,b7080d1d29e881af8a534851b4735ba0
train/aaaaalco_1_19.png,2baa33ad448e42559b92772d6ec1baa3
train/aaaaalco_1_48.png,a698578bb5a52281588a96813e023d19
train/aaaaalco_1_50.png,9662b225e2152f6c6c869db2f8b9a537
train/aaaaalcr_0_11.png,1db09007f8c6772f5f357b3eac08b6a0
train/aaaaalcr_0_13.png,65af9af8a6ecfefdc677d0ff52b71161
train/aaaaalcr_0_23.png,aa4fc8e2fe9dd9a205f0674103cfcf5c
train/aaaaalcr_0_27.png,56288620cfec83c9904daad0dddeb694
train/aaaaalcs_0_2.png,5ee863facbbd8e404dfeac12f9d3d9a4
train/aaaaalcs_0_30.png,b65ff8defd8fabd156824aa01c3b9d57
train/aaaaalcs_0_42.png,3a0a0677f8955ddec4d908d381f3f319
train/aaaaalcs_0_64.png,e0363c51639b42e6f8de19489108fe8e
train/aaaaalcw_0_16.png,fe0bac9bf35ef093a016c499179feda3
train/aaaaalcw_0_18.png,67837160a5c213ab23adcc8581bebefe
train/aaaaalcw_0_55.png,0587644a8420952759e182786ccb8499
train/aaaaalcw_0_64.png,19eb5542f18a9fc34ccae1ca6496db1a
train/aaaaalcx_0_16.png,8684785eba6494f6a45f0dd82f643252
train/aaaaalcx_0_21.png,ffe2e923b4ef533d71fa63e83637ab1e
train/aaaaalcx_0_47.png,e5337af9a2ae3d6525a9579a533efbe5
train/aaaaalcx_0_5.png,3b36d8075f8004458d3040de5c7ec2cf
train/aaaaalde_0_20.png,a4ab066d3f2e765729a0cfa06862c04e
train/aaaaalde_0_38.png,bdbf6db5c9874a9ed45a6aa71f8d01c4
train/aaaaalde_0_48.png,689e659b2006a8d1617ad80a0b54191d
train/aaaaalde_0_60.png,d3c6430b451b507dba17a6ad7e0ad3a0
train/aaaaalds_0_10.png,ac3da2fbe71125e22223e1408ea3ab4e
train/aaaaalds_0_33.png,e22ec05e61f5a39d0edb719a70ca078a
train/aaaaalds_0_5.png,b5cf855d1c1305b26856d647e31729db
train/aaaaalds_0_6.png,09e7ace02a44a048032bca947bdfdf19
train/aaaaaler_0_17.png,81e78b08ae7b01913ef3f0d58e639cc0
train/aaaaaler_0_22.png,722a50152e60018f09e30fc3b25a21d5
train/aaaaaler_0_24.png,c8f5f9dc6403967005ad8a9b1e90c9e1
train/aaaaaler_0_28.png,0faca69e4e78c952c0dbb9cc588dda63
train/aaaaaleu_0_28.png,8ad41b61423ff3c6e2481503b5c837cd
train/aaaaaleu_0_42.png,03277840a1568089d46e3aa1b3cb5203
train/aaaaaleu_0_55.png,09c7b5f8aa56358857c4aeceed3ab152
train/aaaaaleu_0_8.png,10292ba06aad3a1aa8f50013106a99c7
train/aaaaalfu_0_15.png,3f331c75b2b8b6539669eb441128c288
train/aaaaalfu_0_37.png,c49dbcc3e6f95f88dca89bab55c2ed4f
train/aaaaalfu_0_48.png,8f8db7aca58b427d947c91eb0d49084e
train/aaaaalfu_0_56.png,500a5211c4b5fb940103b0d1ca677a7b
train/aaaaalfw_0_1.png,fdc9b48e3b431b8ea38436d44001aadc
train/aaaaalfw_0_16.png,b45f2574c2efec6b9893d68005521bfe
train/aaaaalfw_0_3.png,1a3e11c4f5050c9b1af4fe194aaf4e1f
train/aaaaalfw_0_32.png,ef79ada66ce95ae1861f6e6aaa00d515
train/aaaaalgc_0_12.png,b7051a0279f772a89d0e7cd49e4a3971
train/aaaaalgc_0_26.png,3159619e16cb5afc6c38435afdaaa974
train/aaaaalgc_0_36.png,74eeafbd57c511a2e55e3339a5029de7
train/aaaaalgc_0_59.png,7b11585c9ff04c539f926c321b3d5a15
train/aaaaalgd_0_11.png,914b3f91ed59aeac2f77b14430e70fea
train/aaaaalgd_0_3.png,efb549600eb420f87f9f6cb4b181b8d3
train/aaaaalgd_0_46.png,0af1d923e2d68b75228b004657e42bed
train/aaaaalgd_0_56.png,a2bbd0b10978bcea6285cf5843ded33c
train/aaaaalgg_0_11.png,d4f42e922331beffd4428abb80727fbd
train/aaaaalgg_0_20.png,44917a57c2a22a9cc2a11b20980e6f5e
train/aaaaalgg_0_22.png,b222865ccdbaaa6203ed6f61a0c34323
train/aaaaalgg_0_49.png,f834df89b336564d21773f87ff72b8f9
train/aaaaalhj_0_31.png,b3cef3671f76a3e6f0651c16d77933ea
train/aaaaalhj_0_41.png,ac36a0f284457ea0bede3f4dcd5cd57c
train/aaaaalhj_0_44.png,e55f755c6f1e293ee2cd6117f77320d7
train/aaaaalhj_0_68.png,a26bfc5bb4f17e6d2a4b923ebe8ae9e6
train/aaaaalhk_0_14.png,aaf291d77867c62ba9281bfd2d41913c
train/aaaaalhk_0_29.png,18a2309b1a211da9b81201fac3bbebbb
train/aaaaalhk_0_30.png,b518791d4793850120755ccb5cf80679
train/aaaaalhk_0_54.png,4728740fa6a48c4b4dc3fbecee82f404
train/aaaaalhz_0_30.png,3db755d430615aadf2422d20cfde7e01
train/aaaaalhz_0_41.png,fcbd40eba716265ac3aa310eb19ae9eb
train/aaaaalhz_0_5.png,4eb432ec46045cdf44441aa8c2309ada
train/aaaaalhz_0_63.png,8a6bb832b8b6e5c3c46b6e83fa23624a
train/aaaaalie_0_31.png,9d717396e2944847678b43d3e4af7b99
train/aaaaalie_0_42.png,6a82c66e1a1aee4377f5fdd7d441d327
train/aaaaalie_0_51.png,7c931182bd3151ad00b519b933c8b807
train/aaaaalie_0_8.png,a60f9440e7fce1708c1424963eff5b66
train/aaaaalis_0_24.png,d41e8d4c1525eff24879be5347c80392
train/aaaaalis_0_37.png,fe919c94efb74072cafaf6fae53739c9
train/aaaaalis_0_67.png,25e7bbcf41398a84d6a92eb1653b78a2
train/aaaaalis_0_9.png,2952cecf421ced7b0f846098da5d14de
train/aaaaalis_1_23.png,8205f8dc981b03a17031c92cab861eb3
train/aaaaalis_1_44.png,a45443f9bb3e44e3c4fd17bbd800c5b3
train/aaaaalis_1_53.png,ed6f99517456495b348d8fb13c48fa22
train/aaaaalis_1_54.png,1b1640c1c22928090822c9392e8a9c07
train/aaaaalix_0_10.png,74b0a66e29ab2cb69ea62c4883c277fe
train/aaaaalix_0_16.png,71def89f43d5156f77ec46b7e23eafeb
train/aaaaalix_0_31.png,d18a016c23af0bb04d27e79e31951968
train/aaaaalix_0_63.png,2868c7e3b352985b7fe45a7656e6e634
train/aaaaalji_0_16.png,0d8a112a7e0df68a1c9d091fa9d394a8
train/aaaaalji_0_2.png,17ad38c86b57630d51a49b8fb526bc0c
train/aaaaalji_0_43.png,d2febf96785aab9a8bf7ab22831f6061
train/aaaaalji_0_64.png,5bd88f9c88b1baec0ec26ee0ea75bd0a
train/aaaaaljt_0_30.png,8cdab9cd3d07aba4074e4b0bab8ae83a
train/aaaaaljt_0_31.png,f9ced71f02f125f71374721f9b97272a
train/aaaaaljt_0_35.png,7a818bcef82a7e602d5c8ca43005a6cb
train/aaaaaljt_0_75.png,82b6bb779b8e2c53fa4644923396804d
train/aaaaalkm_0_0.png,efc620c13c1e6ec0ef7803caaf22a931
train/aaaaalkm_0_1.png,b2cdd428f077b96b3d0f38a36524032a
train/aaaaalkm_0_4.png,a12ee9cefacb574cba4d1925ff2d39fe
train/aaaaalkm_0_46.png,d61e8b073afea6511eb0265df39b6f4b
train/aaaaalla_0_21.png,0a457cbf7020435e4adcff3eea9e19e0
train/aaaaalla_0_26.png,17e08f901d29023a85be10df82c9292c
train/aaaaalla_0_38.png,baf35ff175bf8ed57eadc970a1a52108
train/aaaaalla_0_48.png,8743f107540c01a97b493191cacdcf72
train/aaaaallr_0_12.png,f9e5ca7c44d6e8a817ca6392e88c536f
train/aaaaallr_0_16.png,a718e1b37635eee31e92828d98f8d2e9
train/aaaaallr_0_20.png,d26926c6489335d6fa7fdfd74de29fd3
train/aaaaallr_0_8.png,44dd3a888cdb0362196f3efeaf953a88
train/aaaaallu_0_31.png,44dbae5454bd02563a7cf3f9bad8c45b
train/aaaaallu_0_33.png,598e33d0601244363cbd8007e1bab340
train/aaaaallu_0_49.png,9c1f29a489390269019ab0d042a9c22c
train/aaaaallu_0_50.png,4e809a52b2dfb366be8fed8d1225b714
train/aaaaallv_0_26.png,c9c5d48f29673902068a966d5ca8bd07
train/aaaaallv_0_37.png,d5f2f0127569c3301fa3d4953bd4e4f3
train/aaaaallv_0_51.png,9c48d2a755b8a0bd6f7303739a682690
train/aaaaallv_0_56.png,e558c754e53721f6caed87fb8765804e
train/aaaaalmf_0_18.png,2ff9be8ce1405ca5b5c6f3cab99c41d8
train/aaaaalmf_0_21.png,577a664d3ff1cec04ce0e1c6a1e1b0ce
train/aaaaalmf_0_30.png,78d1293cb184eb8b480be64b6b36b45d
train/aaaaalmf_0_56.png,7a5f2f263e9d56d2abe5b51b18683dec
train/aaaaalmg_0_27.png,8ac85268f2371d922a83124675cbe265
train/aaaaalmg_0_33.png,fa24751c5b30d04b4a7ff003fae315b0
train/aaaaalmg_0_39.png,263c1aa8ccb53da008ebc135bd4c84a3
train/aaaaalmg_0_58.png,3986a4119486652d9264cb63f26f7721
train/aaaaalmi_0_12.png,b72b6e0381391774a054844ac4e8d4df
train/aaaaalmi_0_21.png,9b1836822ab019cc42ecdfede0999d3a
train/aaaaalmi_0_29.png,ebe5a3e48992bcc80a6b32a67745afcd
train/aaaaalmi_0_65.png,a925dc6cdcf68e2dbde21b5562fdcba2
train/aaaaalnc_0_24.png,2f7154ca3f228fce0160d9ad66e9a37f
train/aaaaalnc_0_34.png,fe61afbeb8f222db2e80d859ebc1fb7a
train/aaaaalnc_0_42.png,512cce2580343af4ea703408d4b9cffb
train/aaaaalnc_0_52.png,ffe631e67da3d305ba341f4dd33f76c8
train/aaaaalnf_0_27.png,34b02854e461487523fd1da6ac9c1362
train/aaaaalnf_0_34.png,755ee045ea29d7e016b3979bf25f9b40
train/aaaaalnf_0_47.png,fe2ec607836191ab4fd73fdd8e42c962
train/aaaaalnf_0_55.png,34cc074cc1bf093f6efb1691c23e37bd
train/aaaaalnr_0_23.png,157d48ae62bf7754504eb62e4ff9a28c
train/aaaaalnr_0_26.png,5978dd8ee2242603d60f7c6b73fb4c94
train/aaaaalnr_0_47.png,24038fc53d8d26eebba1bd0bb73846a8
train/aaaaalnr_0_58.png,4360ca8c0d85bfee220ecebe4efc8f73
train/aaaaalnu_0_12.png,8e86aa98e4ed63d5023776cba331c55a
train/aaaaalnu_0_16.png,b70820eb4e631f81c0dac4a53de89cc0
train/aaaaalnu_0_17.png,db9addcc315599a511d4d02f45e786ac
train/aaaaalnu_0_38.png,52148a1bb54157bdb5276f2ea6b6aae5
train/aaaaaloe_0_18.png,26e6529a7c70a973203d2678e912056b
train/aaaaaloe_0_27.png,eada04c6c9821fcb8cb8afffe5fd6c73
train/aaaaaloe_0_47.png,d8563fb34368a895c4ebe16e0a84b90e
train/aaaaaloe_0_51.png,9a7f0d386b7b55fecfc9d984c5841f69
train/aaaaaloi_0_3.png,dc8b57d544fd96e4c897d828bba25ed8
train/aaaaaloi_0_48.png,44d3e15c6337de05d0b78c985aa13afe
train/aaaaaloi_0_54.png,1a7319304b450533b55ebd39630f77a2
train/aaaaaloi_0_59.png,a401a65401a23905f94024caa649b5b9
train/aaaaalou_0_30.png,63a645828b91fffa9dddfddfc34a0fa1
train/aaaaalou_0_33.png,5a726d43884977497a00330d6cfeba17
train/aaaaalou_0_42.png,0acec7c0ef777769778c7be08af07164
train/aaaaalou_0_53.png,6670b7f1196156c2011de230952b1c95
train/aaaaalov_0_0.png,044e9843dad2ff6d08a9b7603d20a332
train/aaaaalov_0_35.png,9967668d317239ddec41b46426d52069
train/aaaaalov_0_39.png,db4bc806feb92e99a8115fd24e7dcb91
train/aaaaalov_0_4.png,90f3dd00a30b009eba2222cddd8583b4
train/aaaaalpe_0_13.png,423bbe68fc5857fc99e3b138077d8feb
train/aaaaalpe_0_19.png,7a3773147e006c87a141a32e186147df
train/aaaaalpe_0_36.png,15cccc6c7f49275512829ec6ef9cc8e9
train/aaaaalpe_0_53.png,6c90d3dbe84efbd754823c13bc069b83
train/aaaaalph_0_14.png,ac44d9a371845b7f78aad6b9b1c00b50
train/aaaaalph_0_44.png,6eddde16477eff85654a43b31fd072aa
train/aaaaalph_0_54.png,cdec2015ec5dcc39908e344bb60fac2b
train/aaaaalph_0_57.png,1c7f74fcfc8ebfc9f7e702406d7b45e2
train/aaaaalpl_0_10.png,cca93508104e5a4c9f303245fd1e9e9d
train/aaaaalpl_0_38.png,1f97599b506109e852d745e1f3d3ed6f
train/aaaaalpl_0_46.png,1350214d174636dd68820b1901c55af5
train/aaaaalpl_0_61.png,ab08167cba1b68378cb62a182c28a220
train/aaaaalpq_0_25.png,bf702bc80e7d31d137f004b8cc493c12
train/aaaaalpq_0_33.png,e2037293ed4ad06c8932c62ff408711f
train/aaaaalpq_0_37.png,0fda1b0633d9377cc8c1313d1c6d2c53
train/aaaaalpq_0_43.png,b29f94d7f305f2ebeb463c4b18721b43
train/aaaaalqv_0_13.png,1931c6345d897de12094833cbb1ceab6
train/aaaaalqv_0_15.png,db09f5cfccbdf4a7575302c352836641
train/aaaaalqv_0_4.png,bb33741960453e67a43d51309aaa2f93
train/aaaaalqv_0_52.png,958b9a4a2c32f5660e1312cfe892b831
train/aaaaalqy_0_14.png,62967a3030472803164d27da0aa4485f
train/aaaaalqy_0_18.png,467788c2fdff3525fb10da709e59a496
train/aaaaalqy_0_31.png,241dbf44c750278a043a0ad42e5ee362
train/aaaaalqy_0_8.png,99904f055e622f44f6e6fd52c6936778
train/aaaaalre_0_21.png,fb1cf6aad5886ac92b279cb33e612344
train/aaaaalre_0_3.png,5d370fffe77cfafdcddb316602821320
train/aaaaalre_0_38.png,d34e0a372efb4cdac66842ca5d9dc0a3
train/aaaaalre_0_39.png,8dfa30b38a20e16520ee9904d789be93
train/aaaaalrv_0_10.png,8cfadee05cb5805161f14e5600950b49
train/aaaaalrv_0_14.png,652c50a5711368aafd1f9cb2e06b760d
train/aaaaalrv_0_43.png,d0c0e3953140df2a61f5fe71dfdea341
train/aaaaalrv_0_68.png,b89283082926c309a9b26938a9a156d2
train/aaaaalsr_0_0.png,028969a240177bc39844b5168fb379fe
train/aaaaalsr_0_34.png,c442a89ccafb59cc8b6a59dd3e81c5a6
train/aaaaalsr_0_38.png,986656492985714be529a3c47c1bc720
train/aaaaalsr_0_56.png,24d373b7113f9cc56b5fd00d58135e89
train/aaaaalsz_0_3.png,7da610b31e64d375ecc30687fae919da
train/aaaaalsz_0_48.png,6a4db08d9c3c485edc20b5b22b4c8c52
train/aaaaalsz_0_52.png,ee6b0527a541768af007260b5aa3630d
train/aaaaalsz_0_68.png,daa446cb481fef1ae8ab78e6cc850008
train/aaaaalsz_1_18.png,eb1e417a364cddb424847bd36812d378
train/aaaaalsz_1_3.png,5670879abadcae5b6de4c5e2c8ad9cec
train/aaaaalsz_1_37.png,980949e587e97a6f9efa2886c686b55d
train/aaaaalsz_1_49.png,2c49174bbcc317a69106df1ed7db63b0
train/aaaaaltg_0_12.png,069ab200b9c9afb52b1fb3836781ca46
train/aaaaaltg_0_17.png,a20ce0e2e876d878934ad4f5047b8ede
train/aaaaaltg_0_31.png,3afc67cc259c77eea11d76e56e8a7f0f
train/aaaaaltg_0_61.png,2f8ea7ecb481bdd87ca074fa1795b836
train/aaaaaluf_0_23.png,ca9fff14fea8b7d98bebd2e6117aa13c
train/aaaaaluf_0_3.png,c5af5facbd38a36845020c32424c659b
train/aaaaaluf_0_50.png,423bc4e4af339b7ec11487c337200c89
train/aaaaaluf_0_53.png,59f6e8fd41a5bbfb2c9bb55c377a0fd0
